transaction_id,store_id,store_region,loyalty_flag,payment_type,total_quantity,distinct_products,transaction_value
TXN-0000001,ST-TOR-001,Central,Y,Credit,3,2,47.22
TXN-0000002,ST-TOR-001,Central,N,Debit,1,1,6.35
TXN-0000003,ST-TOR-001,Central,Y,Credit,5,2,70.91
TXN-0000004,ST-TOR-001,Central,N,Credit,2,2,20.64
TXN-0000005,ST-TOR-001,Central,N,Credit,4,3,59.80
TXN-0000006,ST-TOR-001,Central,N,Credit,5,2,16.12
TXN-0000007,ST-TOR-001,Central,N,Cash,4,3,47.07
TXN-0000008,ST-TOR-001,Central,Y,Debit,3,1,33.78
TXN-0000009,ST-TOR-001,Central,N,Debit,4,3,36.94
TXN-0000010,ST-TOR-001,Central,N,Debit,7,5,45.30
TXN-0000011,ST-TOR-001,Central,Y,Debit,5,2,63.12
TXN-0000012,ST-TOR-001,Central,Y,Debit,1,1,3.12
TXN-0000013,ST-TOR-001,Central,N,Debit,4,2,63.35
TXN-0000014,ST-TOR-001,Central,Y,Mobile,5,2,26.23
TXN-0000015,ST-TOR-001,Central,Y,Debit,3,3,30.36
TXN-0000016,ST-TOR-001,Central,Y,Debit,4,3,49.23
TXN-0000017,ST-TOR-002,Central,Y,Mobile,3,2,9.88
TXN-0000018,ST-TOR-002,Central,Y,Debit,8,4,47.40
TXN-0000019,ST-TOR-002,Central,Y,Credit,5,3,53.53
TXN-0000020,ST-TOR-002,Central,Y,Credit,11,5,86.22
TXN-0000021,ST-TOR-002,Central,N,Credit,7,3,23.24
TXN-0000022,ST-TOR-002,Central,Y,Credit,5,3,33.76
TXN-0000023,ST-TOR-002,Central,N,Credit,4,2,23.82
TXN-0000024,ST-TOR-002,Central,Y,Credit,3,1,6.72
TXN-0000025,ST-TOR-002,Central,Y,Credit,4,2,23.95
TXN-0000026,ST-TOR-002,Central,Y,Credit,4,3,50.39
TXN-0000027,ST-TOR-002,Central,Y,Credit,4,2,38.76
TXN-0000028,ST-TOR-002,Central,Y,Cash,2,1,34.84
TXN-0000029,ST-TOR-002,Central,Y,Debit,1,1,13.44
TXN-0000030,ST-TOR-002,Central,Y,Credit,2,2,14.06
TXN-0000031,ST-TOR-002,Central,Y,Debit,4,2,45.82
TXN-0000032,ST-TOR-002,Central,Y,Credit,6,4,50.59
TXN-0000033,ST-SCA-001,Central,N,Credit,9,6,109.65
TXN-0000034,ST-SCA-001,Central,Y,Cash,4,1,51.76
TXN-0000035,ST-SCA-001,Central,Y,Credit,6,3,64.03
TXN-0000036,ST-SCA-001,Central,Y,Debit,6,5,58.61
TXN-0000037,ST-SCA-001,Central,Y,Debit,5,4,56.38
TXN-0000038,ST-SCA-001,Central,Y,Mobile,5,5,52.61
TXN-0000039,ST-SCA-001,Central,Y,Debit,4,3,22.57
TXN-0000040,ST-SCA-001,Central,Y,Debit,3,2,13.40
TXN-0000041,ST-SCA-001,Central,Y,Credit,10,6,127.33
TXN-0000042,ST-SCA-001,Central,Y,Debit,7,5,47.96
TXN-0000043,ST-SCA-001,Central,N,Debit,4,3,26.37
TXN-0000044,ST-SCA-001,Central,Y,Credit,4,3,21.83
TXN-0000045,ST-SCA-001,Central,N,Debit,5,5,44.49
TXN-0000046,ST-SCA-001,Central,N,Debit,8,5,77.80
TXN-0000047,ST-SCA-001,Central,Y,Debit,6,5,49.75
TXN-0000048,ST-SCA-001,Central,N,Debit,1,1,10.67
TXN-0000049,ST-MIS-001,Central,Y,Credit,4,3,35.40
TXN-0000050,ST-MIS-001,Central,Y,Credit,2,1,25.16
TXN-0000051,ST-MIS-001,Central,Y,Debit,6,4,62.13
TXN-0000052,ST-MIS-001,Central,N,Cash,10,4,63.16
TXN-0000053,ST-MIS-001,Central,Y,Credit,3,2,26.94
TXN-0000054,ST-MIS-001,Central,Y,Credit,5,2,52.52
TXN-0000055,ST-MIS-001,Central,N,Debit,4,3,25.48
TXN-0000056,ST-MIS-001,Central,Y,Credit,5,3,40.09
TXN-0000057,ST-MIS-001,Central,N,Credit,4,3,59.44
TXN-0000058,ST-MIS-001,Central,N,Debit,3,2,42.37
TXN-0000059,ST-MIS-001,Central,N,Debit,3,3,27.55
TXN-0000060,ST-MIS-001,Central,Y,Mobile,9,6,85.15
TXN-0000061,ST-MIS-001,Central,N,Cash,4,4,41.37
TXN-0000062,ST-MIS-001,Central,Y,Debit,1,1,15.87
TXN-0000063,ST-MIS-001,Central,Y,Credit,7,3,49.35
TXN-0000064,ST-BRA-001,Central,Y,Debit,5,4,44.31
TXN-0000065,ST-BRA-001,Central,Y,Debit,2,2,16.78
TXN-0000066,ST-BRA-001,Central,Y,Debit,1,1,3.23
TXN-0000067,ST-BRA-001,Central,N,Mobile,4,4,34.49
TXN-0000068,ST-BRA-001,Central,N,Debit,2,1,30.80
TXN-0000069,ST-BRA-001,Central,Y,Cash,2,2,10.66
TXN-0000070,ST-BRA-001,Central,N,Debit,5,4,54.66
TXN-0000071,ST-BRA-001,Central,Y,Credit,7,4,77.90
TXN-0000072,ST-BRA-001,Central,Y,Mobile,5,5,50.14
TXN-0000073,ST-BRA-001,Central,Y,Credit,5,5,56.75
TXN-0000074,ST-HAM-001,Central,Y,Credit,7,5,79.09
TXN-0000075,ST-HAM-001,Central,Y,Debit,6,4,48.62
TXN-0000076,ST-HAM-001,Central,N,Debit,5,3,48.33
TXN-0000077,ST-HAM-001,Central,Y,Cash,8,5,101.35
TXN-0000078,ST-HAM-001,Central,Y,Credit,3,2,40.25
TXN-0000079,ST-HAM-001,Central,Y,Debit,4,4,41.41
TXN-0000080,ST-HAM-001,Central,Y,Debit,3,3,17.24
TXN-0000081,ST-HAM-001,Central,Y,Mobile,5,3,49.16
TXN-0000082,ST-HAM-001,Central,Y,Cash,5,2,24.40
TXN-0000083,ST-HAM-001,Central,Y,Cash,4,2,36.42
TXN-0000084,ST-HAM-001,Central,Y,Cash,2,2,20.30
TXN-0000085,ST-KIT-001,Central,Y,Debit,3,3,23.86
TXN-0000086,ST-KIT-001,Central,Y,Credit,4,2,25.64
TXN-0000087,ST-KIT-001,Central,Y,Debit,3,2,39.79
TXN-0000088,ST-KIT-001,Central,Y,Credit,6,3,45.31
TXN-0000089,ST-KIT-001,Central,Y,Mobile,5,3,34.46
TXN-0000090,ST-KIT-001,Central,Y,Cash,2,2,13.15
TXN-0000091,ST-KIT-001,Central,Y,Credit,1,1,16.20
TXN-0000092,ST-KIT-001,Central,N,Credit,4,4,50.47
TXN-0000093,ST-KIT-001,Central,N,Credit,2,2,7.67
TXN-0000094,ST-KIT-001,Central,Y,Credit,6,4,64.03
TXN-0000095,ST-LON-001,Central,Y,Mobile,7,5,90.37
TXN-0000096,ST-LON-001,Central,Y,Credit,1,1,7.32
TXN-0000097,ST-LON-001,Central,N,Debit,4,2,44.76
TXN-0000098,ST-LON-001,Central,Y,Credit,3,2,12.57
TXN-0000099,ST-LON-001,Central,Y,Debit,4,4,42.79
TXN-0000100,ST-LON-001,Central,N,Cash,5,3,64.06
TXN-0000101,ST-LON-001,Central,N,Credit,8,4,85.86
TXN-0000102,ST-LON-001,Central,Y,Debit,6,4,87.86
TXN-0000103,ST-LON-001,Central,Y,Credit,7,3,86.19
TXN-0000104,ST-LON-001,Central,Y,Credit,2,2,9.84
TXN-0000105,ST-LON-001,Central,N,Credit,3,2,22.31
TXN-0000106,ST-OTT-001,Eastern,N,Credit,2,2,13.48
TXN-0000107,ST-OTT-001,Eastern,N,Credit,6,5,59.44
TXN-0000108,ST-OTT-001,Eastern,Y,Debit,7,5,59.26
TXN-0000109,ST-OTT-001,Eastern,N,Credit,3,3,31.50
TXN-0000110,ST-OTT-001,Eastern,Y,Debit,7,6,85.29
TXN-0000111,ST-OTT-001,Eastern,Y,Debit,6,3,82.73
TXN-0000112,ST-OTT-001,Eastern,N,Cash,3,2,23.05
TXN-0000113,ST-OTT-001,Eastern,Y,Credit,2,2,18.63
TXN-0000114,ST-OTT-001,Eastern,Y,Debit,5,3,34.88
TXN-0000115,ST-OTT-001,Eastern,Y,Debit,5,4,41.76
TXN-0000116,ST-OTT-001,Eastern,N,Credit,5,3,41.60
TXN-0000117,ST-OTT-001,Eastern,Y,Debit,1,1,11.83
TXN-0000118,ST-OTT-001,Eastern,N,Debit,5,3,25.89
TXN-0000119,ST-OTT-001,Eastern,Y,Cash,6,4,68.75
TXN-0000120,ST-OTT-001,Eastern,Y,Mobile,4,3,22.74
TXN-0000121,ST-OTT-001,Eastern,N,Debit,5,3,31.16
TXN-0000122,ST-OTT-001,Eastern,Y,Credit,4,3,20.23
TXN-0000123,ST-OTT-002,Eastern,Y,Credit,3,2,42.26
TXN-0000124,ST-OTT-002,Eastern,Y,Credit,2,2,33.88
TXN-0000125,ST-OTT-002,Eastern,Y,Debit,4,4,44.98
TXN-0000126,ST-OTT-002,Eastern,Y,Debit,5,3,58.24
TXN-0000127,ST-OTT-002,Eastern,N,Cash,6,5,55.13
TXN-0000128,ST-OTT-002,Eastern,Y,Cash,2,2,13.14
TXN-0000129,ST-OTT-002,Eastern,Y,Credit,1,1,4.31
TXN-0000130,ST-OTT-002,Eastern,Y,Cash,5,4,66.35
TXN-0000131,ST-OTT-002,Eastern,Y,Credit,5,3,56.21
TXN-0000132,ST-OTT-002,Eastern,Y,Debit,2,1,25.70
TXN-0000133,ST-OTT-002,Eastern,Y,Debit,1,1,17.07
TXN-0000134,ST-OTT-002,Eastern,Y,Credit,3,2,35.14
TXN-0000135,ST-OTT-002,Eastern,Y,Debit,7,5,43.03
TXN-0000136,ST-OTT-002,Eastern,Y,Cash,3,3,34.60
TXN-0000137,ST-CAL-001,Western,Y,Credit,7,4,60.73
TXN-0000138,ST-CAL-001,Western,Y,Credit,3,3,30.68
TXN-0000139,ST-CAL-001,Western,Y,Credit,8,4,36.21
TXN-0000140,ST-CAL-001,Western,Y,Mobile,3,3,17.93
TXN-0000141,ST-CAL-001,Western,Y,Credit,8,5,69.49
TXN-0000142,ST-CAL-001,Western,N,Credit,4,2,19.18
TXN-0000143,ST-CAL-001,Western,N,Cash,3,2,19.64
TXN-0000144,ST-CAL-001,Western,N,Credit,6,4,56.50
TXN-0000145,ST-CAL-001,Western,N,Credit,9,6,96.60
TXN-0000146,ST-CAL-001,Western,Y,Credit,7,3,23.75
TXN-0000147,ST-CAL-001,Western,Y,Credit,1,1,3.03
TXN-0000148,ST-CAL-001,Western,Y,Credit,6,3,30.07
TXN-0000149,ST-CAL-001,Western,N,Credit,10,5,86.52
TXN-0000150,ST-CAL-001,Western,N,Mobile,5,2,54.67
TXN-0000151,ST-CAL-001,Western,Y,Credit,5,2,42.64
TXN-0000152,ST-EDM-001,Western,Y,Cash,3,2,39.23
TXN-0000153,ST-EDM-001,Western,Y,Mobile,5,4,58.41
TXN-0000154,ST-EDM-001,Western,Y,Credit,6,5,68.04
TXN-0000155,ST-EDM-001,Western,Y,Credit,4,3,53.62
TXN-0000156,ST-EDM-001,Western,Y,Credit,7,4,65.29
TXN-0000157,ST-EDM-001,Western,Y,Credit,13,7,128.72
TXN-0000158,ST-EDM-001,Western,Y,Credit,5,2,61.38
TXN-0000159,ST-EDM-001,Western,Y,Debit,5,4,43.89
TXN-0000160,ST-TOR-001,Central,N,Debit,5,5,33.21
TXN-0000161,ST-TOR-001,Central,Y,Credit,3,3,23.74
TXN-0000162,ST-TOR-001,Central,Y,Cash,3,2,33.01
TXN-0000163,ST-TOR-001,Central,N,Cash,3,3,7.60
TXN-0000164,ST-TOR-001,Central,Y,Credit,3,3,17.28
TXN-0000165,ST-TOR-001,Central,Y,Debit,7,3,83.91
TXN-0000166,ST-TOR-001,Central,Y,Mobile,4,3,16.20
TXN-0000167,ST-TOR-001,Central,Y,Debit,3,2,8.71
TXN-0000168,ST-TOR-001,Central,N,Credit,8,4,100.46
TXN-0000169,ST-TOR-001,Central,N,Debit,2,2,15.33
TXN-0000170,ST-TOR-001,Central,Y,Mobile,7,3,68.20
TXN-0000171,ST-TOR-002,Central,Y,Credit,7,3,35.94
TXN-0000172,ST-TOR-002,Central,Y,Credit,5,3,27.70
TXN-0000173,ST-TOR-002,Central,Y,Cash,2,1,30.14
TXN-0000174,ST-TOR-002,Central,Y,Debit,4,3,51.00
TXN-0000175,ST-TOR-002,Central,Y,Credit,1,1,9.90
TXN-0000176,ST-TOR-002,Central,N,Debit,1,1,5.01
TXN-0000177,ST-TOR-002,Central,Y,Credit,1,1,5.35
TXN-0000178,ST-TOR-002,Central,Y,Debit,5,4,48.54
TXN-0000179,ST-TOR-002,Central,N,Credit,4,2,46.42
TXN-0000180,ST-TOR-002,Central,N,Debit,7,5,78.93
TXN-0000181,ST-TOR-002,Central,Y,Cash,2,2,15.18
TXN-0000182,ST-TOR-002,Central,Y,Credit,7,4,65.86
TXN-0000183,ST-SCA-001,Central,Y,Credit,7,4,28.18
TXN-0000184,ST-SCA-001,Central,Y,Debit,5,5,36.84
TXN-0000185,ST-SCA-001,Central,Y,Mobile,8,5,54.30
TXN-0000186,ST-SCA-001,Central,Y,Mobile,3,2,42.86
TXN-0000187,ST-SCA-001,Central,Y,Credit,5,3,49.11
TXN-0000188,ST-SCA-001,Central,Y,Credit,6,3,72.20
TXN-0000189,ST-SCA-001,Central,N,Debit,4,3,50.32
TXN-0000190,ST-SCA-001,Central,Y,Debit,5,2,63.92
TXN-0000191,ST-SCA-001,Central,N,Credit,5,3,55.67
TXN-0000192,ST-SCA-001,Central,Y,Debit,3,1,34.38
TXN-0000193,ST-SCA-001,Central,Y,Debit,9,6,62.55
TXN-0000194,ST-SCA-001,Central,Y,Cash,7,4,66.55
TXN-0000195,ST-SCA-001,Central,Y,Credit,6,4,68.95
TXN-0000196,ST-SCA-001,Central,Y,Credit,4,3,20.77
TXN-0000197,ST-MIS-001,Central,Y,Credit,8,6,48.88
TXN-0000198,ST-MIS-001,Central,Y,Debit,4,3,11.62
TXN-0000199,ST-MIS-001,Central,Y,Credit,6,5,43.93
TXN-0000200,ST-MIS-001,Central,Y,Cash,6,4,58.40
TXN-0000201,ST-MIS-001,Central,N,Mobile,4,3,27.89
TXN-0000202,ST-MIS-001,Central,N,Credit,7,4,95.85
TXN-0000203,ST-MIS-001,Central,Y,Credit,7,3,80.47
TXN-0000204,ST-MIS-001,Central,Y,Credit,4,3,33.48
TXN-0000205,ST-MIS-001,Central,Y,Mobile,5,3,49.48
TXN-0000206,ST-MIS-001,Central,Y,Credit,3,2,26.64
TXN-0000207,ST-MIS-001,Central,N,Credit,8,4,86.99
TXN-0000208,ST-MIS-001,Central,Y,Credit,5,3,32.25
TXN-0000209,ST-MIS-001,Central,N,Debit,4,3,34.36
TXN-0000210,ST-MIS-001,Central,N,Credit,8,3,54.73
TXN-0000211,ST-MIS-001,Central,Y,Credit,4,2,32.32
TXN-0000212,ST-BRA-001,Central,Y,Credit,2,1,14.56
TXN-0000213,ST-BRA-001,Central,Y,Debit,3,2,38.79
TXN-0000214,ST-BRA-001,Central,N,Credit,3,1,33.72
TXN-0000215,ST-BRA-001,Central,N,Debit,3,3,41.74
TXN-0000216,ST-BRA-001,Central,Y,Credit,2,2,19.90
TXN-0000217,ST-BRA-001,Central,N,Credit,4,3,29.57
TXN-0000218,ST-BRA-001,Central,Y,Debit,1,1,6.14
TXN-0000219,ST-BRA-001,Central,Y,Credit,2,2,8.38
TXN-0000220,ST-BRA-001,Central,Y,Debit,2,2,13.91
TXN-0000221,ST-BRA-001,Central,N,Debit,8,4,31.53
TXN-0000222,ST-BRA-001,Central,Y,Debit,2,2,9.83
TXN-0000223,ST-BRA-001,Central,Y,Debit,3,3,18.50
TXN-0000224,ST-BRA-001,Central,Y,Debit,4,4,34.60
TXN-0000225,ST-BRA-001,Central,N,Credit,6,4,70.59
TXN-0000226,ST-BRA-001,Central,Y,Credit,1,1,5.32
TXN-0000227,ST-BRA-001,Central,N,Credit,3,2,9.53
TXN-0000228,ST-BRA-001,Central,Y,Credit,5,3,49.75
TXN-0000229,ST-BRA-001,Central,N,Debit,3,3,40.90
TXN-0000230,ST-HAM-001,Central,Y,Credit,3,2,7.73
TXN-0000231,ST-HAM-001,Central,Y,Debit,7,3,99.84
TXN-0000232,ST-HAM-001,Central,N,Credit,3,2,32.37
TXN-0000233,ST-HAM-001,Central,Y,Mobile,4,2,51.82
TXN-0000234,ST-HAM-001,Central,Y,Credit,6,4,54.55
TXN-0000235,ST-HAM-001,Central,Y,Credit,3,3,21.40
TXN-0000236,ST-HAM-001,Central,Y,Credit,2,2,9.69
TXN-0000237,ST-HAM-001,Central,Y,Credit,4,2,22.17
TXN-0000238,ST-HAM-001,Central,Y,Credit,1,1,12.94
TXN-0000239,ST-HAM-001,Central,Y,Debit,4,4,43.87
TXN-0000240,ST-HAM-001,Central,Y,Mobile,3,2,27.10
TXN-0000241,ST-HAM-001,Central,N,Cash,5,2,59.60
TXN-0000242,ST-HAM-001,Central,Y,Mobile,6,3,38.79
TXN-0000243,ST-HAM-001,Central,N,Credit,9,5,76.54
TXN-0000244,ST-HAM-001,Central,N,Cash,4,3,37.12
TXN-0000245,ST-HAM-001,Central,N,Credit,11,6,90.41
TXN-0000246,ST-HAM-001,Central,N,Debit,6,4,56.24
TXN-0000247,ST-KIT-001,Central,Y,Credit,1,1,6.26
TXN-0000248,ST-KIT-001,Central,Y,Debit,4,4,39.32
TXN-0000249,ST-KIT-001,Central,N,Debit,1,1,3.26
TXN-0000250,ST-KIT-001,Central,Y,Credit,2,2,11.67
TXN-0000251,ST-LON-001,Central,N,Credit,3,2,28.26
TXN-0000252,ST-LON-001,Central,Y,Debit,3,3,19.35
TXN-0000253,ST-LON-001,Central,Y,Debit,9,6,70.03
TXN-0000254,ST-LON-001,Central,Y,Debit,2,2,28.42
TXN-0000255,ST-LON-001,Central,Y,Credit,10,6,121.15
TXN-0000256,ST-LON-001,Central,Y,Debit,6,4,89.80
TXN-0000257,ST-LON-001,Central,N,Debit,7,5,52.12
TXN-0000258,ST-LON-001,Central,Y,Debit,3,2,39.93
TXN-0000259,ST-LON-001,Central,N,Debit,4,3,37.53
TXN-0000260,ST-LON-001,Central,N,Credit,8,3,71.94
TXN-0000261,ST-OTT-001,Eastern,N,Debit,6,4,75.94
TXN-0000262,ST-OTT-001,Eastern,N,Debit,3,3,22.39
TXN-0000263,ST-OTT-001,Eastern,Y,Credit,8,4,57.83
TXN-0000264,ST-OTT-001,Eastern,N,Mobile,6,3,36.44
TXN-0000265,ST-OTT-001,Eastern,Y,Debit,5,4,40.68
TXN-0000266,ST-OTT-001,Eastern,N,Credit,9,6,79.35
TXN-0000267,ST-OTT-001,Eastern,Y,Credit,3,2,15.38
TXN-0000268,ST-OTT-001,Eastern,Y,Debit,4,3,16.08
TXN-0000269,ST-OTT-001,Eastern,Y,Mobile,4,4,37.28
TXN-0000270,ST-OTT-001,Eastern,Y,Cash,5,4,56.29
TXN-0000271,ST-OTT-001,Eastern,Y,Credit,4,2,8.90
TXN-0000272,ST-OTT-001,Eastern,N,Debit,4,3,26.67
TXN-0000273,ST-OTT-001,Eastern,N,Cash,2,1,30.00
TXN-0000274,ST-OTT-001,Eastern,Y,Debit,1,1,11.04
TXN-0000275,ST-OTT-002,Eastern,N,Cash,3,3,13.10
TXN-0000276,ST-OTT-002,Eastern,Y,Credit,2,1,22.34
TXN-0000277,ST-OTT-002,Eastern,Y,Debit,8,4,81.49
TXN-0000278,ST-OTT-002,Eastern,Y,Debit,3,2,29.12
TXN-0000279,ST-OTT-002,Eastern,Y,Credit,6,4,73.39
TXN-0000280,ST-OTT-002,Eastern,Y,Mobile,5,3,23.23
TXN-0000281,ST-OTT-002,Eastern,Y,Debit,5,4,40.65
TXN-0000282,ST-OTT-002,Eastern,N,Credit,3,2,32.96
TXN-0000283,ST-OTT-002,Eastern,Y,Debit,4,2,50.48
TXN-0000284,ST-CAL-001,Western,Y,Credit,4,2,41.06
TXN-0000285,ST-CAL-001,Western,Y,Debit,8,3,78.04
TXN-0000286,ST-CAL-001,Western,Y,Debit,4,3,19.25
TXN-0000287,ST-CAL-001,Western,N,Credit,6,5,53.99
TXN-0000288,ST-CAL-001,Western,Y,Credit,6,3,45.95
TXN-0000289,ST-CAL-001,Western,N,Credit,4,3,46.85
TXN-0000290,ST-CAL-001,Western,Y,Cash,11,5,107.18
TXN-0000291,ST-CAL-001,Western,Y,Credit,9,3,125.26
TXN-0000292,ST-CAL-001,Western,Y,Credit,5,3,63.90
TXN-0000293,ST-CAL-001,Western,N,Credit,6,4,54.52
TXN-0000294,ST-CAL-001,Western,Y,Credit,6,3,35.38
TXN-0000295,ST-CAL-001,Western,Y,Debit,5,4,52.88
TXN-0000296,ST-CAL-001,Western,Y,Credit,7,3,62.53
TXN-0000297,ST-EDM-001,Western,Y,Cash,11,5,87.63
TXN-0000298,ST-EDM-001,Western,N,Credit,1,1,1.86
TXN-0000299,ST-EDM-001,Western,Y,Debit,6,5,50.28
TXN-0000300,ST-EDM-001,Western,Y,Credit,7,5,56.85
TXN-0000301,ST-EDM-001,Western,Y,Cash,1,1,15.39
TXN-0000302,ST-EDM-001,Western,N,Credit,2,1,17.02
TXN-0000303,ST-EDM-001,Western,N,Credit,7,3,34.72
TXN-0000304,ST-EDM-001,Western,Y,Debit,9,5,63.51
TXN-0000305,ST-EDM-001,Western,Y,Credit,3,3,29.87
TXN-0000306,ST-EDM-001,Western,N,Credit,7,6,93.66
TXN-0000307,ST-EDM-001,Western,Y,Credit,6,4,60.49
TXN-0000308,ST-EDM-001,Western,N,Debit,10,6,82.29
TXN-0000309,ST-TOR-001,Central,Y,Credit,4,2,36.28
TXN-0000310,ST-TOR-001,Central,Y,Credit,1,1,10.82
TXN-0000311,ST-TOR-001,Central,N,Cash,2,1,10.96
TXN-0000312,ST-TOR-001,Central,Y,Credit,6,4,50.35
TXN-0000313,ST-TOR-001,Central,N,Credit,6,4,51.30
TXN-0000314,ST-TOR-001,Central,Y,Credit,9,4,72.54
TXN-0000315,ST-TOR-001,Central,Y,Credit,3,1,21.27
TXN-0000316,ST-TOR-001,Central,Y,Credit,3,2,23.78
TXN-0000317,ST-TOR-001,Central,Y,Credit,3,3,36.39
TXN-0000318,ST-TOR-001,Central,Y,Debit,1,1,4.92
TXN-0000319,ST-TOR-001,Central,Y,Credit,4,4,44.88
TXN-0000320,ST-TOR-001,Central,N,Credit,1,1,15.53
TXN-0000321,ST-TOR-001,Central,Y,Credit,3,2,33.22
TXN-0000322,ST-TOR-001,Central,Y,Mobile,4,3,24.76
TXN-0000323,ST-TOR-001,Central,Y,Cash,8,5,46.43
TXN-0000324,ST-TOR-001,Central,Y,Mobile,13,4,158.14
TXN-0000325,ST-TOR-001,Central,Y,Cash,4,2,55.73
TXN-0000326,ST-TOR-001,Central,Y,Debit,3,2,13.95
TXN-0000327,ST-TOR-001,Central,Y,Credit,1,1,5.44
TXN-0000328,ST-TOR-001,Central,Y,Debit,7,4,29.21
TXN-0000329,ST-TOR-001,Central,Y,Debit,2,1,26.04
TXN-0000330,ST-TOR-001,Central,N,Debit,2,2,12.74
TXN-0000331,ST-TOR-001,Central,N,Credit,2,1,23.64
TXN-0000332,ST-TOR-001,Central,N,Credit,5,3,47.80
TXN-0000333,ST-TOR-001,Central,Y,Cash,5,5,37.53
TXN-0000334,ST-TOR-001,Central,Y,Credit,5,4,37.13
TXN-0000335,ST-TOR-001,Central,Y,Mobile,7,4,65.30
TXN-0000336,ST-TOR-001,Central,Y,Cash,7,6,57.76
TXN-0000337,ST-TOR-001,Central,Y,Cash,8,4,68.49
TXN-0000338,ST-TOR-001,Central,Y,Credit,4,3,51.60
TXN-0000339,ST-TOR-002,Central,N,Cash,3,3,29.22
TXN-0000340,ST-TOR-002,Central,Y,Credit,9,6,86.91
TXN-0000341,ST-TOR-002,Central,Y,Credit,10,4,128.18
TXN-0000342,ST-TOR-002,Central,Y,Debit,6,3,36.82
TXN-0000343,ST-TOR-002,Central,Y,Debit,9,4,104.42
TXN-0000344,ST-TOR-002,Central,Y,Cash,5,5,44.95
TXN-0000345,ST-TOR-002,Central,N,Debit,2,2,13.12
TXN-0000346,ST-TOR-002,Central,N,Cash,4,1,51.28
TXN-0000347,ST-TOR-002,Central,Y,Credit,2,2,11.65
TXN-0000348,ST-TOR-002,Central,Y,Debit,3,2,37.11
TXN-0000349,ST-TOR-002,Central,Y,Credit,7,4,60.59
TXN-0000350,ST-TOR-002,Central,Y,Credit,2,1,30.98
TXN-0000351,ST-TOR-002,Central,Y,Credit,6,4,75.73
TXN-0000352,ST-TOR-002,Central,N,Credit,9,3,103.93
TXN-0000353,ST-TOR-002,Central,Y,Mobile,1,1,7.03
TXN-0000354,ST-TOR-002,Central,Y,Debit,5,3,32.76
TXN-0000355,ST-TOR-002,Central,Y,Cash,1,1,7.74
TXN-0000356,ST-SCA-001,Central,Y,Credit,4,2,31.42
TXN-0000357,ST-SCA-001,Central,Y,Debit,4,4,28.65
TXN-0000358,ST-SCA-001,Central,Y,Debit,4,3,44.96
TXN-0000359,ST-SCA-001,Central,N,Debit,7,5,39.44
TXN-0000360,ST-SCA-001,Central,Y,Debit,7,3,78.64
TXN-0000361,ST-SCA-001,Central,Y,Credit,6,4,56.20
TXN-0000362,ST-SCA-001,Central,N,Credit,3,2,18.35
TXN-0000363,ST-SCA-001,Central,Y,Cash,9,4,66.68
TXN-0000364,ST-SCA-001,Central,Y,Cash,4,3,35.92
TXN-0000365,ST-SCA-001,Central,N,Credit,3,1,33.24
TXN-0000366,ST-SCA-001,Central,Y,Credit,4,3,46.73
TXN-0000367,ST-SCA-001,Central,Y,Debit,6,4,52.03
TXN-0000368,ST-SCA-001,Central,N,Credit,4,2,39.24
TXN-0000369,ST-SCA-001,Central,Y,Debit,5,4,26.47
TXN-0000370,ST-SCA-001,Central,Y,Cash,1,1,15.39
TXN-0000371,ST-SCA-001,Central,Y,Credit,4,4,32.93
TXN-0000372,ST-SCA-001,Central,Y,Mobile,2,2,7.85
TXN-0000373,ST-MIS-001,Central,Y,Debit,3,2,28.48
TXN-0000374,ST-MIS-001,Central,Y,Cash,4,2,32.20
TXN-0000375,ST-MIS-001,Central,Y,Credit,3,2,24.87
TXN-0000376,ST-MIS-001,Central,N,Credit,4,3,42.73
TXN-0000377,ST-MIS-001,Central,Y,Debit,1,1,5.53
TXN-0000378,ST-MIS-001,Central,N,Credit,3,2,13.02
TXN-0000379,ST-MIS-001,Central,N,Cash,7,4,49.65
TXN-0000380,ST-MIS-001,Central,N,Debit,11,6,76.61
TXN-0000381,ST-MIS-001,Central,Y,Credit,6,3,79.26
TXN-0000382,ST-BRA-001,Central,Y,Debit,6,3,32.57
TXN-0000383,ST-BRA-001,Central,N,Debit,3,2,26.65
TXN-0000384,ST-BRA-001,Central,Y,Credit,6,3,68.66
TXN-0000385,ST-BRA-001,Central,Y,Debit,2,2,18.12
TXN-0000386,ST-BRA-001,Central,Y,Debit,3,2,17.39
TXN-0000387,ST-BRA-001,Central,Y,Credit,4,3,37.24
TXN-0000388,ST-BRA-001,Central,N,Cash,4,3,17.69
TXN-0000389,ST-BRA-001,Central,Y,Debit,8,3,32.23
TXN-0000390,ST-BRA-001,Central,Y,Credit,4,3,51.35
TXN-0000391,ST-BRA-001,Central,N,Debit,6,3,46.30
TXN-0000392,ST-BRA-001,Central,N,Debit,7,4,108.18
TXN-0000393,ST-BRA-001,Central,Y,Credit,3,1,18.87
TXN-0000394,ST-BRA-001,Central,N,Mobile,7,5,72.70
TXN-0000395,ST-BRA-001,Central,Y,Debit,3,2,29.66
TXN-0000396,ST-BRA-001,Central,Y,Credit,2,1,22.44
TXN-0000397,ST-BRA-001,Central,Y,Mobile,1,1,6.29
TXN-0000398,ST-BRA-001,Central,Y,Debit,3,2,17.34
TXN-0000399,ST-HAM-001,Central,N,Debit,5,3,68.25
TXN-0000400,ST-HAM-001,Central,Y,Debit,8,6,90.79
TXN-0000401,ST-HAM-001,Central,Y,Debit,3,3,28.66
TXN-0000402,ST-HAM-001,Central,Y,Credit,3,2,31.06
TXN-0000403,ST-HAM-001,Central,N,Debit,10,6,110.59
TXN-0000404,ST-HAM-001,Central,Y,Mobile,10,7,97.15
TXN-0000405,ST-HAM-001,Central,N,Mobile,3,3,40.06
TXN-0000406,ST-HAM-001,Central,Y,Debit,1,1,12.93
TXN-0000407,ST-HAM-001,Central,Y,Debit,4,3,28.82
TXN-0000408,ST-HAM-001,Central,Y,Credit,2,2,17.84
TXN-0000409,ST-KIT-001,Central,N,Cash,6,5,22.87
TXN-0000410,ST-KIT-001,Central,N,Credit,4,4,36.82
TXN-0000411,ST-KIT-001,Central,Y,Mobile,2,2,15.01
TXN-0000412,ST-KIT-001,Central,N,Credit,4,3,33.96
TXN-0000413,ST-KIT-001,Central,N,Debit,2,2,12.62
TXN-0000414,ST-KIT-001,Central,N,Debit,3,3,31.63
TXN-0000415,ST-KIT-001,Central,N,Credit,3,3,40.21
TXN-0000416,ST-KIT-001,Central,N,Cash,5,4,21.95
TXN-0000417,ST-KIT-001,Central,Y,Credit,5,3,41.72
TXN-0000418,ST-KIT-001,Central,Y,Debit,4,3,50.39
TXN-0000419,ST-KIT-001,Central,Y,Credit,2,1,25.46
TXN-0000420,ST-KIT-001,Central,Y,Credit,3,3,35.53
TXN-0000421,ST-KIT-001,Central,Y,Mobile,1,1,17.20
TXN-0000422,ST-KIT-001,Central,Y,Debit,9,5,61.53
TXN-0000423,ST-LON-001,Central,Y,Debit,2,2,30.58
TXN-0000424,ST-LON-001,Central,Y,Credit,5,4,53.75
TXN-0000425,ST-LON-001,Central,Y,Debit,1,1,8.43
TXN-0000426,ST-LON-001,Central,Y,Debit,4,2,16.64
TXN-0000427,ST-LON-001,Central,Y,Credit,4,3,29.15
TXN-0000428,ST-LON-001,Central,N,Debit,4,3,44.32
TXN-0000429,ST-LON-001,Central,Y,Credit,6,4,52.00
TXN-0000430,ST-OTT-001,Eastern,Y,Debit,3,3,21.04
TXN-0000431,ST-OTT-001,Eastern,Y,Debit,3,3,29.08
TXN-0000432,ST-OTT-001,Eastern,N,Cash,4,3,38.83
TXN-0000433,ST-OTT-001,Eastern,Y,Debit,3,2,29.35
TXN-0000434,ST-OTT-001,Eastern,Y,Credit,6,4,33.89
TXN-0000435,ST-OTT-001,Eastern,Y,Debit,3,2,35.57
TXN-0000436,ST-OTT-001,Eastern,Y,Debit,5,4,45.29
TXN-0000437,ST-OTT-001,Eastern,Y,Credit,6,3,73.23
TXN-0000438,ST-OTT-001,Eastern,Y,Credit,8,4,56.11
TXN-0000439,ST-OTT-001,Eastern,Y,Credit,1,1,15.15
TXN-0000440,ST-OTT-001,Eastern,Y,Mobile,4,2,35.12
TXN-0000441,ST-OTT-001,Eastern,N,Mobile,4,3,25.15
TXN-0000442,ST-OTT-001,Eastern,Y,Credit,5,2,23.63
TXN-0000443,ST-OTT-001,Eastern,Y,Mobile,9,5,93.49
TXN-0000444,ST-OTT-001,Eastern,N,Credit,9,4,97.91
TXN-0000445,ST-OTT-001,Eastern,Y,Debit,4,2,64.61
TXN-0000446,ST-OTT-001,Eastern,Y,Debit,2,2,16.49
TXN-0000447,ST-OTT-001,Eastern,N,Cash,8,4,100.38
TXN-0000448,ST-OTT-001,Eastern,Y,Debit,8,4,89.11
TXN-0000449,ST-OTT-002,Eastern,Y,Debit,4,4,36.26
TXN-0000450,ST-OTT-002,Eastern,Y,Debit,2,2,22.86
TXN-0000451,ST-OTT-002,Eastern,N,Cash,6,4,55.30
TXN-0000452,ST-OTT-002,Eastern,Y,Credit,5,3,27.56
TXN-0000453,ST-OTT-002,Eastern,Y,Credit,4,4,57.55
TXN-0000454,ST-OTT-002,Eastern,N,Credit,3,2,17.91
TXN-0000455,ST-OTT-002,Eastern,Y,Debit,5,2,73.78
TXN-0000456,ST-OTT-002,Eastern,Y,Credit,9,6,114.28
TXN-0000457,ST-OTT-002,Eastern,Y,Debit,4,2,51.03
TXN-0000458,ST-OTT-002,Eastern,Y,Mobile,1,1,3.30
TXN-0000459,ST-OTT-002,Eastern,N,Debit,7,4,35.64
TXN-0000460,ST-OTT-002,Eastern,Y,Debit,2,2,6.54
TXN-0000461,ST-OTT-002,Eastern,Y,Credit,5,4,44.50
TXN-0000462,ST-CAL-001,Western,N,Debit,4,2,38.18
TXN-0000463,ST-CAL-001,Western,Y,Debit,1,1,3.25
TXN-0000464,ST-CAL-001,Western,Y,Cash,11,7,83.81
TXN-0000465,ST-CAL-001,Western,Y,Debit,6,3,66.32
TXN-0000466,ST-CAL-001,Western,N,Cash,5,4,43.27
TXN-0000467,ST-CAL-001,Western,Y,Credit,2,1,15.46
TXN-0000468,ST-CAL-001,Western,Y,Credit,12,5,130.87
TXN-0000469,ST-CAL-001,Western,N,Debit,8,5,36.01
TXN-0000470,ST-CAL-001,Western,Y,Debit,3,2,8.47
TXN-0000471,ST-CAL-001,Western,Y,Debit,7,3,45.18
TXN-0000472,ST-CAL-001,Western,Y,Debit,2,2,30.06
TXN-0000473,ST-CAL-001,Western,Y,Debit,5,4,49.16
TXN-0000474,ST-CAL-001,Western,Y,Debit,7,5,54.31
TXN-0000475,ST-CAL-001,Western,N,Debit,2,2,13.74
TXN-0000476,ST-CAL-001,Western,N,Debit,7,5,79.89
TXN-0000477,ST-EDM-001,Western,Y,Debit,3,2,40.45
TXN-0000478,ST-EDM-001,Western,Y,Mobile,4,2,33.60
TXN-0000479,ST-EDM-001,Western,Y,Credit,3,2,22.86
TXN-0000480,ST-EDM-001,Western,Y,Mobile,6,3,48.18
TXN-0000481,ST-EDM-001,Western,Y,Credit,3,2,20.19
TXN-0000482,ST-EDM-001,Western,Y,Debit,5,3,40.31
TXN-0000483,ST-EDM-001,Western,N,Cash,3,2,35.96
TXN-0000484,ST-EDM-001,Western,N,Credit,4,3,57.69
TXN-0000485,ST-EDM-001,Western,N,Credit,2,2,8.03
TXN-0000486,ST-EDM-001,Western,Y,Mobile,3,2,15.11
TXN-0000487,ST-EDM-001,Western,N,Debit,7,5,79.77
TXN-0000488,ST-EDM-001,Western,Y,Credit,7,4,69.57
TXN-0000489,ST-EDM-001,Western,Y,Cash,6,3,49.41
TXN-0000490,ST-EDM-001,Western,Y,Debit,8,4,66.03
TXN-0000491,ST-TOR-001,Central,Y,Debit,5,2,17.32
TXN-0000492,ST-TOR-001,Central,Y,Credit,3,3,29.25
TXN-0000493,ST-TOR-001,Central,Y,Credit,4,3,21.54
TXN-0000494,ST-TOR-001,Central,Y,Mobile,2,2,25.43
TXN-0000495,ST-TOR-001,Central,Y,Credit,2,2,6.84
TXN-0000496,ST-TOR-001,Central,N,Credit,4,3,38.31
TXN-0000497,ST-TOR-001,Central,N,Credit,7,4,81.29
TXN-0000498,ST-TOR-001,Central,N,Credit,4,3,36.35
TXN-0000499,ST-TOR-001,Central,Y,Mobile,7,5,56.48
TXN-0000500,ST-TOR-001,Central,N,Credit,5,2,50.61
TXN-0000501,ST-TOR-001,Central,Y,Cash,5,3,55.11
TXN-0000502,ST-TOR-001,Central,Y,Credit,3,1,44.76
TXN-0000503,ST-TOR-001,Central,Y,Mobile,10,5,68.74
TXN-0000504,ST-TOR-001,Central,Y,Credit,4,1,22.56
TXN-0000505,ST-TOR-001,Central,Y,Credit,7,4,59.92
TXN-0000506,ST-TOR-002,Central,Y,Credit,2,2,32.93
TXN-0000507,ST-TOR-002,Central,N,Credit,4,2,52.13
TXN-0000508,ST-TOR-002,Central,N,Credit,8,4,75.00
TXN-0000509,ST-TOR-002,Central,N,Cash,2,2,8.40
TXN-0000510,ST-TOR-002,Central,N,Credit,3,2,18.17
TXN-0000511,ST-TOR-002,Central,Y,Debit,8,5,60.32
TXN-0000512,ST-TOR-002,Central,Y,Credit,6,4,57.00
TXN-0000513,ST-TOR-002,Central,Y,Mobile,6,3,72.85
TXN-0000514,ST-TOR-002,Central,Y,Debit,2,2,23.20
TXN-0000515,ST-TOR-002,Central,Y,Cash,9,7,70.80
TXN-0000516,ST-TOR-002,Central,Y,Cash,1,1,6.45
TXN-0000517,ST-TOR-002,Central,Y,Debit,1,1,17.64
TXN-0000518,ST-TOR-002,Central,N,Credit,2,1,6.76
TXN-0000519,ST-TOR-002,Central,Y,Credit,1,1,12.50
TXN-0000520,ST-TOR-002,Central,N,Credit,7,5,58.94
TXN-0000521,ST-SCA-001,Central,Y,Debit,4,3,37.29
TXN-0000522,ST-SCA-001,Central,Y,Credit,5,3,52.70
TXN-0000523,ST-SCA-001,Central,Y,Credit,4,4,25.85
TXN-0000524,ST-SCA-001,Central,Y,Debit,3,3,32.94
TXN-0000525,ST-SCA-001,Central,Y,Cash,7,4,41.24
TXN-0000526,ST-SCA-001,Central,Y,Credit,1,1,5.06
TXN-0000527,ST-SCA-001,Central,N,Debit,8,5,51.55
TXN-0000528,ST-SCA-001,Central,Y,Credit,1,1,10.74
TXN-0000529,ST-SCA-001,Central,Y,Debit,3,2,15.92
TXN-0000530,ST-SCA-001,Central,N,Debit,7,3,77.98
TXN-0000531,ST-SCA-001,Central,N,Credit,9,6,81.90
TXN-0000532,ST-MIS-001,Central,N,Debit,8,4,88.27
TXN-0000533,ST-MIS-001,Central,Y,Debit,3,2,23.85
TXN-0000534,ST-MIS-001,Central,Y,Credit,7,4,32.36
TXN-0000535,ST-MIS-001,Central,N,Debit,4,3,27.57
TXN-0000536,ST-MIS-001,Central,Y,Debit,4,3,21.65
TXN-0000537,ST-MIS-001,Central,Y,Mobile,2,2,23.06
TXN-0000538,ST-MIS-001,Central,N,Debit,2,1,21.00
TXN-0000539,ST-MIS-001,Central,Y,Debit,1,1,3.28
TXN-0000540,ST-MIS-001,Central,Y,Credit,2,2,18.36
TXN-0000541,ST-MIS-001,Central,N,Cash,2,2,28.58
TXN-0000542,ST-MIS-001,Central,Y,Debit,1,1,2.26
TXN-0000543,ST-MIS-001,Central,N,Credit,3,2,38.55
TXN-0000544,ST-MIS-001,Central,Y,Cash,5,2,49.95
TXN-0000545,ST-MIS-001,Central,N,Credit,4,3,27.86
TXN-0000546,ST-MIS-001,Central,Y,Credit,1,1,11.08
TXN-0000547,ST-MIS-001,Central,Y,Credit,3,3,36.05
TXN-0000548,ST-MIS-001,Central,Y,Credit,3,3,16.96
TXN-0000549,ST-BRA-001,Central,Y,Debit,4,3,40.65
TXN-0000550,ST-BRA-001,Central,Y,Debit,5,2,25.60
TXN-0000551,ST-BRA-001,Central,N,Debit,1,1,2.22
TXN-0000552,ST-BRA-001,Central,Y,Credit,2,2,12.20
TXN-0000553,ST-BRA-001,Central,N,Debit,4,3,22.68
TXN-0000554,ST-BRA-001,Central,Y,Debit,6,4,27.68
TXN-0000555,ST-BRA-001,Central,Y,Credit,8,5,53.35
TXN-0000556,ST-BRA-001,Central,Y,Debit,3,3,31.34
TXN-0000557,ST-BRA-001,Central,N,Credit,8,5,90.24
TXN-0000558,ST-BRA-001,Central,N,Debit,4,4,34.15
TXN-0000559,ST-BRA-001,Central,Y,Cash,5,5,38.71
TXN-0000560,ST-HAM-001,Central,Y,Debit,3,2,48.19
TXN-0000561,ST-HAM-001,Central,N,Credit,2,1,23.00
TXN-0000562,ST-HAM-001,Central,Y,Credit,5,4,32.46
TXN-0000563,ST-HAM-001,Central,Y,Credit,5,2,14.40
TXN-0000564,ST-HAM-001,Central,Y,Cash,2,1,32.24
TXN-0000565,ST-HAM-001,Central,N,Debit,4,3,42.79
TXN-0000566,ST-HAM-001,Central,Y,Debit,5,2,37.46
TXN-0000567,ST-HAM-001,Central,Y,Debit,14,7,106.83
TXN-0000568,ST-KIT-001,Central,N,Debit,4,2,29.27
TXN-0000569,ST-KIT-001,Central,Y,Cash,2,2,21.27
TXN-0000570,ST-KIT-001,Central,Y,Debit,1,1,10.81
TXN-0000571,ST-KIT-001,Central,Y,Debit,3,2,25.40
TXN-0000572,ST-KIT-001,Central,Y,Debit,5,4,59.23
TXN-0000573,ST-KIT-001,Central,N,Debit,2,1,10.58
TXN-0000574,ST-KIT-001,Central,N,Credit,5,3,28.76
TXN-0000575,ST-KIT-001,Central,N,Debit,4,3,17.49
TXN-0000576,ST-LON-001,Central,Y,Credit,7,4,81.53
TXN-0000577,ST-LON-001,Central,Y,Credit,2,2,7.70
TXN-0000578,ST-LON-001,Central,Y,Debit,4,2,38.61
TXN-0000579,ST-LON-001,Central,Y,Debit,4,3,35.23
TXN-0000580,ST-LON-001,Central,Y,Debit,6,4,82.42
TXN-0000581,ST-LON-001,Central,Y,Debit,2,2,7.54
TXN-0000582,ST-LON-001,Central,Y,Debit,8,4,82.25
TXN-0000583,ST-LON-001,Central,Y,Cash,1,1,16.90
TXN-0000584,ST-LON-001,Central,Y,Debit,5,2,55.45
TXN-0000585,ST-LON-001,Central,Y,Debit,4,4,34.43
TXN-0000586,ST-LON-001,Central,Y,Mobile,5,4,31.01
TXN-0000587,ST-LON-001,Central,Y,Credit,5,4,52.01
TXN-0000588,ST-OTT-001,Eastern,Y,Credit,7,5,50.96
TXN-0000589,ST-OTT-001,Eastern,N,Debit,2,2,28.14
TXN-0000590,ST-OTT-001,Eastern,Y,Mobile,1,1,2.54
TXN-0000591,ST-OTT-001,Eastern,N,Debit,4,3,37.66
TXN-0000592,ST-OTT-001,Eastern,Y,Debit,3,3,30.83
TXN-0000593,ST-OTT-001,Eastern,Y,Credit,1,1,5.30
TXN-0000594,ST-OTT-001,Eastern,N,Mobile,9,6,79.56
TXN-0000595,ST-OTT-001,Eastern,Y,Debit,5,3,75.09
TXN-0000596,ST-OTT-001,Eastern,Y,Cash,3,2,42.34
TXN-0000597,ST-OTT-001,Eastern,N,Credit,5,4,60.85
TXN-0000598,ST-OTT-001,Eastern,Y,Credit,5,3,39.27
TXN-0000599,ST-OTT-001,Eastern,Y,Debit,6,4,49.69
TXN-0000600,ST-OTT-001,Eastern,Y,Credit,3,2,13.11
TXN-0000601,ST-OTT-001,Eastern,N,Debit,6,4,59.50
TXN-0000602,ST-OTT-001,Eastern,Y,Mobile,3,3,23.50
TXN-0000603,ST-OTT-002,Eastern,Y,Cash,7,4,79.83
TXN-0000604,ST-OTT-002,Eastern,Y,Credit,7,4,57.56
TXN-0000605,ST-OTT-002,Eastern,N,Mobile,5,3,28.96
TXN-0000606,ST-OTT-002,Eastern,Y,Credit,2,1,10.84
TXN-0000607,ST-OTT-002,Eastern,Y,Credit,4,3,24.60
TXN-0000608,ST-OTT-002,Eastern,Y,Mobile,7,5,55.14
TXN-0000609,ST-OTT-002,Eastern,N,Debit,6,3,57.61
TXN-0000610,ST-OTT-002,Eastern,Y,Mobile,8,3,66.38
TXN-0000611,ST-OTT-002,Eastern,Y,Debit,2,1,6.62
TXN-0000612,ST-OTT-002,Eastern,Y,Cash,6,3,69.17
TXN-0000613,ST-OTT-002,Eastern,N,Credit,3,2,17.89
TXN-0000614,ST-CAL-001,Western,Y,Debit,3,3,31.96
TXN-0000615,ST-CAL-001,Western,N,Debit,3,2,34.01
TXN-0000616,ST-CAL-001,Western,Y,Debit,6,3,29.41
TXN-0000617,ST-CAL-001,Western,N,Credit,7,3,77.42
TXN-0000618,ST-CAL-001,Western,Y,Debit,5,2,21.75
TXN-0000619,ST-CAL-001,Western,N,Debit,4,1,70.20
TXN-0000620,ST-CAL-001,Western,Y,Credit,3,2,17.79
TXN-0000621,ST-CAL-001,Western,N,Debit,9,4,91.94
TXN-0000622,ST-CAL-001,Western,Y,Credit,10,6,90.96
TXN-0000623,ST-CAL-001,Western,Y,Debit,1,1,6.32
TXN-0000624,ST-CAL-001,Western,Y,Credit,2,2,7.74
TXN-0000625,ST-CAL-001,Western,Y,Credit,2,1,6.74
TXN-0000626,ST-EDM-001,Western,Y,Mobile,2,1,25.80
TXN-0000627,ST-EDM-001,Western,Y,Credit,4,4,33.92
TXN-0000628,ST-EDM-001,Western,Y,Debit,1,1,3.16
TXN-0000629,ST-EDM-001,Western,Y,Debit,2,2,28.47
TXN-0000630,ST-EDM-001,Western,N,Credit,7,3,56.69
TXN-0000631,ST-EDM-001,Western,Y,Cash,8,6,74.04
TXN-0000632,ST-EDM-001,Western,Y,Credit,5,3,24.58
TXN-0000633,ST-EDM-001,Western,Y,Debit,2,2,24.87
TXN-0000634,ST-EDM-001,Western,N,Credit,4,4,26.13
TXN-0000635,ST-EDM-001,Western,N,Credit,2,1,17.74
TXN-0000636,ST-EDM-001,Western,N,Credit,8,6,61.12
TXN-0000637,ST-EDM-001,Western,Y,Debit,2,1,10.42
TXN-0000638,ST-EDM-001,Western,Y,Debit,3,2,25.31
TXN-0000639,ST-TOR-001,Central,Y,Credit,8,4,79.86
TXN-0000640,ST-TOR-001,Central,N,Credit,5,2,73.11
TXN-0000641,ST-TOR-001,Central,Y,Debit,3,2,23.35
TXN-0000642,ST-TOR-001,Central,Y,Debit,6,4,52.03
TXN-0000643,ST-TOR-001,Central,N,Credit,8,5,54.15
TXN-0000644,ST-TOR-001,Central,N,Credit,3,2,7.40
TXN-0000645,ST-TOR-001,Central,Y,Debit,2,2,18.41
TXN-0000646,ST-TOR-001,Central,Y,Credit,2,2,9.72
TXN-0000647,ST-TOR-001,Central,Y,Debit,6,4,37.14
TXN-0000648,ST-TOR-001,Central,N,Cash,4,4,34.65
TXN-0000649,ST-TOR-001,Central,Y,Credit,4,3,38.27
TXN-0000650,ST-TOR-001,Central,Y,Credit,3,2,43.58
TXN-0000651,ST-TOR-001,Central,Y,Debit,2,1,22.66
TXN-0000652,ST-TOR-001,Central,Y,Cash,2,2,19.98
TXN-0000653,ST-TOR-001,Central,Y,Credit,3,3,30.69
TXN-0000654,ST-TOR-001,Central,Y,Credit,2,2,5.42
TXN-0000655,ST-TOR-002,Central,Y,Debit,2,1,21.06
TXN-0000656,ST-TOR-002,Central,Y,Mobile,3,3,38.64
TXN-0000657,ST-TOR-002,Central,Y,Debit,8,6,66.72
TXN-0000658,ST-TOR-002,Central,N,Credit,4,2,40.50
TXN-0000659,ST-TOR-002,Central,Y,Debit,2,1,10.60
TXN-0000660,ST-TOR-002,Central,Y,Credit,5,2,33.91
TXN-0000661,ST-TOR-002,Central,Y,Mobile,8,4,68.68
TXN-0000662,ST-TOR-002,Central,Y,Debit,3,2,32.67
TXN-0000663,ST-TOR-002,Central,Y,Credit,1,1,7.08
TXN-0000664,ST-SCA-001,Central,Y,Mobile,4,3,25.76
TXN-0000665,ST-SCA-001,Central,Y,Credit,4,3,56.25
TXN-0000666,ST-SCA-001,Central,Y,Debit,7,4,57.52
TXN-0000667,ST-SCA-001,Central,N,Debit,3,2,31.87
TXN-0000668,ST-SCA-001,Central,Y,Debit,4,3,32.17
TXN-0000669,ST-SCA-001,Central,Y,Debit,1,1,2.21
TXN-0000670,ST-MIS-001,Central,Y,Credit,4,3,41.83
TXN-0000671,ST-MIS-001,Central,N,Debit,8,4,86.11
TXN-0000672,ST-MIS-001,Central,Y,Credit,3,2,9.76
TXN-0000673,ST-MIS-001,Central,Y,Debit,2,2,34.36
TXN-0000674,ST-MIS-001,Central,Y,Credit,1,1,16.07
TXN-0000675,ST-MIS-001,Central,Y,Debit,4,3,30.82
TXN-0000676,ST-MIS-001,Central,Y,Cash,4,3,24.99
TXN-0000677,ST-MIS-001,Central,Y,Debit,1,1,3.43
TXN-0000678,ST-MIS-001,Central,Y,Credit,2,1,34.54
TXN-0000679,ST-MIS-001,Central,N,Debit,2,2,16.25
TXN-0000680,ST-MIS-001,Central,Y,Debit,2,2,28.39
TXN-0000681,ST-BRA-001,Central,N,Debit,7,4,77.86
TXN-0000682,ST-BRA-001,Central,Y,Debit,7,5,65.66
TXN-0000683,ST-BRA-001,Central,Y,Cash,5,4,49.54
TXN-0000684,ST-BRA-001,Central,Y,Debit,4,3,36.43
TXN-0000685,ST-BRA-001,Central,Y,Cash,8,5,30.84
TXN-0000686,ST-BRA-001,Central,Y,Mobile,3,2,30.04
TXN-0000687,ST-BRA-001,Central,Y,Cash,5,3,30.62
TXN-0000688,ST-BRA-001,Central,Y,Debit,6,4,67.21
TXN-0000689,ST-HAM-001,Central,Y,Debit,6,4,84.52
TXN-0000690,ST-HAM-001,Central,N,Cash,7,5,71.51
TXN-0000691,ST-HAM-001,Central,N,Credit,6,4,67.50
TXN-0000692,ST-HAM-001,Central,Y,Cash,4,2,37.69
TXN-0000693,ST-HAM-001,Central,N,Debit,3,2,22.48
TXN-0000694,ST-HAM-001,Central,N,Mobile,11,7,70.78
TXN-0000695,ST-HAM-001,Central,Y,Debit,2,2,13.62
TXN-0000696,ST-KIT-001,Central,Y,Debit,5,4,47.02
TXN-0000697,ST-KIT-001,Central,Y,Debit,2,2,17.96
TXN-0000698,ST-KIT-001,Central,Y,Cash,3,3,31.21
TXN-0000699,ST-KIT-001,Central,Y,Debit,1,1,14.75
TXN-0000700,ST-KIT-001,Central,Y,Credit,2,2,16.15
TXN-0000701,ST-KIT-001,Central,N,Debit,2,1,12.66
TXN-0000702,ST-KIT-001,Central,Y,Cash,5,3,46.41
TXN-0000703,ST-KIT-001,Central,N,Credit,2,2,28.62
TXN-0000704,ST-KIT-001,Central,Y,Credit,2,2,10.13
TXN-0000705,ST-KIT-001,Central,N,Credit,1,1,14.80
TXN-0000706,ST-KIT-001,Central,Y,Credit,4,2,7.84
TXN-0000707,ST-KIT-001,Central,N,Mobile,3,3,31.08
TXN-0000708,ST-KIT-001,Central,Y,Mobile,7,5,68.37
TXN-0000709,ST-LON-001,Central,Y,Credit,2,1,11.18
TXN-0000710,ST-LON-001,Central,N,Credit,4,2,32.78
TXN-0000711,ST-LON-001,Central,N,Credit,4,1,70.28
TXN-0000712,ST-LON-001,Central,N,Debit,10,5,131.15
TXN-0000713,ST-LON-001,Central,Y,Debit,3,2,41.91
TXN-0000714,ST-LON-001,Central,Y,Cash,2,2,24.42
TXN-0000715,ST-LON-001,Central,Y,Debit,6,3,91.40
TXN-0000716,ST-LON-001,Central,N,Credit,2,1,4.44
TXN-0000717,ST-LON-001,Central,Y,Mobile,5,3,46.84
TXN-0000718,ST-LON-001,Central,Y,Credit,1,1,13.30
TXN-0000719,ST-LON-001,Central,N,Mobile,9,5,95.12
TXN-0000720,ST-OTT-001,Eastern,Y,Credit,7,5,96.95
TXN-0000721,ST-OTT-001,Eastern,N,Mobile,4,2,45.28
TXN-0000722,ST-OTT-001,Eastern,Y,Debit,3,3,19.10
TXN-0000723,ST-OTT-001,Eastern,Y,Credit,5,3,67.77
TXN-0000724,ST-OTT-001,Eastern,Y,Credit,8,4,51.21
TXN-0000725,ST-OTT-002,Eastern,Y,Debit,7,4,56.31
TXN-0000726,ST-OTT-002,Eastern,N,Credit,2,1,14.56
TXN-0000727,ST-OTT-002,Eastern,N,Credit,6,4,39.42
TXN-0000728,ST-OTT-002,Eastern,N,Credit,3,3,29.63
TXN-0000729,ST-OTT-002,Eastern,Y,Debit,3,2,7.35
TXN-0000730,ST-OTT-002,Eastern,Y,Cash,6,3,91.21
TXN-0000731,ST-OTT-002,Eastern,Y,Cash,2,1,10.62
TXN-0000732,ST-OTT-002,Eastern,Y,Credit,3,2,24.17
TXN-0000733,ST-OTT-002,Eastern,N,Credit,1,1,14.50
TXN-0000734,ST-OTT-002,Eastern,N,Debit,2,2,23.98
TXN-0000735,ST-OTT-002,Eastern,N,Credit,5,4,51.89
TXN-0000736,ST-OTT-002,Eastern,Y,Debit,6,5,51.15
TXN-0000737,ST-OTT-002,Eastern,Y,Debit,1,1,4.42
TXN-0000738,ST-CAL-001,Western,N,Credit,4,2,32.58
TXN-0000739,ST-CAL-001,Western,Y,Cash,12,6,114.08
TXN-0000740,ST-CAL-001,Western,Y,Mobile,3,2,18.01
TXN-0000741,ST-CAL-001,Western,N,Cash,5,3,42.18
TXN-0000742,ST-CAL-001,Western,N,Credit,4,3,27.58
TXN-0000743,ST-CAL-001,Western,N,Debit,8,4,78.64
TXN-0000744,ST-CAL-001,Western,Y,Credit,9,4,75.67
TXN-0000745,ST-EDM-001,Western,Y,Credit,8,4,103.99
TXN-0000746,ST-EDM-001,Western,N,Mobile,1,1,1.93
TXN-0000747,ST-EDM-001,Western,Y,Credit,8,5,95.73
TXN-0000748,ST-EDM-001,Western,Y,Debit,7,4,44.08
TXN-0000749,ST-EDM-001,Western,Y,Mobile,3,2,17.12
TXN-0000750,ST-EDM-001,Western,Y,Debit,6,4,48.65
TXN-0000751,ST-EDM-001,Western,Y,Mobile,1,1,16.88
TXN-0000752,ST-EDM-001,Western,Y,Debit,4,3,43.52
TXN-0000753,ST-EDM-001,Western,N,Credit,2,2,18.32
TXN-0000754,ST-EDM-001,Western,Y,Credit,2,2,5.59
TXN-0000755,ST-EDM-001,Western,N,Debit,5,3,54.31
TXN-0000756,ST-EDM-001,Western,N,Debit,4,3,41.87
TXN-0000757,ST-EDM-001,Western,Y,Debit,6,5,54.32
TXN-0000758,ST-TOR-001,Central,Y,Debit,8,3,38.10
TXN-0000759,ST-TOR-001,Central,Y,Debit,6,4,52.88
TXN-0000760,ST-TOR-001,Central,N,Debit,8,5,55.86
TXN-0000761,ST-TOR-001,Central,Y,Credit,4,2,59.55
TXN-0000762,ST-TOR-001,Central,Y,Credit,6,3,56.62
TXN-0000763,ST-TOR-001,Central,N,Debit,7,5,37.70
TXN-0000764,ST-TOR-001,Central,Y,Debit,3,1,10.32
TXN-0000765,ST-TOR-001,Central,Y,Cash,4,2,51.48
TXN-0000766,ST-TOR-001,Central,Y,Debit,2,2,18.13
TXN-0000767,ST-TOR-001,Central,Y,Debit,6,2,22.35
TXN-0000768,ST-TOR-001,Central,N,Credit,3,2,24.32
TXN-0000769,ST-TOR-001,Central,Y,Credit,5,3,39.06
TXN-0000770,ST-TOR-001,Central,Y,Credit,3,3,26.92
TXN-0000771,ST-TOR-001,Central,Y,Credit,4,4,41.30
TXN-0000772,ST-TOR-001,Central,Y,Debit,4,3,35.86
TXN-0000773,ST-TOR-001,Central,Y,Debit,1,1,11.16
TXN-0000774,ST-TOR-002,Central,Y,Mobile,4,3,32.62
TXN-0000775,ST-TOR-002,Central,Y,Credit,11,4,81.51
TXN-0000776,ST-TOR-002,Central,Y,Cash,6,5,60.65
TXN-0000777,ST-TOR-002,Central,Y,Credit,3,2,37.98
TXN-0000778,ST-TOR-002,Central,Y,Debit,3,3,28.24
TXN-0000779,ST-TOR-002,Central,Y,Debit,1,1,11.39
TXN-0000780,ST-TOR-002,Central,Y,Mobile,2,2,18.90
TXN-0000781,ST-TOR-002,Central,Y,Credit,3,2,10.83
TXN-0000782,ST-TOR-002,Central,Y,Cash,5,2,41.61
TXN-0000783,ST-TOR-002,Central,Y,Mobile,6,5,64.48
TXN-0000784,ST-TOR-002,Central,N,Debit,4,2,45.98
TXN-0000785,ST-TOR-002,Central,Y,Mobile,10,5,65.35
TXN-0000786,ST-SCA-001,Central,Y,Credit,3,2,28.90
TXN-0000787,ST-SCA-001,Central,N,Credit,7,3,86.67
TXN-0000788,ST-SCA-001,Central,Y,Debit,5,3,47.44
TXN-0000789,ST-SCA-001,Central,Y,Mobile,5,4,24.60
TXN-0000790,ST-SCA-001,Central,Y,Credit,4,3,40.27
TXN-0000791,ST-SCA-001,Central,N,Credit,5,4,54.41
TXN-0000792,ST-SCA-001,Central,Y,Debit,6,3,64.37
TXN-0000793,ST-SCA-001,Central,Y,Credit,6,3,25.85
TXN-0000794,ST-SCA-001,Central,N,Credit,4,3,21.50
TXN-0000795,ST-SCA-001,Central,N,Credit,4,3,19.59
TXN-0000796,ST-SCA-001,Central,Y,Debit,4,3,46.05
TXN-0000797,ST-SCA-001,Central,Y,Debit,5,3,35.22
TXN-0000798,ST-SCA-001,Central,Y,Credit,3,3,26.90
TXN-0000799,ST-SCA-001,Central,Y,Debit,6,3,74.37
TXN-0000800,ST-SCA-001,Central,Y,Credit,7,3,84.18
TXN-0000801,ST-SCA-001,Central,Y,Credit,5,4,34.07
TXN-0000802,ST-SCA-001,Central,Y,Cash,6,2,36.03
TXN-0000803,ST-SCA-001,Central,Y,Credit,3,2,38.05
TXN-0000804,ST-SCA-001,Central,Y,Cash,1,1,2.15
TXN-0000805,ST-MIS-001,Central,Y,Credit,8,3,110.98
TXN-0000806,ST-MIS-001,Central,Y,Credit,4,4,36.65
TXN-0000807,ST-MIS-001,Central,Y,Cash,4,4,59.90
TXN-0000808,ST-MIS-001,Central,Y,Debit,4,4,42.17
TXN-0000809,ST-MIS-001,Central,N,Debit,3,3,31.38
TXN-0000810,ST-MIS-001,Central,Y,Debit,6,4,57.20
TXN-0000811,ST-MIS-001,Central,N,Credit,4,3,35.78
TXN-0000812,ST-MIS-001,Central,Y,Debit,3,2,22.73
TXN-0000813,ST-MIS-001,Central,Y,Credit,5,4,48.26
TXN-0000814,ST-MIS-001,Central,Y,Credit,3,3,23.37
TXN-0000815,ST-MIS-001,Central,Y,Debit,5,3,51.19
TXN-0000816,ST-MIS-001,Central,Y,Credit,8,5,62.42
TXN-0000817,ST-BRA-001,Central,N,Debit,7,5,36.85
TXN-0000818,ST-BRA-001,Central,Y,Debit,2,2,24.33
TXN-0000819,ST-BRA-001,Central,Y,Debit,6,4,53.52
TXN-0000820,ST-BRA-001,Central,Y,Debit,3,3,11.04
TXN-0000821,ST-BRA-001,Central,Y,Credit,7,4,64.31
TXN-0000822,ST-BRA-001,Central,Y,Debit,7,3,63.10
TXN-0000823,ST-BRA-001,Central,Y,Credit,8,4,112.84
TXN-0000824,ST-BRA-001,Central,Y,Cash,4,4,28.72
TXN-0000825,ST-HAM-001,Central,Y,Mobile,6,3,50.27
TXN-0000826,ST-HAM-001,Central,Y,Cash,9,5,48.99
TXN-0000827,ST-HAM-001,Central,Y,Credit,3,3,27.54
TXN-0000828,ST-KIT-001,Central,N,Credit,3,2,23.54
TXN-0000829,ST-KIT-001,Central,Y,Credit,12,6,117.60
TXN-0000830,ST-KIT-001,Central,Y,Debit,5,3,60.38
TXN-0000831,ST-KIT-001,Central,Y,Debit,3,3,30.15
TXN-0000832,ST-KIT-001,Central,Y,Credit,4,3,54.05
TXN-0000833,ST-KIT-001,Central,Y,Debit,1,1,13.22
TXN-0000834,ST-KIT-001,Central,Y,Cash,7,5,81.32
TXN-0000835,ST-KIT-001,Central,Y,Credit,4,3,30.13
TXN-0000836,ST-KIT-001,Central,N,Cash,4,3,37.84
TXN-0000837,ST-KIT-001,Central,Y,Credit,6,3,18.05
TXN-0000838,ST-KIT-001,Central,Y,Cash,3,2,15.44
TXN-0000839,ST-LON-001,Central,Y,Debit,1,1,11.01
TXN-0000840,ST-LON-001,Central,Y,Credit,4,4,50.56
TXN-0000841,ST-LON-001,Central,Y,Credit,7,4,92.60
TXN-0000842,ST-LON-001,Central,N,Debit,10,4,71.90
TXN-0000843,ST-LON-001,Central,Y,Credit,4,3,37.80
TXN-0000844,ST-LON-001,Central,Y,Debit,3,1,32.43
TXN-0000845,ST-LON-001,Central,N,Debit,9,5,101.61
TXN-0000846,ST-OTT-001,Eastern,Y,Debit,9,4,103.08
TXN-0000847,ST-OTT-001,Eastern,Y,Cash,4,2,35.92
TXN-0000848,ST-OTT-001,Eastern,Y,Credit,3,2,24.84
TXN-0000849,ST-OTT-001,Eastern,Y,Credit,1,1,13.38
TXN-0000850,ST-OTT-001,Eastern,N,Mobile,3,2,33.62
TXN-0000851,ST-OTT-001,Eastern,Y,Credit,2,2,26.09
TXN-0000852,ST-OTT-001,Eastern,N,Credit,5,2,36.66
TXN-0000853,ST-OTT-001,Eastern,N,Debit,5,3,37.94
TXN-0000854,ST-OTT-001,Eastern,Y,Credit,4,3,44.04
TXN-0000855,ST-OTT-001,Eastern,Y,Debit,11,5,40.77
TXN-0000856,ST-OTT-001,Eastern,Y,Debit,1,1,5.21
TXN-0000857,ST-OTT-001,Eastern,Y,Debit,4,3,46.32
TXN-0000858,ST-OTT-002,Eastern,N,Debit,2,1,14.86
TXN-0000859,ST-OTT-002,Eastern,Y,Credit,11,6,124.56
TXN-0000860,ST-OTT-002,Eastern,N,Debit,3,1,21.78
TXN-0000861,ST-OTT-002,Eastern,Y,Cash,4,3,42.50
TXN-0000862,ST-OTT-002,Eastern,Y,Debit,4,2,32.89
TXN-0000863,ST-OTT-002,Eastern,N,Cash,5,4,54.02
TXN-0000864,ST-OTT-002,Eastern,Y,Credit,3,3,17.42
TXN-0000865,ST-OTT-002,Eastern,Y,Cash,1,1,7.11
TXN-0000866,ST-OTT-002,Eastern,N,Credit,6,3,63.89
TXN-0000867,ST-OTT-002,Eastern,Y,Credit,3,3,34.23
TXN-0000868,ST-OTT-002,Eastern,Y,Debit,3,2,15.46
TXN-0000869,ST-OTT-002,Eastern,Y,Debit,5,4,64.87
TXN-0000870,ST-OTT-002,Eastern,Y,Mobile,4,3,50.46
TXN-0000871,ST-CAL-001,Western,Y,Credit,2,2,29.09
TXN-0000872,ST-CAL-001,Western,Y,Debit,2,2,20.82
TXN-0000873,ST-CAL-001,Western,Y,Debit,2,2,18.95
TXN-0000874,ST-CAL-001,Western,N,Cash,5,2,37.59
TXN-0000875,ST-CAL-001,Western,N,Debit,3,2,37.51
TXN-0000876,ST-CAL-001,Western,Y,Credit,5,2,31.86
TXN-0000877,ST-CAL-001,Western,Y,Mobile,5,3,51.04
TXN-0000878,ST-CAL-001,Western,Y,Debit,2,1,26.32
TXN-0000879,ST-CAL-001,Western,Y,Credit,11,5,74.02
TXN-0000880,ST-CAL-001,Western,Y,Credit,4,3,46.69
TXN-0000881,ST-CAL-001,Western,Y,Debit,7,4,49.44
TXN-0000882,ST-CAL-001,Western,N,Credit,5,3,32.09
TXN-0000883,ST-EDM-001,Western,N,Credit,4,2,45.86
TXN-0000884,ST-EDM-001,Western,Y,Cash,8,4,84.78
TXN-0000885,ST-EDM-001,Western,Y,Mobile,3,2,41.15
TXN-0000886,ST-EDM-001,Western,Y,Cash,5,3,46.44
TXN-0000887,ST-EDM-001,Western,Y,Credit,5,4,35.60
TXN-0000888,ST-EDM-001,Western,Y,Debit,7,2,54.32
TXN-0000889,ST-EDM-001,Western,N,Credit,14,7,123.37
TXN-0000890,ST-EDM-001,Western,Y,Debit,9,5,75.99
TXN-0000891,ST-EDM-001,Western,Y,Debit,2,2,7.55
TXN-0000892,ST-EDM-001,Western,N,Credit,6,4,46.10
TXN-0000893,ST-EDM-001,Western,N,Credit,11,7,117.29
TXN-0000894,ST-EDM-001,Western,Y,Cash,4,4,39.95
TXN-0000895,ST-TOR-001,Central,Y,Debit,5,3,53.91
TXN-0000896,ST-TOR-001,Central,Y,Debit,7,6,69.72
TXN-0000897,ST-TOR-001,Central,N,Debit,2,2,13.73
TXN-0000898,ST-TOR-001,Central,Y,Credit,3,1,9.18
TXN-0000899,ST-TOR-001,Central,Y,Mobile,8,5,60.25
TXN-0000900,ST-TOR-001,Central,N,Credit,6,3,45.65
TXN-0000901,ST-TOR-001,Central,Y,Credit,1,1,4.42
TXN-0000902,ST-TOR-001,Central,Y,Debit,5,2,30.89
TXN-0000903,ST-TOR-001,Central,N,Credit,2,1,29.40
TXN-0000904,ST-TOR-002,Central,Y,Debit,9,4,89.98
TXN-0000905,ST-TOR-002,Central,N,Mobile,4,3,32.23
TXN-0000906,ST-TOR-002,Central,Y,Credit,1,1,15.74
TXN-0000907,ST-TOR-002,Central,N,Mobile,3,2,20.46
TXN-0000908,ST-TOR-002,Central,N,Debit,2,2,8.75
TXN-0000909,ST-TOR-002,Central,N,Credit,2,1,33.36
TXN-0000910,ST-TOR-002,Central,Y,Credit,5,3,47.20
TXN-0000911,ST-TOR-002,Central,Y,Cash,5,3,51.68
TXN-0000912,ST-TOR-002,Central,Y,Credit,3,2,27.62
TXN-0000913,ST-TOR-002,Central,Y,Credit,11,4,88.85
TXN-0000914,ST-TOR-002,Central,N,Debit,5,3,37.39
TXN-0000915,ST-TOR-002,Central,Y,Mobile,5,3,33.62
TXN-0000916,ST-TOR-002,Central,Y,Credit,11,4,100.02
TXN-0000917,ST-TOR-002,Central,N,Credit,4,4,34.54
TXN-0000918,ST-TOR-002,Central,Y,Debit,8,3,59.54
TXN-0000919,ST-SCA-001,Central,Y,Credit,6,3,70.89
TXN-0000920,ST-SCA-001,Central,N,Credit,4,2,17.09
TXN-0000921,ST-SCA-001,Central,Y,Credit,1,1,13.86
TXN-0000922,ST-SCA-001,Central,N,Credit,5,3,20.24
TXN-0000923,ST-SCA-001,Central,N,Debit,6,3,46.63
TXN-0000924,ST-SCA-001,Central,N,Credit,4,3,36.48
TXN-0000925,ST-SCA-001,Central,Y,Debit,4,3,32.23
TXN-0000926,ST-SCA-001,Central,Y,Debit,7,5,77.55
TXN-0000927,ST-SCA-001,Central,N,Credit,2,2,17.71
TXN-0000928,ST-MIS-001,Central,Y,Credit,4,4,24.31
TXN-0000929,ST-MIS-001,Central,Y,Credit,4,3,23.48
TXN-0000930,ST-MIS-001,Central,Y,Mobile,3,3,25.09
TXN-0000931,ST-MIS-001,Central,N,Credit,4,3,13.84
TXN-0000932,ST-MIS-001,Central,Y,Debit,4,2,16.75
TXN-0000933,ST-MIS-001,Central,N,Mobile,8,4,77.93
TXN-0000934,ST-MIS-001,Central,Y,Credit,8,3,79.68
TXN-0000935,ST-MIS-001,Central,N,Credit,2,2,13.72
TXN-0000936,ST-MIS-001,Central,N,Credit,1,1,5.03
TXN-0000937,ST-MIS-001,Central,Y,Cash,3,3,24.79
TXN-0000938,ST-MIS-001,Central,Y,Debit,4,4,32.41
TXN-0000939,ST-BRA-001,Central,Y,Cash,1,1,5.33
TXN-0000940,ST-BRA-001,Central,Y,Debit,6,4,43.50
TXN-0000941,ST-BRA-001,Central,Y,Credit,1,1,10.55
TXN-0000942,ST-BRA-001,Central,Y,Debit,1,1,3.24
TXN-0000943,ST-BRA-001,Central,Y,Credit,18,7,132.72
TXN-0000944,ST-BRA-001,Central,N,Debit,3,3,32.68
TXN-0000945,ST-BRA-001,Central,Y,Credit,6,3,60.94
TXN-0000946,ST-BRA-001,Central,Y,Debit,4,3,30.46
TXN-0000947,ST-BRA-001,Central,Y,Credit,1,1,10.22
TXN-0000948,ST-HAM-001,Central,N,Credit,3,2,27.06
TXN-0000949,ST-HAM-001,Central,Y,Cash,8,3,62.44
TXN-0000950,ST-HAM-001,Central,N,Credit,2,1,14.34
TXN-0000951,ST-HAM-001,Central,Y,Debit,3,3,39.31
TXN-0000952,ST-HAM-001,Central,Y,Credit,3,2,31.51
TXN-0000953,ST-HAM-001,Central,Y,Cash,2,2,26.88
TXN-0000954,ST-HAM-001,Central,N,Credit,12,6,86.46
TXN-0000955,ST-HAM-001,Central,Y,Credit,3,2,23.74
TXN-0000956,ST-HAM-001,Central,Y,Cash,9,4,72.98
TXN-0000957,ST-HAM-001,Central,N,Credit,6,4,27.38
TXN-0000958,ST-HAM-001,Central,Y,Credit,4,4,33.50
TXN-0000959,ST-HAM-001,Central,N,Mobile,3,3,37.87
TXN-0000960,ST-KIT-001,Central,N,Debit,3,2,18.04
TXN-0000961,ST-KIT-001,Central,Y,Cash,7,4,50.97
TXN-0000962,ST-KIT-001,Central,Y,Cash,5,5,35.11
TXN-0000963,ST-KIT-001,Central,Y,Debit,4,2,35.36
TXN-0000964,ST-KIT-001,Central,Y,Credit,7,5,70.69
TXN-0000965,ST-KIT-001,Central,N,Debit,6,3,26.79
TXN-0000966,ST-KIT-001,Central,N,Debit,2,1,26.48
TXN-0000967,ST-KIT-001,Central,N,Debit,5,4,43.84
TXN-0000968,ST-KIT-001,Central,Y,Credit,5,3,67.77
TXN-0000969,ST-KIT-001,Central,N,Credit,3,2,39.15
TXN-0000970,ST-KIT-001,Central,Y,Cash,4,4,46.33
TXN-0000971,ST-KIT-001,Central,Y,Credit,6,3,32.62
TXN-0000972,ST-LON-001,Central,N,Debit,10,5,119.25
TXN-0000973,ST-LON-001,Central,N,Credit,9,5,112.87
TXN-0000974,ST-LON-001,Central,N,Credit,4,3,48.02
TXN-0000975,ST-LON-001,Central,Y,Credit,7,4,76.22
TXN-0000976,ST-LON-001,Central,N,Debit,6,3,37.96
TXN-0000977,ST-LON-001,Central,N,Debit,4,4,45.77
TXN-0000978,ST-LON-001,Central,N,Mobile,9,3,95.58
TXN-0000979,ST-LON-001,Central,Y,Credit,4,4,40.97
TXN-0000980,ST-LON-001,Central,N,Mobile,4,3,30.29
TXN-0000981,ST-LON-001,Central,Y,Credit,1,1,2.32
TXN-0000982,ST-LON-001,Central,N,Debit,3,3,30.90
TXN-0000983,ST-LON-001,Central,N,Credit,5,4,47.58
TXN-0000984,ST-LON-001,Central,Y,Mobile,4,3,51.05
TXN-0000985,ST-LON-001,Central,N,Mobile,5,5,57.45
TXN-0000986,ST-OTT-001,Eastern,Y,Credit,1,1,15.59
TXN-0000987,ST-OTT-001,Eastern,Y,Cash,2,2,26.85
TXN-0000988,ST-OTT-001,Eastern,Y,Debit,2,2,18.14
TXN-0000989,ST-OTT-001,Eastern,Y,Debit,3,2,13.92
TXN-0000990,ST-OTT-001,Eastern,N,Mobile,6,4,63.16
TXN-0000991,ST-OTT-001,Eastern,Y,Debit,6,2,86.80
TXN-0000992,ST-OTT-001,Eastern,Y,Credit,10,5,129.02
TXN-0000993,ST-OTT-001,Eastern,Y,Cash,5,4,56.17
TXN-0000994,ST-OTT-001,Eastern,Y,Mobile,10,6,76.63
TXN-0000995,ST-OTT-001,Eastern,N,Credit,2,1,30.00
TXN-0000996,ST-OTT-001,Eastern,Y,Debit,5,3,39.76
TXN-0000997,ST-OTT-001,Eastern,Y,Debit,5,3,16.14
TXN-0000998,ST-OTT-001,Eastern,N,Debit,4,3,40.61
TXN-0000999,ST-OTT-001,Eastern,N,Debit,5,3,50.35
TXN-0001000,ST-OTT-002,Eastern,N,Cash,1,1,10.38
TXN-0001001,ST-OTT-002,Eastern,Y,Mobile,3,2,25.17
TXN-0001002,ST-OTT-002,Eastern,Y,Debit,8,3,99.10
TXN-0001003,ST-OTT-002,Eastern,Y,Debit,5,4,64.60
TXN-0001004,ST-OTT-002,Eastern,Y,Debit,8,5,77.67
TXN-0001005,ST-OTT-002,Eastern,N,Credit,3,2,19.29
TXN-0001006,ST-OTT-002,Eastern,Y,Credit,3,1,33.69
TXN-0001007,ST-OTT-002,Eastern,N,Credit,5,3,28.47
TXN-0001008,ST-CAL-001,Western,N,Credit,1,1,3.27
TXN-0001009,ST-CAL-001,Western,Y,Debit,5,3,66.67
TXN-0001010,ST-CAL-001,Western,N,Mobile,4,3,37.18
TXN-0001011,ST-CAL-001,Western,Y,Cash,4,3,16.60
TXN-0001012,ST-CAL-001,Western,Y,Credit,7,4,61.98
TXN-0001013,ST-CAL-001,Western,N,Mobile,4,3,40.54
TXN-0001014,ST-CAL-001,Western,Y,Credit,9,5,85.86
TXN-0001015,ST-CAL-001,Western,Y,Debit,2,2,18.71
TXN-0001016,ST-CAL-001,Western,Y,Credit,1,1,16.89
TXN-0001017,ST-CAL-001,Western,Y,Cash,3,1,22.41
TXN-0001018,ST-CAL-001,Western,N,Credit,3,2,43.03
TXN-0001019,ST-CAL-001,Western,Y,Credit,6,3,25.64
TXN-0001020,ST-EDM-001,Western,N,Cash,4,3,50.66
TXN-0001021,ST-EDM-001,Western,N,Credit,2,2,7.60
TXN-0001022,ST-EDM-001,Western,Y,Debit,6,2,29.07
TXN-0001023,ST-EDM-001,Western,N,Credit,7,3,65.90
TXN-0001024,ST-EDM-001,Western,N,Debit,2,2,22.20
TXN-0001025,ST-EDM-001,Western,Y,Credit,5,3,50.57
TXN-0001026,ST-EDM-001,Western,Y,Credit,5,3,54.63
TXN-0001027,ST-EDM-001,Western,Y,Debit,4,3,37.02
TXN-0001028,ST-EDM-001,Western,Y,Cash,1,1,3.32
TXN-0001029,ST-EDM-001,Western,N,Credit,4,3,21.32
TXN-0001030,ST-EDM-001,Western,N,Debit,10,5,83.87
TXN-0001031,ST-TOR-001,Central,Y,Credit,6,4,41.73
TXN-0001032,ST-TOR-001,Central,Y,Credit,3,3,27.90
TXN-0001033,ST-TOR-001,Central,Y,Credit,2,2,18.39
TXN-0001034,ST-TOR-001,Central,Y,Credit,7,5,43.33
TXN-0001035,ST-TOR-001,Central,Y,Cash,5,3,56.64
TXN-0001036,ST-TOR-001,Central,Y,Credit,6,4,62.01
TXN-0001037,ST-TOR-001,Central,Y,Cash,1,1,17.55
TXN-0001038,ST-TOR-001,Central,N,Credit,3,2,28.87
TXN-0001039,ST-TOR-001,Central,Y,Credit,7,4,49.24
TXN-0001040,ST-TOR-001,Central,Y,Credit,2,1,10.86
TXN-0001041,ST-TOR-001,Central,Y,Debit,7,5,78.29
TXN-0001042,ST-TOR-001,Central,N,Credit,3,2,31.26
TXN-0001043,ST-TOR-001,Central,Y,Credit,5,5,46.03
TXN-0001044,ST-TOR-001,Central,Y,Credit,5,3,74.94
TXN-0001045,ST-TOR-001,Central,N,Cash,1,1,17.98
TXN-0001046,ST-TOR-001,Central,Y,Debit,6,3,67.34
TXN-0001047,ST-TOR-001,Central,N,Debit,9,5,74.54
TXN-0001048,ST-TOR-001,Central,Y,Credit,2,2,24.27
TXN-0001049,ST-TOR-001,Central,Y,Credit,2,2,19.03
TXN-0001050,ST-TOR-001,Central,N,Debit,8,4,99.48
TXN-0001051,ST-TOR-002,Central,Y,Mobile,2,2,26.61
TXN-0001052,ST-TOR-002,Central,N,Mobile,2,2,21.61
TXN-0001053,ST-TOR-002,Central,Y,Debit,4,4,35.11
TXN-0001054,ST-TOR-002,Central,N,Credit,5,5,29.75
TXN-0001055,ST-TOR-002,Central,Y,Debit,1,1,1.88
TXN-0001056,ST-TOR-002,Central,Y,Credit,2,2,14.29
TXN-0001057,ST-TOR-002,Central,Y,Credit,3,2,41.46
TXN-0001058,ST-TOR-002,Central,N,Debit,1,1,17.13
TXN-0001059,ST-TOR-002,Central,Y,Credit,6,5,48.50
TXN-0001060,ST-SCA-001,Central,N,Credit,5,4,49.39
TXN-0001061,ST-SCA-001,Central,Y,Credit,2,2,4.70
TXN-0001062,ST-SCA-001,Central,Y,Mobile,5,3,53.01
TXN-0001063,ST-SCA-001,Central,Y,Debit,3,2,28.96
TXN-0001064,ST-SCA-001,Central,Y,Debit,9,5,45.92
TXN-0001065,ST-SCA-001,Central,Y,Debit,1,1,4.26
TXN-0001066,ST-SCA-001,Central,N,Debit,6,3,25.93
TXN-0001067,ST-SCA-001,Central,Y,Cash,5,4,42.34
TXN-0001068,ST-SCA-001,Central,N,Credit,5,2,44.07
TXN-0001069,ST-MIS-001,Central,Y,Mobile,3,2,29.71
TXN-0001070,ST-MIS-001,Central,Y,Debit,3,3,34.45
TXN-0001071,ST-MIS-001,Central,Y,Debit,4,3,33.26
TXN-0001072,ST-MIS-001,Central,Y,Cash,6,2,73.76
TXN-0001073,ST-MIS-001,Central,Y,Credit,6,5,49.92
TXN-0001074,ST-MIS-001,Central,Y,Debit,4,2,41.56
TXN-0001075,ST-MIS-001,Central,N,Credit,3,3,29.94
TXN-0001076,ST-MIS-001,Central,Y,Cash,5,3,47.68
TXN-0001077,ST-MIS-001,Central,N,Debit,4,3,35.79
TXN-0001078,ST-MIS-001,Central,Y,Credit,3,3,16.13
TXN-0001079,ST-MIS-001,Central,N,Credit,2,1,26.72
TXN-0001080,ST-MIS-001,Central,N,Credit,4,2,52.08
TXN-0001081,ST-MIS-001,Central,Y,Debit,4,2,9.70
TXN-0001082,ST-MIS-001,Central,Y,Credit,2,2,21.96
TXN-0001083,ST-MIS-001,Central,N,Debit,8,4,61.86
TXN-0001084,ST-MIS-001,Central,Y,Debit,5,3,61.31
TXN-0001085,ST-MIS-001,Central,Y,Debit,8,4,59.97
TXN-0001086,ST-MIS-001,Central,N,Debit,8,5,45.35
TXN-0001087,ST-MIS-001,Central,Y,Debit,4,3,33.97
TXN-0001088,ST-MIS-001,Central,Y,Mobile,1,1,7.34
TXN-0001089,ST-BRA-001,Central,Y,Credit,1,1,7.70
TXN-0001090,ST-BRA-001,Central,Y,Credit,9,6,78.52
TXN-0001091,ST-BRA-001,Central,N,Debit,2,2,15.36
TXN-0001092,ST-BRA-001,Central,Y,Credit,9,4,94.66
TXN-0001093,ST-BRA-001,Central,Y,Credit,6,2,59.28
TXN-0001094,ST-BRA-001,Central,Y,Credit,2,2,20.74
TXN-0001095,ST-BRA-001,Central,Y,Cash,5,4,50.06
TXN-0001096,ST-BRA-001,Central,Y,Debit,9,4,62.34
TXN-0001097,ST-HAM-001,Central,N,Debit,7,3,102.52
TXN-0001098,ST-HAM-001,Central,Y,Cash,5,3,68.44
TXN-0001099,ST-HAM-001,Central,N,Mobile,5,4,34.52
TXN-0001100,ST-HAM-001,Central,Y,Credit,6,4,47.14
TXN-0001101,ST-HAM-001,Central,Y,Debit,2,2,4.58
TXN-0001102,ST-HAM-001,Central,Y,Mobile,4,4,48.47
TXN-0001103,ST-HAM-001,Central,Y,Credit,4,3,36.82
TXN-0001104,ST-KIT-001,Central,Y,Debit,4,3,15.37
TXN-0001105,ST-KIT-001,Central,N,Debit,3,3,23.84
TXN-0001106,ST-KIT-001,Central,N,Credit,6,4,26.66
TXN-0001107,ST-KIT-001,Central,Y,Credit,5,3,38.25
TXN-0001108,ST-KIT-001,Central,N,Debit,5,5,34.36
TXN-0001109,ST-KIT-001,Central,Y,Mobile,5,3,31.17
TXN-0001110,ST-KIT-001,Central,Y,Debit,7,4,41.27
TXN-0001111,ST-KIT-001,Central,N,Debit,1,1,15.65
TXN-0001112,ST-KIT-001,Central,Y,Debit,1,1,10.74
TXN-0001113,ST-KIT-001,Central,Y,Debit,8,4,83.18
TXN-0001114,ST-LON-001,Central,N,Credit,3,3,19.92
TXN-0001115,ST-LON-001,Central,Y,Debit,4,3,36.20
TXN-0001116,ST-LON-001,Central,N,Credit,5,5,65.50
TXN-0001117,ST-LON-001,Central,N,Credit,3,2,44.90
TXN-0001118,ST-LON-001,Central,N,Cash,7,4,98.11
TXN-0001119,ST-LON-001,Central,Y,Credit,4,3,18.34
TXN-0001120,ST-LON-001,Central,Y,Debit,3,3,16.81
TXN-0001121,ST-OTT-001,Eastern,Y,Credit,2,1,28.18
TXN-0001122,ST-OTT-001,Eastern,N,Cash,5,4,35.00
TXN-0001123,ST-OTT-001,Eastern,Y,Credit,6,4,63.81
TXN-0001124,ST-OTT-001,Eastern,Y,Debit,3,3,33.89
TXN-0001125,ST-OTT-001,Eastern,Y,Mobile,8,4,73.38
TXN-0001126,ST-OTT-001,Eastern,Y,Credit,5,3,16.28
TXN-0001127,ST-OTT-001,Eastern,Y,Credit,4,3,26.70
TXN-0001128,ST-OTT-002,Eastern,Y,Credit,2,1,10.84
TXN-0001129,ST-OTT-002,Eastern,Y,Cash,2,2,5.40
TXN-0001130,ST-OTT-002,Eastern,N,Credit,3,3,34.28
TXN-0001131,ST-OTT-002,Eastern,Y,Debit,3,2,22.98
TXN-0001132,ST-OTT-002,Eastern,N,Credit,4,2,43.24
TXN-0001133,ST-OTT-002,Eastern,Y,Mobile,5,3,37.81
TXN-0001134,ST-OTT-002,Eastern,Y,Credit,4,2,24.38
TXN-0001135,ST-OTT-002,Eastern,Y,Debit,4,3,44.41
TXN-0001136,ST-OTT-002,Eastern,Y,Cash,1,1,15.67
TXN-0001137,ST-CAL-001,Western,Y,Debit,3,1,50.52
TXN-0001138,ST-CAL-001,Western,Y,Credit,4,2,63.04
TXN-0001139,ST-CAL-001,Western,N,Credit,5,5,37.40
TXN-0001140,ST-CAL-001,Western,Y,Debit,2,2,21.65
TXN-0001141,ST-CAL-001,Western,N,Cash,6,2,58.72
TXN-0001142,ST-CAL-001,Western,Y,Debit,6,4,71.81
TXN-0001143,ST-CAL-001,Western,Y,Debit,2,1,6.40
TXN-0001144,ST-CAL-001,Western,Y,Cash,6,4,72.42
TXN-0001145,ST-CAL-001,Western,Y,Credit,3,3,20.64
TXN-0001146,ST-CAL-001,Western,Y,Credit,8,4,45.72
TXN-0001147,ST-CAL-001,Western,Y,Credit,4,3,24.75
TXN-0001148,ST-EDM-001,Western,Y,Debit,1,1,16.60
TXN-0001149,ST-EDM-001,Western,Y,Debit,5,3,32.46
TXN-0001150,ST-EDM-001,Western,N,Debit,4,2,56.79
TXN-0001151,ST-EDM-001,Western,Y,Credit,2,2,20.05
TXN-0001152,ST-EDM-001,Western,Y,Debit,1,1,8.10
TXN-0001153,ST-EDM-001,Western,Y,Credit,12,6,169.43
TXN-0001154,ST-EDM-001,Western,Y,Debit,3,2,30.23
TXN-0001155,ST-EDM-001,Western,Y,Debit,1,1,14.68
TXN-0001156,ST-EDM-001,Western,Y,Mobile,2,2,17.98
TXN-0001157,ST-TOR-001,Central,Y,Debit,3,2,46.46
TXN-0001158,ST-TOR-001,Central,Y,Credit,2,2,28.49
TXN-0001159,ST-TOR-001,Central,N,Mobile,3,3,31.18
TXN-0001160,ST-TOR-001,Central,Y,Credit,4,3,30.38
TXN-0001161,ST-TOR-001,Central,N,Debit,3,2,28.28
TXN-0001162,ST-TOR-001,Central,N,Credit,4,4,45.24
TXN-0001163,ST-TOR-001,Central,Y,Credit,9,6,106.43
TXN-0001164,ST-TOR-001,Central,N,Debit,4,3,18.53
TXN-0001165,ST-TOR-001,Central,Y,Debit,2,1,30.14
TXN-0001166,ST-TOR-001,Central,Y,Mobile,4,2,21.60
TXN-0001167,ST-TOR-001,Central,Y,Debit,1,1,13.56
TXN-0001168,ST-TOR-001,Central,Y,Credit,3,1,9.30
TXN-0001169,ST-TOR-001,Central,Y,Debit,1,1,16.43
TXN-0001170,ST-TOR-002,Central,Y,Mobile,7,3,55.17
TXN-0001171,ST-TOR-002,Central,N,Debit,3,2,33.15
TXN-0001172,ST-TOR-002,Central,N,Cash,5,3,30.62
TXN-0001173,ST-TOR-002,Central,Y,Mobile,4,3,24.98
TXN-0001174,ST-TOR-002,Central,N,Debit,11,6,100.27
TXN-0001175,ST-TOR-002,Central,Y,Debit,4,3,24.82
TXN-0001176,ST-TOR-002,Central,Y,Debit,7,5,94.01
TXN-0001177,ST-TOR-002,Central,Y,Credit,10,5,87.60
TXN-0001178,ST-TOR-002,Central,Y,Credit,4,2,61.61
TXN-0001179,ST-TOR-002,Central,N,Credit,2,2,18.96
TXN-0001180,ST-TOR-002,Central,Y,Cash,2,2,18.82
TXN-0001181,ST-TOR-002,Central,Y,Debit,5,4,42.91
TXN-0001182,ST-TOR-002,Central,Y,Credit,7,4,57.40
TXN-0001183,ST-TOR-002,Central,Y,Credit,7,6,66.04
TXN-0001184,ST-TOR-002,Central,Y,Debit,3,2,18.05
TXN-0001185,ST-TOR-002,Central,Y,Credit,2,2,33.01
TXN-0001186,ST-TOR-002,Central,Y,Credit,3,3,33.61
TXN-0001187,ST-SCA-001,Central,N,Credit,5,2,50.12
TXN-0001188,ST-SCA-001,Central,Y,Debit,3,2,10.48
TXN-0001189,ST-SCA-001,Central,N,Credit,5,4,67.16
TXN-0001190,ST-SCA-001,Central,Y,Debit,5,2,44.59
TXN-0001191,ST-SCA-001,Central,N,Debit,5,3,36.80
TXN-0001192,ST-SCA-001,Central,N,Credit,2,2,7.29
TXN-0001193,ST-SCA-001,Central,Y,Debit,7,4,40.42
TXN-0001194,ST-SCA-001,Central,Y,Credit,3,2,32.40
TXN-0001195,ST-SCA-001,Central,Y,Cash,2,2,21.74
TXN-0001196,ST-SCA-001,Central,N,Debit,4,3,10.95
TXN-0001197,ST-SCA-001,Central,Y,Credit,7,4,72.02
TXN-0001198,ST-SCA-001,Central,N,Debit,3,3,24.20
TXN-0001199,ST-SCA-001,Central,N,Cash,4,2,54.20
TXN-0001200,ST-MIS-001,Central,Y,Debit,5,3,50.88
TXN-0001201,ST-MIS-001,Central,Y,Credit,4,3,45.32
TXN-0001202,ST-MIS-001,Central,Y,Credit,3,2,26.10
TXN-0001203,ST-MIS-001,Central,Y,Debit,3,3,39.47
TXN-0001204,ST-MIS-001,Central,N,Cash,5,3,38.01
TXN-0001205,ST-MIS-001,Central,Y,Cash,4,3,42.12
TXN-0001206,ST-MIS-001,Central,N,Credit,7,5,50.28
TXN-0001207,ST-MIS-001,Central,N,Credit,6,4,48.05
TXN-0001208,ST-MIS-001,Central,Y,Credit,3,3,28.81
TXN-0001209,ST-MIS-001,Central,Y,Credit,3,2,12.16
TXN-0001210,ST-MIS-001,Central,Y,Credit,3,3,23.33
TXN-0001211,ST-MIS-001,Central,Y,Cash,4,4,39.63
TXN-0001212,ST-MIS-001,Central,N,Credit,2,1,34.66
TXN-0001213,ST-MIS-001,Central,N,Debit,2,2,16.18
TXN-0001214,ST-MIS-001,Central,Y,Debit,4,2,48.38
TXN-0001215,ST-MIS-001,Central,Y,Credit,5,3,57.64
TXN-0001216,ST-BRA-001,Central,N,Mobile,8,3,42.82
TXN-0001217,ST-BRA-001,Central,Y,Debit,5,3,44.60
TXN-0001218,ST-BRA-001,Central,N,Credit,8,4,70.92
TXN-0001219,ST-BRA-001,Central,Y,Debit,3,3,41.31
TXN-0001220,ST-BRA-001,Central,Y,Debit,4,2,12.52
TXN-0001221,ST-BRA-001,Central,Y,Credit,6,3,71.60
TXN-0001222,ST-BRA-001,Central,Y,Cash,6,4,26.43
TXN-0001223,ST-BRA-001,Central,Y,Mobile,2,1,12.86
TXN-0001224,ST-BRA-001,Central,Y,Debit,5,3,25.95
TXN-0001225,ST-BRA-001,Central,Y,Cash,7,4,86.34
TXN-0001226,ST-BRA-001,Central,N,Debit,7,4,71.12
TXN-0001227,ST-BRA-001,Central,Y,Debit,5,3,61.05
TXN-0001228,ST-BRA-001,Central,Y,Credit,1,1,4.31
TXN-0001229,ST-HAM-001,Central,Y,Debit,4,3,30.78
TXN-0001230,ST-HAM-001,Central,Y,Credit,3,3,27.72
TXN-0001231,ST-HAM-001,Central,N,Credit,2,1,4.46
TXN-0001232,ST-HAM-001,Central,N,Debit,2,2,17.38
TXN-0001233,ST-HAM-001,Central,Y,Credit,7,5,47.39
TXN-0001234,ST-HAM-001,Central,Y,Cash,3,2,16.76
TXN-0001235,ST-HAM-001,Central,Y,Credit,10,5,76.15
TXN-0001236,ST-HAM-001,Central,Y,Cash,5,2,72.06
TXN-0001237,ST-HAM-001,Central,Y,Credit,4,3,19.50
TXN-0001238,ST-HAM-001,Central,N,Cash,6,3,70.55
TXN-0001239,ST-HAM-001,Central,Y,Credit,3,2,37.81
TXN-0001240,ST-HAM-001,Central,Y,Credit,6,3,75.77
TXN-0001241,ST-HAM-001,Central,Y,Debit,5,5,30.07
TXN-0001242,ST-HAM-001,Central,Y,Debit,8,5,50.14
TXN-0001243,ST-KIT-001,Central,Y,Credit,1,1,5.41
TXN-0001244,ST-KIT-001,Central,Y,Debit,2,2,19.40
TXN-0001245,ST-KIT-001,Central,N,Debit,4,4,25.97
TXN-0001246,ST-KIT-001,Central,Y,Debit,6,5,50.96
TXN-0001247,ST-KIT-001,Central,Y,Credit,4,2,49.28
TXN-0001248,ST-KIT-001,Central,N,Mobile,9,4,75.64
TXN-0001249,ST-KIT-001,Central,Y,Credit,2,1,4.38
TXN-0001250,ST-KIT-001,Central,Y,Credit,2,1,10.76
TXN-0001251,ST-KIT-001,Central,Y,Credit,1,1,3.25
TXN-0001252,ST-KIT-001,Central,Y,Debit,3,3,28.26
TXN-0001253,ST-KIT-001,Central,N,Debit,5,4,32.54
TXN-0001254,ST-KIT-001,Central,Y,Debit,5,3,57.50
TXN-0001255,ST-KIT-001,Central,Y,Credit,4,2,20.06
TXN-0001256,ST-KIT-001,Central,N,Cash,5,4,32.93
TXN-0001257,ST-LON-001,Central,N,Debit,8,5,88.68
TXN-0001258,ST-LON-001,Central,Y,Credit,7,4,100.14
TXN-0001259,ST-LON-001,Central,N,Cash,6,3,78.33
TXN-0001260,ST-LON-001,Central,Y,Debit,4,4,49.05
TXN-0001261,ST-LON-001,Central,N,Debit,2,2,14.55
TXN-0001262,ST-LON-001,Central,N,Debit,6,4,41.48
TXN-0001263,ST-LON-001,Central,N,Cash,4,4,44.87
TXN-0001264,ST-LON-001,Central,N,Debit,10,6,112.96
TXN-0001265,ST-LON-001,Central,N,Debit,5,3,25.91
TXN-0001266,ST-OTT-001,Eastern,Y,Cash,5,3,38.62
TXN-0001267,ST-OTT-001,Eastern,N,Cash,4,3,58.88
TXN-0001268,ST-OTT-001,Eastern,N,Debit,8,6,83.13
TXN-0001269,ST-OTT-001,Eastern,Y,Mobile,2,2,12.91
TXN-0001270,ST-OTT-001,Eastern,Y,Credit,3,2,23.91
TXN-0001271,ST-OTT-001,Eastern,Y,Cash,2,1,28.94
TXN-0001272,ST-OTT-001,Eastern,Y,Credit,1,1,3.31
TXN-0001273,ST-OTT-001,Eastern,Y,Credit,5,3,60.81
TXN-0001274,ST-OTT-001,Eastern,Y,Credit,8,4,43.57
TXN-0001275,ST-OTT-001,Eastern,Y,Credit,4,3,45.64
TXN-0001276,ST-OTT-001,Eastern,Y,Cash,7,5,55.35
TXN-0001277,ST-OTT-001,Eastern,Y,Credit,3,1,16.17
TXN-0001278,ST-OTT-001,Eastern,N,Credit,3,3,35.00
TXN-0001279,ST-OTT-001,Eastern,Y,Debit,5,3,51.06
TXN-0001280,ST-OTT-001,Eastern,N,Debit,1,1,5.45
TXN-0001281,ST-OTT-002,Eastern,Y,Debit,6,6,41.93
TXN-0001282,ST-OTT-002,Eastern,N,Debit,8,3,107.83
TXN-0001283,ST-OTT-002,Eastern,Y,Credit,11,5,58.09
TXN-0001284,ST-OTT-002,Eastern,Y,Debit,4,3,31.05
TXN-0001285,ST-OTT-002,Eastern,Y,Cash,5,3,51.46
TXN-0001286,ST-OTT-002,Eastern,N,Cash,2,2,20.50
TXN-0001287,ST-OTT-002,Eastern,Y,Mobile,14,7,163.66
TXN-0001288,ST-OTT-002,Eastern,Y,Debit,5,2,63.98
TXN-0001289,ST-OTT-002,Eastern,N,Debit,2,1,20.62
TXN-0001290,ST-OTT-002,Eastern,N,Debit,7,3,86.75
TXN-0001291,ST-OTT-002,Eastern,Y,Credit,6,4,68.34
TXN-0001292,ST-OTT-002,Eastern,Y,Credit,3,2,20.51
TXN-0001293,ST-OTT-002,Eastern,Y,Credit,6,5,38.90
TXN-0001294,ST-CAL-001,Western,Y,Credit,4,3,43.36
TXN-0001295,ST-CAL-001,Western,Y,Debit,5,4,41.21
TXN-0001296,ST-CAL-001,Western,N,Debit,6,4,49.34
TXN-0001297,ST-CAL-001,Western,N,Cash,5,3,36.04
TXN-0001298,ST-CAL-001,Western,Y,Credit,7,4,41.60
TXN-0001299,ST-CAL-001,Western,Y,Credit,4,3,29.97
TXN-0001300,ST-CAL-001,Western,Y,Debit,9,3,55.55
TXN-0001301,ST-CAL-001,Western,Y,Mobile,3,2,25.46
TXN-0001302,ST-CAL-001,Western,Y,Credit,1,1,14.63
TXN-0001303,ST-CAL-001,Western,Y,Debit,4,3,41.19
TXN-0001304,ST-CAL-001,Western,N,Credit,8,4,105.96
TXN-0001305,ST-CAL-001,Western,N,Mobile,7,3,57.66
TXN-0001306,ST-CAL-001,Western,Y,Credit,2,2,8.59
TXN-0001307,ST-CAL-001,Western,N,Credit,4,2,35.02
TXN-0001308,ST-CAL-001,Western,N,Credit,4,3,60.32
TXN-0001309,ST-CAL-001,Western,Y,Mobile,5,4,43.68
TXN-0001310,ST-CAL-001,Western,N,Credit,15,6,154.71
TXN-0001311,ST-CAL-001,Western,N,Credit,4,2,12.28
TXN-0001312,ST-CAL-001,Western,Y,Debit,7,4,67.57
TXN-0001313,ST-CAL-001,Western,Y,Cash,4,2,47.53
TXN-0001314,ST-CAL-001,Western,Y,Debit,7,3,56.01
TXN-0001315,ST-CAL-001,Western,N,Credit,3,3,30.73
TXN-0001316,ST-EDM-001,Western,Y,Debit,3,3,37.94
TXN-0001317,ST-EDM-001,Western,Y,Debit,5,4,58.43
TXN-0001318,ST-EDM-001,Western,Y,Mobile,4,2,36.18
TXN-0001319,ST-EDM-001,Western,Y,Mobile,3,3,33.81
TXN-0001320,ST-EDM-001,Western,Y,Cash,4,2,21.70
TXN-0001321,ST-EDM-001,Western,Y,Credit,4,2,31.70
TXN-0001322,ST-EDM-001,Western,N,Debit,9,6,80.40
TXN-0001323,ST-EDM-001,Western,Y,Debit,10,4,64.74
TXN-0001324,ST-EDM-001,Western,Y,Credit,2,2,26.76
TXN-0001325,ST-EDM-001,Western,Y,Credit,4,2,49.42
TXN-0001326,ST-EDM-001,Western,N,Cash,5,4,58.73
TXN-0001327,ST-EDM-001,Western,Y,Credit,4,2,51.22
TXN-0001328,ST-EDM-001,Western,Y,Credit,2,2,25.67
TXN-0001329,ST-EDM-001,Western,Y,Debit,1,1,3.36
TXN-0001330,ST-EDM-001,Western,Y,Debit,6,3,50.02
TXN-0001331,ST-TOR-001,Central,Y,Mobile,8,5,79.22
TXN-0001332,ST-TOR-001,Central,Y,Credit,3,2,32.15
TXN-0001333,ST-TOR-001,Central,Y,Cash,1,1,3.25
TXN-0001334,ST-TOR-001,Central,Y,Cash,5,3,69.61
TXN-0001335,ST-TOR-001,Central,Y,Debit,3,2,19.43
TXN-0001336,ST-TOR-001,Central,Y,Mobile,5,3,32.32
TXN-0001337,ST-TOR-001,Central,Y,Debit,7,4,62.57
TXN-0001338,ST-TOR-001,Central,Y,Debit,1,1,5.34
TXN-0001339,ST-TOR-001,Central,Y,Debit,3,1,9.54
TXN-0001340,ST-TOR-001,Central,Y,Debit,7,4,36.98
TXN-0001341,ST-TOR-001,Central,Y,Credit,3,3,33.73
TXN-0001342,ST-TOR-001,Central,N,Debit,3,2,15.50
TXN-0001343,ST-TOR-001,Central,N,Credit,8,5,61.41
TXN-0001344,ST-TOR-001,Central,Y,Debit,4,3,35.05
TXN-0001345,ST-TOR-001,Central,Y,Debit,3,3,26.75
TXN-0001346,ST-TOR-001,Central,Y,Credit,4,2,17.41
TXN-0001347,ST-TOR-001,Central,Y,Debit,6,5,70.04
TXN-0001348,ST-TOR-001,Central,N,Credit,8,5,56.95
TXN-0001349,ST-TOR-001,Central,N,Credit,5,4,36.15
TXN-0001350,ST-TOR-001,Central,N,Credit,3,3,27.82
TXN-0001351,ST-TOR-001,Central,Y,Credit,3,3,17.31
TXN-0001352,ST-TOR-001,Central,Y,Debit,8,4,60.78
TXN-0001353,ST-TOR-001,Central,Y,Cash,5,4,41.08
TXN-0001354,ST-TOR-001,Central,Y,Credit,5,2,56.10
TXN-0001355,ST-TOR-002,Central,Y,Debit,8,5,92.79
TXN-0001356,ST-TOR-002,Central,Y,Credit,11,6,87.47
TXN-0001357,ST-TOR-002,Central,Y,Cash,2,2,18.60
TXN-0001358,ST-TOR-002,Central,Y,Cash,4,2,57.58
TXN-0001359,ST-TOR-002,Central,Y,Debit,9,5,83.21
TXN-0001360,ST-TOR-002,Central,N,Debit,9,6,77.74
TXN-0001361,ST-TOR-002,Central,Y,Debit,3,1,12.63
TXN-0001362,ST-TOR-002,Central,N,Credit,4,2,13.04
TXN-0001363,ST-TOR-002,Central,N,Debit,12,6,146.86
TXN-0001364,ST-TOR-002,Central,Y,Mobile,5,2,15.04
TXN-0001365,ST-TOR-002,Central,Y,Credit,5,4,33.32
TXN-0001366,ST-TOR-002,Central,Y,Credit,7,3,74.73
TXN-0001367,ST-TOR-002,Central,Y,Credit,2,2,18.52
TXN-0001368,ST-TOR-002,Central,N,Cash,3,1,31.86
TXN-0001369,ST-TOR-002,Central,N,Credit,2,2,21.30
TXN-0001370,ST-TOR-002,Central,Y,Debit,2,1,21.47
TXN-0001371,ST-SCA-001,Central,Y,Debit,7,3,61.52
TXN-0001372,ST-SCA-001,Central,Y,Cash,8,5,53.23
TXN-0001373,ST-SCA-001,Central,N,Debit,2,2,10.89
TXN-0001374,ST-SCA-001,Central,N,Debit,10,5,56.20
TXN-0001375,ST-SCA-001,Central,N,Credit,4,3,30.95
TXN-0001376,ST-SCA-001,Central,Y,Credit,5,4,56.81
TXN-0001377,ST-SCA-001,Central,N,Debit,7,4,63.45
TXN-0001378,ST-SCA-001,Central,Y,Mobile,1,1,15.10
TXN-0001379,ST-SCA-001,Central,Y,Cash,6,5,64.16
TXN-0001380,ST-SCA-001,Central,N,Mobile,2,2,19.80
TXN-0001381,ST-SCA-001,Central,Y,Mobile,4,3,49.59
TXN-0001382,ST-SCA-001,Central,N,Cash,2,2,12.80
TXN-0001383,ST-SCA-001,Central,Y,Credit,4,3,44.95
TXN-0001384,ST-SCA-001,Central,Y,Debit,7,4,64.59
TXN-0001385,ST-SCA-001,Central,Y,Debit,1,1,11.13
TXN-0001386,ST-SCA-001,Central,Y,Debit,3,2,37.58
TXN-0001387,ST-SCA-001,Central,N,Cash,6,2,52.12
TXN-0001388,ST-SCA-001,Central,Y,Credit,8,4,83.19
TXN-0001389,ST-SCA-001,Central,Y,Credit,5,4,55.61
TXN-0001390,ST-SCA-001,Central,Y,Credit,5,4,49.32
TXN-0001391,ST-MIS-001,Central,Y,Credit,3,2,10.00
TXN-0001392,ST-MIS-001,Central,Y,Credit,10,6,77.47
TXN-0001393,ST-MIS-001,Central,Y,Credit,3,3,34.19
TXN-0001394,ST-MIS-001,Central,N,Credit,2,2,23.13
TXN-0001395,ST-MIS-001,Central,Y,Debit,9,4,73.09
TXN-0001396,ST-MIS-001,Central,Y,Credit,3,3,31.26
TXN-0001397,ST-MIS-001,Central,N,Credit,2,2,28.31
TXN-0001398,ST-MIS-001,Central,N,Debit,2,2,12.76
TXN-0001399,ST-MIS-001,Central,N,Debit,3,1,25.32
TXN-0001400,ST-MIS-001,Central,Y,Debit,2,2,30.17
TXN-0001401,ST-MIS-001,Central,Y,Credit,5,4,50.08
TXN-0001402,ST-MIS-001,Central,N,Credit,5,4,46.36
TXN-0001403,ST-MIS-001,Central,Y,Credit,6,5,45.11
TXN-0001404,ST-BRA-001,Central,Y,Debit,7,4,82.08
TXN-0001405,ST-BRA-001,Central,Y,Credit,4,3,48.70
TXN-0001406,ST-BRA-001,Central,Y,Debit,1,1,14.82
TXN-0001407,ST-BRA-001,Central,Y,Credit,8,5,79.13
TXN-0001408,ST-BRA-001,Central,N,Credit,2,2,16.56
TXN-0001409,ST-BRA-001,Central,Y,Credit,5,4,44.70
TXN-0001410,ST-BRA-001,Central,N,Debit,3,2,44.47
TXN-0001411,ST-BRA-001,Central,Y,Credit,1,1,7.04
TXN-0001412,ST-BRA-001,Central,N,Credit,2,2,15.17
TXN-0001413,ST-BRA-001,Central,Y,Credit,5,3,45.58
TXN-0001414,ST-BRA-001,Central,Y,Mobile,4,2,38.20
TXN-0001415,ST-HAM-001,Central,N,Cash,7,4,67.96
TXN-0001416,ST-HAM-001,Central,Y,Credit,4,3,47.69
TXN-0001417,ST-HAM-001,Central,Y,Credit,6,2,42.86
TXN-0001418,ST-HAM-001,Central,N,Credit,4,2,44.27
TXN-0001419,ST-HAM-001,Central,N,Mobile,7,4,50.73
TXN-0001420,ST-HAM-001,Central,Y,Credit,5,3,44.58
TXN-0001421,ST-HAM-001,Central,Y,Credit,1,1,13.10
TXN-0001422,ST-HAM-001,Central,Y,Cash,7,4,59.74
TXN-0001423,ST-HAM-001,Central,Y,Debit,2,1,22.22
TXN-0001424,ST-HAM-001,Central,Y,Cash,2,2,18.49
TXN-0001425,ST-HAM-001,Central,N,Credit,7,5,66.50
TXN-0001426,ST-HAM-001,Central,Y,Credit,5,4,31.95
TXN-0001427,ST-HAM-001,Central,Y,Debit,2,1,31.38
TXN-0001428,ST-HAM-001,Central,Y,Debit,3,2,47.53
TXN-0001429,ST-HAM-001,Central,N,Debit,5,3,69.19
TXN-0001430,ST-HAM-001,Central,N,Credit,8,5,83.67
TXN-0001431,ST-HAM-001,Central,Y,Credit,2,2,18.33
TXN-0001432,ST-KIT-001,Central,Y,Debit,8,4,66.80
TXN-0001433,ST-KIT-001,Central,Y,Cash,7,2,68.84
TXN-0001434,ST-KIT-001,Central,N,Debit,6,3,82.78
TXN-0001435,ST-KIT-001,Central,Y,Mobile,5,4,44.60
TXN-0001436,ST-KIT-001,Central,N,Mobile,6,5,81.08
TXN-0001437,ST-KIT-001,Central,N,Credit,7,6,68.81
TXN-0001438,ST-KIT-001,Central,Y,Credit,4,3,42.69
TXN-0001439,ST-KIT-001,Central,Y,Credit,4,3,16.49
TXN-0001440,ST-KIT-001,Central,Y,Debit,4,3,30.72
TXN-0001441,ST-KIT-001,Central,Y,Mobile,7,4,56.69
TXN-0001442,ST-KIT-001,Central,Y,Mobile,3,3,17.05
TXN-0001443,ST-KIT-001,Central,Y,Credit,7,5,65.09
TXN-0001444,ST-LON-001,Central,N,Cash,2,1,14.32
TXN-0001445,ST-LON-001,Central,Y,Credit,4,4,39.58
TXN-0001446,ST-LON-001,Central,Y,Mobile,5,4,50.05
TXN-0001447,ST-LON-001,Central,N,Debit,4,2,47.70
TXN-0001448,ST-LON-001,Central,N,Debit,1,1,10.80
TXN-0001449,ST-LON-001,Central,N,Debit,6,4,58.95
TXN-0001450,ST-LON-001,Central,N,Credit,5,3,38.99
TXN-0001451,ST-LON-001,Central,Y,Credit,6,4,54.79
TXN-0001452,ST-LON-001,Central,Y,Debit,4,4,37.46
TXN-0001453,ST-LON-001,Central,Y,Debit,7,4,79.16
TXN-0001454,ST-LON-001,Central,Y,Credit,5,2,68.43
TXN-0001455,ST-LON-001,Central,Y,Debit,1,1,4.32
TXN-0001456,ST-OTT-001,Eastern,N,Debit,10,7,114.24
TXN-0001457,ST-OTT-001,Eastern,Y,Debit,7,4,26.69
TXN-0001458,ST-OTT-001,Eastern,N,Debit,5,5,44.64
TXN-0001459,ST-OTT-001,Eastern,Y,Cash,2,2,23.30
TXN-0001460,ST-OTT-001,Eastern,N,Mobile,7,4,83.63
TXN-0001461,ST-OTT-001,Eastern,Y,Debit,3,3,38.18
TXN-0001462,ST-OTT-001,Eastern,Y,Cash,2,1,29.16
TXN-0001463,ST-OTT-001,Eastern,N,Credit,4,3,30.61
TXN-0001464,ST-OTT-001,Eastern,Y,Credit,5,5,53.18
TXN-0001465,ST-OTT-001,Eastern,N,Debit,3,2,11.69
TXN-0001466,ST-OTT-001,Eastern,Y,Cash,6,5,42.25
TXN-0001467,ST-OTT-001,Eastern,N,Credit,6,5,44.43
TXN-0001468,ST-OTT-001,Eastern,Y,Debit,11,7,67.17
TXN-0001469,ST-OTT-001,Eastern,N,Debit,4,3,44.66
TXN-0001470,ST-OTT-001,Eastern,N,Credit,4,3,57.50
TXN-0001471,ST-OTT-002,Eastern,Y,Cash,3,3,34.41
TXN-0001472,ST-OTT-002,Eastern,N,Mobile,4,2,39.70
TXN-0001473,ST-OTT-002,Eastern,Y,Cash,1,1,5.55
TXN-0001474,ST-OTT-002,Eastern,Y,Cash,10,6,111.51
TXN-0001475,ST-OTT-002,Eastern,Y,Credit,4,3,11.57
TXN-0001476,ST-OTT-002,Eastern,Y,Credit,2,2,18.60
TXN-0001477,ST-OTT-002,Eastern,Y,Credit,4,3,40.32
TXN-0001478,ST-OTT-002,Eastern,Y,Mobile,6,3,55.80
TXN-0001479,ST-OTT-002,Eastern,Y,Debit,3,3,31.95
TXN-0001480,ST-OTT-002,Eastern,Y,Credit,2,2,10.25
TXN-0001481,ST-OTT-002,Eastern,Y,Credit,7,5,76.29
TXN-0001482,ST-OTT-002,Eastern,Y,Cash,5,3,34.20
TXN-0001483,ST-OTT-002,Eastern,Y,Debit,3,3,37.35
TXN-0001484,ST-OTT-002,Eastern,N,Cash,4,4,31.59
TXN-0001485,ST-OTT-002,Eastern,Y,Credit,3,3,32.92
TXN-0001486,ST-OTT-002,Eastern,Y,Debit,1,1,15.46
TXN-0001487,ST-OTT-002,Eastern,N,Credit,7,4,45.68
TXN-0001488,ST-OTT-002,Eastern,N,Credit,1,1,5.13
TXN-0001489,ST-CAL-001,Western,Y,Credit,2,2,14.59
TXN-0001490,ST-CAL-001,Western,Y,Debit,8,4,94.54
TXN-0001491,ST-CAL-001,Western,Y,Cash,4,2,20.01
TXN-0001492,ST-CAL-001,Western,N,Credit,2,1,6.78
TXN-0001493,ST-CAL-001,Western,Y,Debit,2,1,26.00
TXN-0001494,ST-CAL-001,Western,Y,Credit,7,2,62.49
TXN-0001495,ST-CAL-001,Western,Y,Cash,13,6,169.58
TXN-0001496,ST-CAL-001,Western,Y,Cash,5,2,61.21
TXN-0001497,ST-CAL-001,Western,N,Credit,3,3,46.78
TXN-0001498,ST-CAL-001,Western,Y,Debit,6,3,45.31
TXN-0001499,ST-CAL-001,Western,Y,Cash,9,4,91.81
TXN-0001500,ST-CAL-001,Western,N,Cash,5,3,50.52
TXN-0001501,ST-CAL-001,Western,Y,Debit,6,4,58.33
TXN-0001502,ST-CAL-001,Western,Y,Mobile,6,4,49.13
TXN-0001503,ST-CAL-001,Western,Y,Credit,8,5,79.59
TXN-0001504,ST-CAL-001,Western,N,Cash,7,4,67.75
TXN-0001505,ST-CAL-001,Western,N,Credit,6,3,53.23
TXN-0001506,ST-CAL-001,Western,N,Debit,8,5,105.06
TXN-0001507,ST-CAL-001,Western,N,Mobile,6,3,23.31
TXN-0001508,ST-CAL-001,Western,Y,Credit,6,4,48.63
TXN-0001509,ST-CAL-001,Western,Y,Credit,6,4,61.70
TXN-0001510,ST-EDM-001,Western,N,Debit,6,3,35.39
TXN-0001511,ST-EDM-001,Western,Y,Mobile,5,5,42.05
TXN-0001512,ST-EDM-001,Western,Y,Debit,4,2,21.88
TXN-0001513,ST-EDM-001,Western,Y,Debit,9,6,93.21
TXN-0001514,ST-EDM-001,Western,Y,Credit,5,2,15.28
TXN-0001515,ST-EDM-001,Western,Y,Credit,5,3,29.24
TXN-0001516,ST-EDM-001,Western,N,Credit,17,7,169.82
TXN-0001517,ST-EDM-001,Western,Y,Credit,9,6,90.08
TXN-0001518,ST-EDM-001,Western,N,Mobile,2,1,21.32
TXN-0001519,ST-EDM-001,Western,Y,Credit,4,2,43.32
TXN-0001520,ST-EDM-001,Western,N,Debit,7,5,90.13
TXN-0001521,ST-EDM-001,Western,N,Debit,1,1,2.22
TXN-0001522,ST-EDM-001,Western,N,Credit,3,3,26.12
TXN-0001523,ST-EDM-001,Western,Y,Credit,3,3,33.69
TXN-0001524,ST-EDM-001,Western,Y,Credit,11,4,65.15
TXN-0001525,ST-EDM-001,Western,N,Credit,2,2,16.69
TXN-0001526,ST-EDM-001,Western,Y,Debit,9,5,77.03
TXN-0001527,ST-EDM-001,Western,N,Credit,4,3,25.04
TXN-0001528,ST-EDM-001,Western,Y,Debit,7,6,80.86
TXN-0001529,ST-EDM-001,Western,Y,Credit,7,4,42.82
TXN-0001530,ST-TOR-001,Central,N,Debit,6,5,49.19
TXN-0001531,ST-TOR-001,Central,Y,Credit,3,2,46.25
TXN-0001532,ST-TOR-001,Central,N,Credit,6,4,42.92
TXN-0001533,ST-TOR-001,Central,N,Debit,6,3,73.34
TXN-0001534,ST-TOR-001,Central,N,Cash,10,7,94.32
TXN-0001535,ST-TOR-001,Central,Y,Cash,3,2,8.97
TXN-0001536,ST-TOR-001,Central,Y,Debit,3,2,31.21
TXN-0001537,ST-TOR-001,Central,Y,Credit,3,3,20.47
TXN-0001538,ST-TOR-001,Central,Y,Credit,10,6,96.18
TXN-0001539,ST-TOR-002,Central,Y,Credit,4,3,41.19
TXN-0001540,ST-TOR-002,Central,Y,Credit,7,3,48.22
TXN-0001541,ST-TOR-002,Central,N,Debit,4,2,38.97
TXN-0001542,ST-TOR-002,Central,N,Credit,5,4,39.98
TXN-0001543,ST-TOR-002,Central,N,Debit,5,3,41.65
TXN-0001544,ST-TOR-002,Central,N,Credit,7,5,71.04
TXN-0001545,ST-TOR-002,Central,N,Credit,7,4,83.33
TXN-0001546,ST-TOR-002,Central,Y,Credit,3,1,40.95
TXN-0001547,ST-TOR-002,Central,Y,Debit,5,4,48.05
TXN-0001548,ST-TOR-002,Central,Y,Debit,6,4,57.11
TXN-0001549,ST-TOR-002,Central,Y,Debit,3,1,5.61
TXN-0001550,ST-TOR-002,Central,Y,Credit,3,3,28.80
TXN-0001551,ST-TOR-002,Central,Y,Credit,2,1,11.12
TXN-0001552,ST-TOR-002,Central,Y,Credit,2,2,18.27
TXN-0001553,ST-TOR-002,Central,N,Credit,8,6,46.12
TXN-0001554,ST-TOR-002,Central,Y,Debit,1,1,7.76
TXN-0001555,ST-TOR-002,Central,Y,Cash,2,2,27.50
TXN-0001556,ST-SCA-001,Central,Y,Mobile,3,3,27.08
TXN-0001557,ST-SCA-001,Central,Y,Debit,6,4,68.81
TXN-0001558,ST-SCA-001,Central,Y,Mobile,5,3,49.33
TXN-0001559,ST-SCA-001,Central,Y,Credit,7,4,72.04
TXN-0001560,ST-SCA-001,Central,N,Debit,5,5,42.80
TXN-0001561,ST-SCA-001,Central,Y,Debit,5,4,39.25
TXN-0001562,ST-SCA-001,Central,N,Mobile,2,2,13.73
TXN-0001563,ST-MIS-001,Central,Y,Cash,5,4,40.61
TXN-0001564,ST-MIS-001,Central,N,Debit,3,2,43.96
TXN-0001565,ST-MIS-001,Central,N,Credit,2,1,23.08
TXN-0001566,ST-MIS-001,Central,Y,Credit,1,1,11.37
TXN-0001567,ST-MIS-001,Central,Y,Debit,7,5,47.70
TXN-0001568,ST-MIS-001,Central,Y,Debit,2,2,30.72
TXN-0001569,ST-MIS-001,Central,Y,Debit,6,5,58.77
TXN-0001570,ST-MIS-001,Central,N,Credit,6,5,62.75
TXN-0001571,ST-MIS-001,Central,Y,Debit,3,1,34.89
TXN-0001572,ST-MIS-001,Central,Y,Credit,4,4,14.84
TXN-0001573,ST-MIS-001,Central,Y,Cash,3,3,8.60
TXN-0001574,ST-MIS-001,Central,Y,Credit,2,2,32.64
TXN-0001575,ST-MIS-001,Central,Y,Credit,5,4,33.44
TXN-0001576,ST-MIS-001,Central,N,Debit,6,4,54.89
TXN-0001577,ST-BRA-001,Central,Y,Debit,5,4,48.48
TXN-0001578,ST-BRA-001,Central,N,Cash,2,2,27.54
TXN-0001579,ST-BRA-001,Central,Y,Debit,8,4,81.36
TXN-0001580,ST-BRA-001,Central,N,Credit,4,1,17.20
TXN-0001581,ST-BRA-001,Central,Y,Debit,1,1,8.01
TXN-0001582,ST-BRA-001,Central,Y,Credit,4,3,53.81
TXN-0001583,ST-BRA-001,Central,Y,Debit,8,6,90.77
TXN-0001584,ST-BRA-001,Central,Y,Credit,4,3,56.36
TXN-0001585,ST-BRA-001,Central,N,Debit,8,3,81.73
TXN-0001586,ST-BRA-001,Central,N,Debit,4,3,34.81
TXN-0001587,ST-HAM-001,Central,Y,Debit,2,1,4.54
TXN-0001588,ST-HAM-001,Central,N,Credit,4,2,29.14
TXN-0001589,ST-HAM-001,Central,N,Cash,3,1,26.49
TXN-0001590,ST-HAM-001,Central,Y,Debit,6,4,52.62
TXN-0001591,ST-HAM-001,Central,Y,Credit,2,2,21.95
TXN-0001592,ST-HAM-001,Central,Y,Debit,3,1,9.66
TXN-0001593,ST-HAM-001,Central,Y,Debit,6,5,53.79
TXN-0001594,ST-HAM-001,Central,Y,Debit,2,2,17.37
TXN-0001595,ST-HAM-001,Central,Y,Debit,3,2,37.53
TXN-0001596,ST-HAM-001,Central,N,Credit,4,2,11.98
TXN-0001597,ST-HAM-001,Central,N,Credit,8,3,94.97
TXN-0001598,ST-HAM-001,Central,Y,Credit,3,3,34.06
TXN-0001599,ST-HAM-001,Central,Y,Credit,6,4,47.62
TXN-0001600,ST-KIT-001,Central,N,Credit,1,1,11.08
TXN-0001601,ST-KIT-001,Central,N,Debit,6,5,52.71
TXN-0001602,ST-KIT-001,Central,N,Debit,5,4,34.00
TXN-0001603,ST-KIT-001,Central,Y,Debit,4,2,29.06
TXN-0001604,ST-KIT-001,Central,Y,Cash,4,2,31.18
TXN-0001605,ST-KIT-001,Central,Y,Cash,2,2,25.46
TXN-0001606,ST-KIT-001,Central,Y,Debit,6,3,43.97
TXN-0001607,ST-KIT-001,Central,Y,Credit,6,3,56.92
TXN-0001608,ST-KIT-001,Central,Y,Debit,5,2,13.13
TXN-0001609,ST-KIT-001,Central,N,Credit,4,3,41.43
TXN-0001610,ST-KIT-001,Central,Y,Debit,1,1,3.31
TXN-0001611,ST-KIT-001,Central,Y,Debit,2,2,28.23
TXN-0001612,ST-KIT-001,Central,N,Credit,3,3,30.82
TXN-0001613,ST-LON-001,Central,Y,Credit,3,2,24.02
TXN-0001614,ST-LON-001,Central,Y,Credit,1,1,7.44
TXN-0001615,ST-LON-001,Central,Y,Credit,4,3,51.67
TXN-0001616,ST-LON-001,Central,Y,Cash,5,3,47.66
TXN-0001617,ST-LON-001,Central,N,Cash,4,2,25.70
TXN-0001618,ST-LON-001,Central,Y,Debit,7,2,30.02
TXN-0001619,ST-LON-001,Central,Y,Credit,6,4,42.97
TXN-0001620,ST-LON-001,Central,Y,Credit,5,4,62.59
TXN-0001621,ST-LON-001,Central,Y,Credit,3,2,37.29
TXN-0001622,ST-LON-001,Central,Y,Credit,3,3,24.27
TXN-0001623,ST-LON-001,Central,Y,Credit,1,1,5.28
TXN-0001624,ST-LON-001,Central,N,Cash,10,3,91.75
TXN-0001625,ST-OTT-001,Eastern,Y,Mobile,10,6,81.74
TXN-0001626,ST-OTT-001,Eastern,Y,Mobile,7,3,83.29
TXN-0001627,ST-OTT-001,Eastern,Y,Credit,1,1,17.64
TXN-0001628,ST-OTT-001,Eastern,Y,Debit,3,3,38.23
TXN-0001629,ST-OTT-001,Eastern,Y,Credit,10,5,107.04
TXN-0001630,ST-OTT-001,Eastern,Y,Credit,1,1,17.52
TXN-0001631,ST-OTT-001,Eastern,Y,Debit,3,2,23.35
TXN-0001632,ST-OTT-001,Eastern,Y,Credit,6,4,48.93
TXN-0001633,ST-OTT-001,Eastern,Y,Cash,7,4,74.22
TXN-0001634,ST-OTT-002,Eastern,Y,Debit,6,3,69.97
TXN-0001635,ST-OTT-002,Eastern,N,Debit,2,1,31.32
TXN-0001636,ST-OTT-002,Eastern,Y,Debit,1,1,6.41
TXN-0001637,ST-OTT-002,Eastern,Y,Debit,6,5,83.24
TXN-0001638,ST-OTT-002,Eastern,N,Debit,12,7,93.96
TXN-0001639,ST-OTT-002,Eastern,N,Mobile,4,3,48.04
TXN-0001640,ST-OTT-002,Eastern,N,Mobile,3,2,26.23
TXN-0001641,ST-OTT-002,Eastern,N,Debit,5,5,42.10
TXN-0001642,ST-CAL-001,Western,Y,Debit,4,3,32.69
TXN-0001643,ST-CAL-001,Western,N,Credit,6,3,59.79
TXN-0001644,ST-CAL-001,Western,Y,Mobile,6,5,53.64
TXN-0001645,ST-CAL-001,Western,N,Credit,3,2,32.85
TXN-0001646,ST-CAL-001,Western,N,Debit,4,3,40.09
TXN-0001647,ST-CAL-001,Western,N,Credit,8,4,93.48
TXN-0001648,ST-CAL-001,Western,N,Cash,11,5,88.15
TXN-0001649,ST-CAL-001,Western,Y,Debit,2,2,9.86
TXN-0001650,ST-CAL-001,Western,Y,Mobile,3,3,17.74
TXN-0001651,ST-CAL-001,Western,Y,Debit,5,3,32.82
TXN-0001652,ST-CAL-001,Western,N,Cash,4,2,24.08
TXN-0001653,ST-CAL-001,Western,Y,Credit,5,3,52.30
TXN-0001654,ST-CAL-001,Western,Y,Debit,5,2,24.63
TXN-0001655,ST-EDM-001,Western,N,Credit,3,2,14.35
TXN-0001656,ST-EDM-001,Western,N,Credit,9,5,115.29
TXN-0001657,ST-EDM-001,Western,Y,Debit,8,4,116.14
TXN-0001658,ST-EDM-001,Western,N,Cash,1,1,3.18
TXN-0001659,ST-EDM-001,Western,Y,Credit,8,3,38.04
TXN-0001660,ST-EDM-001,Western,Y,Debit,3,2,40.22
TXN-0001661,ST-EDM-001,Western,Y,Debit,6,5,49.98
TXN-0001662,ST-EDM-001,Western,Y,Debit,2,2,20.80
TXN-0001663,ST-EDM-001,Western,N,Mobile,3,3,38.58
TXN-0001664,ST-EDM-001,Western,Y,Credit,4,3,36.24
TXN-0001665,ST-EDM-001,Western,Y,Debit,7,5,53.04
TXN-0001666,ST-EDM-001,Western,Y,Cash,13,5,120.40
TXN-0001667,ST-EDM-001,Western,Y,Cash,3,2,38.28
TXN-0001668,ST-EDM-001,Western,Y,Credit,2,1,12.78
TXN-0001669,ST-TOR-001,Central,Y,Debit,4,3,39.76
TXN-0001670,ST-TOR-001,Central,Y,Credit,6,3,26.23
TXN-0001671,ST-TOR-001,Central,Y,Credit,2,2,31.29
TXN-0001672,ST-TOR-001,Central,N,Debit,5,4,55.78
TXN-0001673,ST-TOR-001,Central,Y,Debit,4,3,29.63
TXN-0001674,ST-TOR-001,Central,N,Credit,2,2,8.75
TXN-0001675,ST-TOR-001,Central,N,Mobile,2,1,30.28
TXN-0001676,ST-TOR-001,Central,Y,Debit,1,1,15.80
TXN-0001677,ST-TOR-001,Central,Y,Debit,3,2,27.67
TXN-0001678,ST-TOR-001,Central,Y,Credit,11,5,98.14
TXN-0001679,ST-TOR-001,Central,Y,Cash,5,3,20.52
TXN-0001680,ST-TOR-001,Central,Y,Credit,1,1,3.12
TXN-0001681,ST-TOR-001,Central,Y,Cash,6,6,51.19
TXN-0001682,ST-TOR-002,Central,N,Credit,5,3,53.37
TXN-0001683,ST-TOR-002,Central,Y,Debit,1,1,13.97
TXN-0001684,ST-TOR-002,Central,Y,Debit,1,1,4.96
TXN-0001685,ST-TOR-002,Central,N,Debit,1,1,13.21
TXN-0001686,ST-TOR-002,Central,Y,Credit,6,4,64.53
TXN-0001687,ST-TOR-002,Central,Y,Cash,5,3,29.48
TXN-0001688,ST-TOR-002,Central,N,Cash,2,1,22.04
TXN-0001689,ST-TOR-002,Central,Y,Debit,4,3,61.67
TXN-0001690,ST-TOR-002,Central,N,Credit,4,4,33.20
TXN-0001691,ST-TOR-002,Central,Y,Debit,3,2,17.57
TXN-0001692,ST-TOR-002,Central,N,Credit,5,3,60.05
TXN-0001693,ST-TOR-002,Central,Y,Cash,3,3,47.12
TXN-0001694,ST-TOR-002,Central,Y,Credit,3,1,33.90
TXN-0001695,ST-SCA-001,Central,Y,Credit,5,4,60.82
TXN-0001696,ST-SCA-001,Central,N,Credit,2,2,17.95
TXN-0001697,ST-SCA-001,Central,N,Cash,2,2,22.51
TXN-0001698,ST-SCA-001,Central,Y,Cash,6,3,37.99
TXN-0001699,ST-SCA-001,Central,N,Credit,4,2,47.38
TXN-0001700,ST-SCA-001,Central,Y,Cash,2,1,34.04
TXN-0001701,ST-SCA-001,Central,Y,Credit,6,3,44.95
TXN-0001702,ST-SCA-001,Central,Y,Credit,5,4,58.40
TXN-0001703,ST-MIS-001,Central,Y,Credit,3,2,15.23
TXN-0001704,ST-MIS-001,Central,Y,Credit,6,4,79.50
TXN-0001705,ST-MIS-001,Central,Y,Credit,3,2,30.75
TXN-0001706,ST-MIS-001,Central,Y,Cash,6,3,19.60
TXN-0001707,ST-MIS-001,Central,Y,Debit,6,3,42.83
TXN-0001708,ST-MIS-001,Central,Y,Cash,6,5,40.02
TXN-0001709,ST-MIS-001,Central,Y,Debit,4,4,30.34
TXN-0001710,ST-MIS-001,Central,Y,Debit,3,2,24.57
TXN-0001711,ST-MIS-001,Central,Y,Credit,6,3,46.00
TXN-0001712,ST-MIS-001,Central,N,Mobile,4,4,38.93
TXN-0001713,ST-MIS-001,Central,Y,Debit,3,2,36.40
TXN-0001714,ST-MIS-001,Central,Y,Mobile,5,3,28.78
TXN-0001715,ST-MIS-001,Central,N,Cash,5,4,35.22
TXN-0001716,ST-MIS-001,Central,Y,Credit,1,1,7.84
TXN-0001717,ST-BRA-001,Central,N,Debit,4,3,22.72
TXN-0001718,ST-BRA-001,Central,Y,Debit,5,2,52.78
TXN-0001719,ST-BRA-001,Central,Y,Credit,12,6,92.16
TXN-0001720,ST-BRA-001,Central,Y,Debit,7,3,88.49
TXN-0001721,ST-BRA-001,Central,Y,Debit,4,4,30.10
TXN-0001722,ST-BRA-001,Central,Y,Credit,1,1,10.73
TXN-0001723,ST-BRA-001,Central,N,Debit,4,2,10.12
TXN-0001724,ST-BRA-001,Central,Y,Debit,4,2,25.63
TXN-0001725,ST-BRA-001,Central,Y,Debit,1,1,6.37
TXN-0001726,ST-BRA-001,Central,Y,Credit,5,3,45.70
TXN-0001727,ST-BRA-001,Central,N,Mobile,6,3,24.80
TXN-0001728,ST-BRA-001,Central,N,Debit,10,6,115.51
TXN-0001729,ST-BRA-001,Central,N,Mobile,3,1,16.26
TXN-0001730,ST-BRA-001,Central,N,Debit,3,1,40.80
TXN-0001731,ST-BRA-001,Central,N,Debit,2,2,17.61
TXN-0001732,ST-BRA-001,Central,N,Credit,6,5,72.43
TXN-0001733,ST-HAM-001,Central,Y,Credit,4,2,10.08
TXN-0001734,ST-HAM-001,Central,Y,Cash,4,3,42.12
TXN-0001735,ST-HAM-001,Central,Y,Credit,8,5,36.33
TXN-0001736,ST-HAM-001,Central,Y,Cash,3,2,26.02
TXN-0001737,ST-HAM-001,Central,N,Debit,6,3,50.04
TXN-0001738,ST-HAM-001,Central,N,Credit,3,3,28.49
TXN-0001739,ST-HAM-001,Central,Y,Credit,9,5,40.01
TXN-0001740,ST-HAM-001,Central,Y,Debit,4,3,34.03
TXN-0001741,ST-HAM-001,Central,Y,Credit,3,2,33.71
TXN-0001742,ST-HAM-001,Central,Y,Debit,3,3,15.32
TXN-0001743,ST-HAM-001,Central,Y,Debit,7,3,62.27
TXN-0001744,ST-HAM-001,Central,N,Cash,3,3,35.12
TXN-0001745,ST-HAM-001,Central,N,Credit,3,3,27.60
TXN-0001746,ST-HAM-001,Central,Y,Credit,5,4,60.12
TXN-0001747,ST-HAM-001,Central,N,Debit,4,3,46.59
TXN-0001748,ST-KIT-001,Central,Y,Credit,4,3,33.77
TXN-0001749,ST-KIT-001,Central,Y,Credit,1,1,5.38
TXN-0001750,ST-KIT-001,Central,Y,Debit,3,3,26.68
TXN-0001751,ST-KIT-001,Central,N,Credit,8,6,79.14
TXN-0001752,ST-KIT-001,Central,Y,Credit,11,6,127.69
TXN-0001753,ST-KIT-001,Central,Y,Credit,2,1,26.82
TXN-0001754,ST-KIT-001,Central,Y,Credit,1,1,3.29
TXN-0001755,ST-KIT-001,Central,Y,Debit,3,3,27.80
TXN-0001756,ST-KIT-001,Central,N,Credit,9,6,89.05
TXN-0001757,ST-KIT-001,Central,Y,Debit,7,3,71.41
TXN-0001758,ST-KIT-001,Central,Y,Credit,3,3,7.16
TXN-0001759,ST-KIT-001,Central,N,Credit,3,2,24.31
TXN-0001760,ST-LON-001,Central,N,Credit,5,2,78.11
TXN-0001761,ST-LON-001,Central,Y,Debit,3,3,26.95
TXN-0001762,ST-LON-001,Central,Y,Credit,8,3,79.94
TXN-0001763,ST-LON-001,Central,Y,Debit,4,3,28.13
TXN-0001764,ST-LON-001,Central,Y,Debit,5,3,30.35
TXN-0001765,ST-LON-001,Central,N,Mobile,5,3,34.36
TXN-0001766,ST-LON-001,Central,Y,Credit,2,2,16.12
TXN-0001767,ST-LON-001,Central,Y,Debit,7,4,56.73
TXN-0001768,ST-LON-001,Central,Y,Credit,8,4,109.01
TXN-0001769,ST-LON-001,Central,N,Credit,6,4,43.93
TXN-0001770,ST-OTT-001,Eastern,N,Mobile,6,4,27.51
TXN-0001771,ST-OTT-001,Eastern,N,Credit,4,3,36.74
TXN-0001772,ST-OTT-001,Eastern,N,Debit,6,3,33.04
TXN-0001773,ST-OTT-001,Eastern,Y,Debit,15,7,125.01
TXN-0001774,ST-OTT-001,Eastern,Y,Credit,6,3,54.61
TXN-0001775,ST-OTT-001,Eastern,Y,Debit,7,4,80.73
TXN-0001776,ST-OTT-001,Eastern,Y,Cash,4,3,27.62
TXN-0001777,ST-OTT-001,Eastern,Y,Debit,5,3,37.27
TXN-0001778,ST-OTT-001,Eastern,Y,Cash,5,4,61.16
TXN-0001779,ST-OTT-001,Eastern,Y,Mobile,2,2,28.52
TXN-0001780,ST-OTT-001,Eastern,Y,Credit,1,1,3.11
TXN-0001781,ST-OTT-001,Eastern,N,Debit,6,3,92.74
TXN-0001782,ST-OTT-001,Eastern,Y,Credit,6,3,76.03
TXN-0001783,ST-OTT-002,Eastern,Y,Cash,10,5,118.86
TXN-0001784,ST-OTT-002,Eastern,Y,Credit,11,5,62.47
TXN-0001785,ST-OTT-002,Eastern,N,Debit,4,4,39.25
TXN-0001786,ST-OTT-002,Eastern,Y,Mobile,7,5,57.92
TXN-0001787,ST-OTT-002,Eastern,Y,Cash,1,1,2.24
TXN-0001788,ST-OTT-002,Eastern,Y,Credit,4,2,20.32
TXN-0001789,ST-OTT-002,Eastern,Y,Cash,3,1,6.78
TXN-0001790,ST-CAL-001,Western,Y,Credit,12,6,78.85
TXN-0001791,ST-CAL-001,Western,Y,Debit,7,4,76.49
TXN-0001792,ST-CAL-001,Western,Y,Debit,3,3,28.52
TXN-0001793,ST-CAL-001,Western,Y,Debit,8,5,72.03
TXN-0001794,ST-CAL-001,Western,N,Debit,5,4,54.72
TXN-0001795,ST-CAL-001,Western,Y,Credit,7,4,53.06
TXN-0001796,ST-CAL-001,Western,Y,Debit,3,2,40.40
TXN-0001797,ST-CAL-001,Western,Y,Debit,3,2,45.78
TXN-0001798,ST-CAL-001,Western,N,Credit,6,4,42.05
TXN-0001799,ST-CAL-001,Western,Y,Debit,5,3,43.99
TXN-0001800,ST-CAL-001,Western,Y,Debit,1,1,4.38
TXN-0001801,ST-CAL-001,Western,Y,Debit,3,1,31.90
TXN-0001802,ST-CAL-001,Western,N,Credit,5,3,43.46
TXN-0001803,ST-CAL-001,Western,Y,Debit,6,3,46.98
TXN-0001804,ST-CAL-001,Western,Y,Debit,3,2,37.20
TXN-0001805,ST-EDM-001,Western,Y,Debit,5,3,40.56
TXN-0001806,ST-EDM-001,Western,Y,Debit,3,2,35.91
TXN-0001807,ST-EDM-001,Western,Y,Debit,3,3,22.68
TXN-0001808,ST-EDM-001,Western,N,Debit,6,4,58.44
TXN-0001809,ST-EDM-001,Western,Y,Cash,3,2,34.18
TXN-0001810,ST-EDM-001,Western,Y,Debit,1,1,15.93
TXN-0001811,ST-EDM-001,Western,Y,Mobile,11,7,86.15
TXN-0001812,ST-EDM-001,Western,Y,Mobile,9,4,91.85
TXN-0001813,ST-EDM-001,Western,N,Mobile,2,2,29.71
TXN-0001814,ST-EDM-001,Western,N,Mobile,4,3,32.35
TXN-0001815,ST-EDM-001,Western,Y,Debit,6,4,60.38
TXN-0001816,ST-EDM-001,Western,N,Credit,6,3,59.31
TXN-0001817,ST-EDM-001,Western,Y,Credit,6,4,53.11
TXN-0001818,ST-EDM-001,Western,Y,Cash,6,4,20.70
TXN-0001819,ST-EDM-001,Western,N,Debit,3,2,43.13
TXN-0001820,ST-EDM-001,Western,N,Credit,8,5,85.42
TXN-0001821,ST-EDM-001,Western,Y,Credit,8,4,69.71
TXN-0001822,ST-EDM-001,Western,Y,Credit,4,3,33.72
TXN-0001823,ST-EDM-001,Western,Y,Credit,5,2,32.01
TXN-0001824,ST-TOR-001,Central,Y,Credit,2,2,15.24
TXN-0001825,ST-TOR-001,Central,Y,Credit,10,6,80.88
TXN-0001826,ST-TOR-001,Central,Y,Credit,3,3,9.44
TXN-0001827,ST-TOR-001,Central,N,Cash,3,3,26.94
TXN-0001828,ST-TOR-001,Central,N,Debit,11,5,67.67
TXN-0001829,ST-TOR-001,Central,Y,Debit,4,3,60.60
TXN-0001830,ST-TOR-001,Central,Y,Mobile,4,4,32.28
TXN-0001831,ST-TOR-001,Central,N,Credit,4,2,33.90
TXN-0001832,ST-TOR-001,Central,Y,Credit,5,2,66.84
TXN-0001833,ST-TOR-001,Central,N,Debit,7,3,36.18
TXN-0001834,ST-TOR-001,Central,Y,Credit,10,4,104.36
TXN-0001835,ST-TOR-001,Central,N,Debit,3,2,25.70
TXN-0001836,ST-TOR-001,Central,Y,Credit,2,2,18.40
TXN-0001837,ST-TOR-001,Central,N,Cash,3,3,17.13
TXN-0001838,ST-TOR-001,Central,Y,Credit,2,2,5.39
TXN-0001839,ST-TOR-001,Central,Y,Credit,4,3,32.43
TXN-0001840,ST-TOR-002,Central,N,Debit,7,5,53.24
TXN-0001841,ST-TOR-002,Central,Y,Debit,3,2,31.85
TXN-0001842,ST-TOR-002,Central,Y,Debit,8,4,95.49
TXN-0001843,ST-TOR-002,Central,Y,Credit,10,5,110.34
TXN-0001844,ST-TOR-002,Central,Y,Debit,2,2,18.72
TXN-0001845,ST-TOR-002,Central,Y,Cash,4,4,36.75
TXN-0001846,ST-TOR-002,Central,N,Debit,5,3,70.71
TXN-0001847,ST-TOR-002,Central,Y,Debit,2,2,8.53
TXN-0001848,ST-TOR-002,Central,N,Credit,3,3,26.77
TXN-0001849,ST-TOR-002,Central,N,Credit,4,3,54.90
TXN-0001850,ST-TOR-002,Central,N,Cash,3,3,31.16
TXN-0001851,ST-TOR-002,Central,Y,Debit,3,3,28.71
TXN-0001852,ST-TOR-002,Central,N,Debit,4,4,23.69
TXN-0001853,ST-TOR-002,Central,Y,Cash,4,3,33.27
TXN-0001854,ST-TOR-002,Central,Y,Credit,5,4,35.92
TXN-0001855,ST-TOR-002,Central,N,Credit,4,3,38.46
TXN-0001856,ST-TOR-002,Central,Y,Debit,4,3,37.71
TXN-0001857,ST-TOR-002,Central,N,Debit,3,3,26.77
TXN-0001858,ST-TOR-002,Central,Y,Debit,7,3,65.01
TXN-0001859,ST-SCA-001,Central,N,Mobile,4,3,12.35
TXN-0001860,ST-SCA-001,Central,Y,Debit,5,2,61.65
TXN-0001861,ST-SCA-001,Central,Y,Credit,4,3,31.35
TXN-0001862,ST-SCA-001,Central,Y,Credit,9,3,64.17
TXN-0001863,ST-SCA-001,Central,Y,Debit,2,2,24.63
TXN-0001864,ST-MIS-001,Central,Y,Credit,3,2,7.02
TXN-0001865,ST-MIS-001,Central,Y,Cash,4,2,48.12
TXN-0001866,ST-MIS-001,Central,N,Credit,9,3,88.88
TXN-0001867,ST-MIS-001,Central,Y,Credit,1,1,14.82
TXN-0001868,ST-MIS-001,Central,Y,Mobile,1,1,11.34
TXN-0001869,ST-MIS-001,Central,Y,Cash,1,1,14.55
TXN-0001870,ST-MIS-001,Central,Y,Debit,8,4,70.73
TXN-0001871,ST-MIS-001,Central,Y,Debit,1,1,13.62
TXN-0001872,ST-MIS-001,Central,Y,Credit,8,5,58.13
TXN-0001873,ST-MIS-001,Central,Y,Debit,7,5,76.95
TXN-0001874,ST-MIS-001,Central,Y,Credit,6,3,52.86
TXN-0001875,ST-MIS-001,Central,N,Debit,4,4,44.96
TXN-0001876,ST-MIS-001,Central,Y,Credit,2,1,4.58
TXN-0001877,ST-MIS-001,Central,Y,Cash,6,4,52.93
TXN-0001878,ST-MIS-001,Central,Y,Cash,3,2,11.13
TXN-0001879,ST-MIS-001,Central,Y,Debit,2,2,25.67
TXN-0001880,ST-MIS-001,Central,Y,Credit,3,1,7.65
TXN-0001881,ST-MIS-001,Central,N,Debit,5,2,50.49
TXN-0001882,ST-BRA-001,Central,Y,Debit,2,1,8.38
TXN-0001883,ST-BRA-001,Central,Y,Cash,5,4,63.33
TXN-0001884,ST-BRA-001,Central,N,Debit,4,3,41.51
TXN-0001885,ST-BRA-001,Central,Y,Credit,7,6,73.15
TXN-0001886,ST-BRA-001,Central,Y,Debit,5,3,20.66
TXN-0001887,ST-BRA-001,Central,N,Credit,1,1,10.22
TXN-0001888,ST-BRA-001,Central,Y,Credit,5,3,25.81
TXN-0001889,ST-BRA-001,Central,Y,Credit,2,2,27.68
TXN-0001890,ST-BRA-001,Central,Y,Credit,2,2,17.30
TXN-0001891,ST-BRA-001,Central,N,Credit,4,3,61.94
TXN-0001892,ST-BRA-001,Central,N,Debit,10,7,67.35
TXN-0001893,ST-BRA-001,Central,Y,Mobile,7,2,48.86
TXN-0001894,ST-BRA-001,Central,N,Credit,3,3,27.94
TXN-0001895,ST-BRA-001,Central,Y,Cash,7,4,61.37
TXN-0001896,ST-HAM-001,Central,Y,Credit,1,1,10.69
TXN-0001897,ST-HAM-001,Central,N,Cash,2,2,26.07
TXN-0001898,ST-HAM-001,Central,N,Credit,5,3,44.41
TXN-0001899,ST-HAM-001,Central,Y,Credit,7,3,52.29
TXN-0001900,ST-HAM-001,Central,Y,Debit,3,2,16.72
TXN-0001901,ST-HAM-001,Central,Y,Credit,8,5,84.28
TXN-0001902,ST-HAM-001,Central,Y,Credit,6,3,43.43
TXN-0001903,ST-HAM-001,Central,Y,Cash,4,3,31.72
TXN-0001904,ST-HAM-001,Central,Y,Cash,3,2,41.93
TXN-0001905,ST-KIT-001,Central,Y,Debit,6,5,29.81
TXN-0001906,ST-KIT-001,Central,Y,Credit,4,3,26.41
TXN-0001907,ST-KIT-001,Central,Y,Debit,4,3,36.16
TXN-0001908,ST-KIT-001,Central,Y,Cash,4,3,33.12
TXN-0001909,ST-KIT-001,Central,Y,Debit,6,4,49.38
TXN-0001910,ST-KIT-001,Central,Y,Mobile,4,2,60.17
TXN-0001911,ST-KIT-001,Central,Y,Credit,7,5,78.71
TXN-0001912,ST-KIT-001,Central,N,Credit,1,1,8.01
TXN-0001913,ST-LON-001,Central,N,Credit,1,1,3.17
TXN-0001914,ST-LON-001,Central,Y,Credit,3,2,30.67
TXN-0001915,ST-LON-001,Central,Y,Cash,7,7,35.44
TXN-0001916,ST-LON-001,Central,Y,Credit,7,6,102.06
TXN-0001917,ST-LON-001,Central,N,Mobile,1,1,15.97
TXN-0001918,ST-LON-001,Central,N,Debit,3,3,28.77
TXN-0001919,ST-LON-001,Central,N,Credit,1,1,5.34
TXN-0001920,ST-LON-001,Central,Y,Credit,3,2,35.91
TXN-0001921,ST-LON-001,Central,Y,Debit,9,5,88.74
TXN-0001922,ST-LON-001,Central,Y,Credit,11,6,105.86
TXN-0001923,ST-LON-001,Central,N,Credit,3,3,25.71
TXN-0001924,ST-OTT-001,Eastern,Y,Cash,1,1,11.04
TXN-0001925,ST-OTT-001,Eastern,Y,Credit,5,3,30.18
TXN-0001926,ST-OTT-001,Eastern,Y,Credit,1,1,11.07
TXN-0001927,ST-OTT-001,Eastern,Y,Credit,3,2,34.70
TXN-0001928,ST-OTT-001,Eastern,N,Debit,5,3,23.54
TXN-0001929,ST-OTT-001,Eastern,Y,Credit,5,3,36.42
TXN-0001930,ST-OTT-001,Eastern,Y,Credit,9,7,84.59
TXN-0001931,ST-OTT-001,Eastern,N,Credit,4,2,29.26
TXN-0001932,ST-OTT-001,Eastern,Y,Credit,5,4,29.16
TXN-0001933,ST-OTT-001,Eastern,Y,Mobile,9,5,74.87
TXN-0001934,ST-OTT-001,Eastern,Y,Credit,5,3,36.44
TXN-0001935,ST-OTT-001,Eastern,N,Credit,2,2,24.73
TXN-0001936,ST-OTT-001,Eastern,Y,Credit,3,3,14.47
TXN-0001937,ST-OTT-001,Eastern,Y,Cash,5,4,47.45
TXN-0001938,ST-OTT-002,Eastern,Y,Credit,6,4,32.03
TXN-0001939,ST-OTT-002,Eastern,N,Mobile,8,4,47.66
TXN-0001940,ST-OTT-002,Eastern,Y,Debit,7,4,88.94
TXN-0001941,ST-OTT-002,Eastern,Y,Debit,2,1,11.12
TXN-0001942,ST-OTT-002,Eastern,Y,Debit,2,2,28.31
TXN-0001943,ST-OTT-002,Eastern,N,Credit,5,3,25.79
TXN-0001944,ST-OTT-002,Eastern,Y,Credit,6,5,45.30
TXN-0001945,ST-OTT-002,Eastern,N,Debit,5,4,53.64
TXN-0001946,ST-CAL-001,Western,N,Credit,2,2,19.56
TXN-0001947,ST-CAL-001,Western,Y,Debit,9,6,81.55
TXN-0001948,ST-CAL-001,Western,Y,Credit,2,2,16.78
TXN-0001949,ST-CAL-001,Western,Y,Credit,9,5,90.43
TXN-0001950,ST-CAL-001,Western,N,Credit,14,6,172.62
TXN-0001951,ST-CAL-001,Western,Y,Credit,3,1,6.75
TXN-0001952,ST-CAL-001,Western,Y,Credit,4,3,41.25
TXN-0001953,ST-CAL-001,Western,Y,Debit,5,4,58.85
TXN-0001954,ST-CAL-001,Western,Y,Debit,6,4,66.64
TXN-0001955,ST-CAL-001,Western,Y,Credit,5,2,71.27
TXN-0001956,ST-CAL-001,Western,Y,Debit,11,6,94.01
TXN-0001957,ST-CAL-001,Western,Y,Credit,5,2,63.29
TXN-0001958,ST-CAL-001,Western,Y,Cash,1,1,12.85
TXN-0001959,ST-CAL-001,Western,N,Debit,3,2,29.43
TXN-0001960,ST-CAL-001,Western,Y,Cash,4,2,48.78
TXN-0001961,ST-CAL-001,Western,Y,Debit,4,3,57.84
TXN-0001962,ST-CAL-001,Western,Y,Debit,4,2,46.69
TXN-0001963,ST-EDM-001,Western,Y,Debit,4,4,35.37
TXN-0001964,ST-EDM-001,Western,Y,Credit,7,5,75.14
TXN-0001965,ST-EDM-001,Western,Y,Credit,3,2,25.68
TXN-0001966,ST-EDM-001,Western,N,Debit,3,2,16.07
TXN-0001967,ST-EDM-001,Western,Y,Debit,9,7,93.51
TXN-0001968,ST-EDM-001,Western,Y,Debit,10,7,85.80
TXN-0001969,ST-EDM-001,Western,Y,Debit,5,4,39.16
TXN-0001970,ST-EDM-001,Western,N,Debit,4,3,47.29
TXN-0001971,ST-EDM-001,Western,N,Debit,6,3,36.29
TXN-0001972,ST-EDM-001,Western,N,Cash,7,4,71.10
TXN-0001973,ST-EDM-001,Western,Y,Mobile,4,3,55.96
TXN-0001974,ST-EDM-001,Western,Y,Debit,3,2,33.66
TXN-0001975,ST-EDM-001,Western,N,Debit,7,5,53.11
TXN-0001976,ST-TOR-001,Central,Y,Debit,11,6,123.70
TXN-0001977,ST-TOR-001,Central,Y,Debit,4,4,21.54
TXN-0001978,ST-TOR-001,Central,Y,Debit,7,4,76.98
TXN-0001979,ST-TOR-001,Central,Y,Credit,3,2,14.77
TXN-0001980,ST-TOR-001,Central,Y,Debit,5,2,14.05
TXN-0001981,ST-TOR-001,Central,Y,Credit,3,2,38.49
TXN-0001982,ST-TOR-001,Central,Y,Mobile,1,1,15.88
TXN-0001983,ST-TOR-001,Central,Y,Mobile,3,3,29.53
TXN-0001984,ST-TOR-001,Central,N,Credit,2,2,26.43
TXN-0001985,ST-TOR-001,Central,N,Cash,9,5,108.39
TXN-0001986,ST-TOR-001,Central,Y,Credit,10,5,70.03
TXN-0001987,ST-TOR-001,Central,Y,Debit,3,3,40.96
TXN-0001988,ST-TOR-001,Central,Y,Debit,4,3,54.13
TXN-0001989,ST-TOR-001,Central,Y,Credit,4,3,28.93
TXN-0001990,ST-TOR-001,Central,N,Credit,1,1,15.24
TXN-0001991,ST-TOR-001,Central,Y,Debit,3,2,28.09
TXN-0001992,ST-TOR-001,Central,N,Cash,1,1,15.33
TXN-0001993,ST-TOR-001,Central,Y,Debit,4,4,38.82
TXN-0001994,ST-TOR-002,Central,Y,Credit,6,4,52.20
TXN-0001995,ST-TOR-002,Central,Y,Debit,4,3,46.72
TXN-0001996,ST-TOR-002,Central,Y,Debit,8,7,62.86
TXN-0001997,ST-TOR-002,Central,N,Credit,8,4,70.22
TXN-0001998,ST-TOR-002,Central,Y,Debit,4,4,45.87
TXN-0001999,ST-TOR-002,Central,Y,Debit,2,2,8.58
TXN-0002000,ST-TOR-002,Central,Y,Debit,3,3,35.83
TXN-0002001,ST-TOR-002,Central,Y,Debit,11,6,91.53
TXN-0002002,ST-TOR-002,Central,N,Debit,4,4,17.42
TXN-0002003,ST-TOR-002,Central,Y,Cash,6,4,35.78
TXN-0002004,ST-TOR-002,Central,Y,Credit,3,3,26.45
TXN-0002005,ST-TOR-002,Central,Y,Debit,6,5,58.41
TXN-0002006,ST-TOR-002,Central,N,Credit,5,4,52.32
TXN-0002007,ST-SCA-001,Central,N,Credit,4,3,29.87
TXN-0002008,ST-SCA-001,Central,Y,Debit,4,3,17.04
TXN-0002009,ST-SCA-001,Central,Y,Debit,3,2,44.40
TXN-0002010,ST-SCA-001,Central,Y,Credit,3,3,25.08
TXN-0002011,ST-SCA-001,Central,Y,Debit,13,6,119.02
TXN-0002012,ST-SCA-001,Central,N,Debit,7,5,37.99
TXN-0002013,ST-SCA-001,Central,Y,Debit,3,2,29.49
TXN-0002014,ST-MIS-001,Central,Y,Debit,4,2,40.52
TXN-0002015,ST-MIS-001,Central,N,Credit,3,3,24.21
TXN-0002016,ST-MIS-001,Central,Y,Credit,12,6,137.69
TXN-0002017,ST-MIS-001,Central,Y,Debit,8,5,55.30
TXN-0002018,ST-MIS-001,Central,N,Debit,3,3,33.56
TXN-0002019,ST-MIS-001,Central,N,Debit,6,3,25.56
TXN-0002020,ST-MIS-001,Central,Y,Credit,7,4,72.98
TXN-0002021,ST-MIS-001,Central,Y,Debit,2,2,9.37
TXN-0002022,ST-MIS-001,Central,N,Debit,3,2,37.61
TXN-0002023,ST-MIS-001,Central,Y,Credit,9,5,129.19
TXN-0002024,ST-MIS-001,Central,Y,Credit,3,2,11.49
TXN-0002025,ST-MIS-001,Central,N,Mobile,8,5,89.72
TXN-0002026,ST-MIS-001,Central,Y,Credit,8,6,53.95
TXN-0002027,ST-MIS-001,Central,Y,Debit,4,2,42.47
TXN-0002028,ST-MIS-001,Central,Y,Credit,3,3,18.90
TXN-0002029,ST-MIS-001,Central,Y,Credit,4,2,48.96
TXN-0002030,ST-BRA-001,Central,N,Mobile,8,5,70.19
TXN-0002031,ST-BRA-001,Central,Y,Debit,3,2,28.78
TXN-0002032,ST-BRA-001,Central,N,Mobile,6,4,57.78
TXN-0002033,ST-BRA-001,Central,N,Debit,3,2,23.92
TXN-0002034,ST-BRA-001,Central,N,Cash,11,6,110.49
TXN-0002035,ST-BRA-001,Central,N,Mobile,6,2,40.62
TXN-0002036,ST-BRA-001,Central,N,Debit,4,4,20.99
TXN-0002037,ST-BRA-001,Central,N,Mobile,3,3,29.58
TXN-0002038,ST-BRA-001,Central,N,Debit,10,5,107.06
TXN-0002039,ST-BRA-001,Central,Y,Credit,5,3,60.18
TXN-0002040,ST-BRA-001,Central,Y,Debit,2,2,11.49
TXN-0002041,ST-BRA-001,Central,N,Cash,4,3,30.43
TXN-0002042,ST-BRA-001,Central,Y,Debit,12,7,73.03
TXN-0002043,ST-BRA-001,Central,Y,Credit,5,4,36.51
TXN-0002044,ST-BRA-001,Central,Y,Cash,2,2,13.70
TXN-0002045,ST-BRA-001,Central,Y,Debit,9,5,66.60
TXN-0002046,ST-HAM-001,Central,Y,Credit,6,4,83.89
TXN-0002047,ST-HAM-001,Central,Y,Credit,6,4,74.35
TXN-0002048,ST-HAM-001,Central,Y,Credit,5,3,48.93
TXN-0002049,ST-HAM-001,Central,Y,Credit,7,3,46.71
TXN-0002050,ST-HAM-001,Central,Y,Debit,6,2,23.28
TXN-0002051,ST-HAM-001,Central,Y,Mobile,1,1,7.12
TXN-0002052,ST-HAM-001,Central,N,Mobile,6,4,37.63
TXN-0002053,ST-HAM-001,Central,N,Cash,2,1,20.62
TXN-0002054,ST-KIT-001,Central,N,Debit,2,1,17.66
TXN-0002055,ST-KIT-001,Central,Y,Debit,2,2,19.61
TXN-0002056,ST-KIT-001,Central,Y,Debit,4,3,41.08
TXN-0002057,ST-KIT-001,Central,N,Debit,2,2,16.89
TXN-0002058,ST-KIT-001,Central,Y,Mobile,7,4,101.35
TXN-0002059,ST-KIT-001,Central,N,Credit,4,2,27.05
TXN-0002060,ST-KIT-001,Central,Y,Credit,2,2,21.05
TXN-0002061,ST-KIT-001,Central,Y,Credit,4,3,22.69
TXN-0002062,ST-KIT-001,Central,Y,Credit,2,2,14.29
TXN-0002063,ST-KIT-001,Central,N,Cash,7,2,50.32
TXN-0002064,ST-KIT-001,Central,N,Mobile,8,6,78.76
TXN-0002065,ST-KIT-001,Central,Y,Mobile,3,2,20.93
TXN-0002066,ST-LON-001,Central,Y,Credit,4,3,27.51
TXN-0002067,ST-LON-001,Central,N,Mobile,3,3,18.90
TXN-0002068,ST-LON-001,Central,Y,Credit,6,3,54.56
TXN-0002069,ST-LON-001,Central,N,Credit,4,3,31.20
TXN-0002070,ST-LON-001,Central,N,Debit,7,3,82.88
TXN-0002071,ST-LON-001,Central,N,Credit,7,4,79.16
TXN-0002072,ST-LON-001,Central,Y,Cash,2,1,14.38
TXN-0002073,ST-LON-001,Central,N,Debit,2,2,13.83
TXN-0002074,ST-LON-001,Central,Y,Credit,6,4,41.18
TXN-0002075,ST-OTT-001,Eastern,N,Credit,3,3,18.52
TXN-0002076,ST-OTT-001,Eastern,Y,Credit,1,1,3.12
TXN-0002077,ST-OTT-001,Eastern,Y,Credit,6,3,75.56
TXN-0002078,ST-OTT-001,Eastern,Y,Credit,2,2,29.18
TXN-0002079,ST-OTT-001,Eastern,Y,Debit,6,4,43.34
TXN-0002080,ST-OTT-001,Eastern,Y,Mobile,3,3,16.72
TXN-0002081,ST-OTT-001,Eastern,N,Debit,8,4,49.07
TXN-0002082,ST-OTT-001,Eastern,Y,Cash,6,6,49.88
TXN-0002083,ST-OTT-001,Eastern,N,Credit,9,5,71.34
TXN-0002084,ST-OTT-001,Eastern,Y,Credit,4,2,61.04
TXN-0002085,ST-OTT-001,Eastern,Y,Credit,1,1,3.15
TXN-0002086,ST-OTT-001,Eastern,N,Mobile,3,2,26.37
TXN-0002087,ST-OTT-001,Eastern,Y,Credit,4,3,39.16
TXN-0002088,ST-OTT-001,Eastern,Y,Credit,2,2,14.05
TXN-0002089,ST-OTT-001,Eastern,N,Debit,3,2,22.71
TXN-0002090,ST-OTT-001,Eastern,N,Debit,5,3,44.61
TXN-0002091,ST-OTT-001,Eastern,Y,Mobile,4,2,49.03
TXN-0002092,ST-OTT-002,Eastern,Y,Cash,4,3,40.69
TXN-0002093,ST-OTT-002,Eastern,Y,Credit,9,5,89.89
TXN-0002094,ST-OTT-002,Eastern,Y,Credit,4,3,33.87
TXN-0002095,ST-OTT-002,Eastern,Y,Debit,2,2,13.78
TXN-0002096,ST-OTT-002,Eastern,N,Cash,5,4,37.95
TXN-0002097,ST-OTT-002,Eastern,Y,Cash,2,2,29.36
TXN-0002098,ST-OTT-002,Eastern,N,Debit,4,4,32.93
TXN-0002099,ST-OTT-002,Eastern,Y,Credit,2,2,29.25
TXN-0002100,ST-OTT-002,Eastern,Y,Debit,4,3,25.02
TXN-0002101,ST-OTT-002,Eastern,N,Credit,6,4,45.33
TXN-0002102,ST-OTT-002,Eastern,N,Credit,7,4,62.52
TXN-0002103,ST-OTT-002,Eastern,Y,Mobile,8,5,78.26
TXN-0002104,ST-OTT-002,Eastern,N,Cash,8,4,91.91
TXN-0002105,ST-OTT-002,Eastern,Y,Mobile,4,3,61.54
TXN-0002106,ST-OTT-002,Eastern,Y,Debit,7,3,75.82
TXN-0002107,ST-CAL-001,Western,Y,Credit,4,4,39.79
TXN-0002108,ST-CAL-001,Western,Y,Cash,6,4,53.65
TXN-0002109,ST-CAL-001,Western,N,Debit,4,3,20.99
TXN-0002110,ST-CAL-001,Western,N,Credit,8,3,89.22
TXN-0002111,ST-CAL-001,Western,N,Credit,16,6,198.15
TXN-0002112,ST-CAL-001,Western,Y,Credit,12,4,122.50
TXN-0002113,ST-CAL-001,Western,N,Debit,8,5,89.03
TXN-0002114,ST-CAL-001,Western,Y,Cash,4,2,56.25
TXN-0002115,ST-CAL-001,Western,N,Credit,6,4,24.13
TXN-0002116,ST-CAL-001,Western,N,Credit,5,2,70.37
TXN-0002117,ST-CAL-001,Western,Y,Debit,3,1,18.84
TXN-0002118,ST-CAL-001,Western,Y,Credit,11,7,96.09
TXN-0002119,ST-CAL-001,Western,N,Debit,3,3,29.97
TXN-0002120,ST-CAL-001,Western,Y,Credit,8,5,48.47
TXN-0002121,ST-CAL-001,Western,Y,Debit,2,1,6.56
TXN-0002122,ST-CAL-001,Western,Y,Debit,10,3,91.37
TXN-0002123,ST-CAL-001,Western,Y,Debit,3,2,28.49
TXN-0002124,ST-EDM-001,Western,N,Debit,8,5,55.44
TXN-0002125,ST-EDM-001,Western,N,Debit,8,4,98.76
TXN-0002126,ST-EDM-001,Western,N,Debit,5,4,54.40
TXN-0002127,ST-EDM-001,Western,Y,Credit,2,1,8.66
TXN-0002128,ST-EDM-001,Western,Y,Debit,6,4,40.24
TXN-0002129,ST-EDM-001,Western,Y,Debit,3,3,29.08
TXN-0002130,ST-EDM-001,Western,Y,Debit,3,3,27.03
TXN-0002131,ST-EDM-001,Western,Y,Debit,1,1,14.73
TXN-0002132,ST-EDM-001,Western,Y,Debit,6,4,61.80
TXN-0002133,ST-EDM-001,Western,Y,Mobile,5,4,60.84
TXN-0002134,ST-EDM-001,Western,N,Mobile,10,5,89.59
TXN-0002135,ST-EDM-001,Western,N,Credit,6,3,78.96
TXN-0002136,ST-EDM-001,Western,Y,Mobile,3,1,15.60
TXN-0002137,ST-EDM-001,Western,Y,Credit,4,2,35.72
TXN-0002138,ST-EDM-001,Western,N,Debit,3,2,13.19
TXN-0002139,ST-TOR-001,Central,Y,Debit,1,1,11.82
TXN-0002140,ST-TOR-001,Central,Y,Cash,4,3,47.06
TXN-0002141,ST-TOR-001,Central,N,Debit,6,4,75.41
TXN-0002142,ST-TOR-001,Central,Y,Credit,3,2,15.64
TXN-0002143,ST-TOR-001,Central,Y,Debit,9,5,46.90
TXN-0002144,ST-TOR-001,Central,Y,Credit,3,3,22.68
TXN-0002145,ST-TOR-001,Central,N,Debit,1,1,11.90
TXN-0002146,ST-TOR-001,Central,Y,Credit,5,3,52.25
TXN-0002147,ST-TOR-001,Central,N,Credit,6,3,51.39
TXN-0002148,ST-TOR-001,Central,Y,Debit,5,4,25.61
TXN-0002149,ST-TOR-001,Central,Y,Credit,4,3,34.86
TXN-0002150,ST-TOR-001,Central,Y,Cash,4,3,31.11
TXN-0002151,ST-TOR-001,Central,Y,Cash,1,1,13.19
TXN-0002152,ST-TOR-001,Central,Y,Mobile,3,3,36.15
TXN-0002153,ST-TOR-001,Central,Y,Debit,2,2,19.40
TXN-0002154,ST-TOR-001,Central,Y,Credit,7,5,73.57
TXN-0002155,ST-TOR-001,Central,Y,Cash,4,2,30.40
TXN-0002156,ST-TOR-001,Central,Y,Debit,5,3,45.57
TXN-0002157,ST-TOR-002,Central,N,Credit,7,5,92.00
TXN-0002158,ST-TOR-002,Central,Y,Credit,3,2,33.11
TXN-0002159,ST-TOR-002,Central,Y,Debit,7,3,81.10
TXN-0002160,ST-TOR-002,Central,N,Credit,6,3,57.73
TXN-0002161,ST-TOR-002,Central,N,Debit,2,2,5.50
TXN-0002162,ST-TOR-002,Central,Y,Credit,3,3,21.50
TXN-0002163,ST-TOR-002,Central,N,Debit,7,3,85.89
TXN-0002164,ST-TOR-002,Central,Y,Cash,4,3,58.00
TXN-0002165,ST-TOR-002,Central,Y,Debit,5,4,36.68
TXN-0002166,ST-TOR-002,Central,Y,Debit,2,2,26.53
TXN-0002167,ST-TOR-002,Central,Y,Credit,10,5,96.23
TXN-0002168,ST-TOR-002,Central,Y,Mobile,6,4,77.14
TXN-0002169,ST-TOR-002,Central,Y,Cash,2,2,25.29
TXN-0002170,ST-TOR-002,Central,Y,Cash,4,2,47.22
TXN-0002171,ST-TOR-002,Central,Y,Credit,4,3,52.18
TXN-0002172,ST-TOR-002,Central,Y,Credit,3,3,22.63
TXN-0002173,ST-TOR-002,Central,N,Mobile,2,2,29.04
TXN-0002174,ST-TOR-002,Central,N,Debit,6,2,64.02
TXN-0002175,ST-SCA-001,Central,Y,Debit,5,3,57.85
TXN-0002176,ST-SCA-001,Central,N,Debit,6,5,61.53
TXN-0002177,ST-SCA-001,Central,Y,Mobile,5,4,58.58
TXN-0002178,ST-SCA-001,Central,Y,Credit,7,3,67.67
TXN-0002179,ST-SCA-001,Central,Y,Mobile,2,1,24.86
TXN-0002180,ST-SCA-001,Central,Y,Cash,1,1,6.50
TXN-0002181,ST-SCA-001,Central,N,Debit,2,2,19.25
TXN-0002182,ST-SCA-001,Central,Y,Credit,2,2,19.37
TXN-0002183,ST-SCA-001,Central,Y,Debit,9,7,120.07
TXN-0002184,ST-SCA-001,Central,N,Credit,6,3,60.30
TXN-0002185,ST-SCA-001,Central,Y,Credit,7,3,68.70
TXN-0002186,ST-SCA-001,Central,Y,Credit,4,3,35.08
TXN-0002187,ST-MIS-001,Central,N,Debit,6,5,51.22
TXN-0002188,ST-MIS-001,Central,Y,Cash,2,1,32.00
TXN-0002189,ST-MIS-001,Central,Y,Debit,1,1,8.49
TXN-0002190,ST-MIS-001,Central,N,Mobile,6,4,44.82
TXN-0002191,ST-MIS-001,Central,Y,Mobile,6,5,43.11
TXN-0002192,ST-MIS-001,Central,Y,Cash,5,5,38.57
TXN-0002193,ST-MIS-001,Central,Y,Credit,4,3,34.33
TXN-0002194,ST-MIS-001,Central,N,Cash,3,2,14.31
TXN-0002195,ST-MIS-001,Central,Y,Debit,4,3,22.74
TXN-0002196,ST-MIS-001,Central,Y,Credit,5,3,64.71
TXN-0002197,ST-MIS-001,Central,N,Credit,8,4,100.51
TXN-0002198,ST-MIS-001,Central,Y,Debit,2,1,3.86
TXN-0002199,ST-MIS-001,Central,Y,Debit,4,4,34.02
TXN-0002200,ST-BRA-001,Central,Y,Credit,4,2,29.82
TXN-0002201,ST-BRA-001,Central,Y,Debit,6,4,55.63
TXN-0002202,ST-BRA-001,Central,Y,Debit,5,2,31.12
TXN-0002203,ST-BRA-001,Central,Y,Credit,5,4,57.97
TXN-0002204,ST-BRA-001,Central,N,Debit,3,2,11.91
TXN-0002205,ST-BRA-001,Central,Y,Credit,5,4,37.90
TXN-0002206,ST-BRA-001,Central,Y,Debit,2,1,14.62
TXN-0002207,ST-BRA-001,Central,Y,Credit,6,4,23.55
TXN-0002208,ST-BRA-001,Central,Y,Debit,4,3,51.64
TXN-0002209,ST-BRA-001,Central,Y,Credit,2,1,31.76
TXN-0002210,ST-BRA-001,Central,N,Credit,5,4,44.92
TXN-0002211,ST-BRA-001,Central,Y,Credit,2,1,34.48
TXN-0002212,ST-HAM-001,Central,Y,Debit,5,3,31.47
TXN-0002213,ST-HAM-001,Central,Y,Cash,3,3,38.66
TXN-0002214,ST-HAM-001,Central,Y,Debit,6,3,22.81
TXN-0002215,ST-HAM-001,Central,Y,Mobile,2,1,6.24
TXN-0002216,ST-HAM-001,Central,Y,Credit,2,1,24.16
TXN-0002217,ST-HAM-001,Central,Y,Debit,11,5,82.52
TXN-0002218,ST-HAM-001,Central,Y,Debit,9,5,59.45
TXN-0002219,ST-KIT-001,Central,N,Credit,3,3,39.13
TXN-0002220,ST-KIT-001,Central,Y,Credit,4,3,40.88
TXN-0002221,ST-KIT-001,Central,Y,Debit,3,3,27.04
TXN-0002222,ST-KIT-001,Central,Y,Credit,3,2,29.64
TXN-0002223,ST-KIT-001,Central,Y,Credit,3,1,26.16
TXN-0002224,ST-KIT-001,Central,Y,Debit,9,4,90.94
TXN-0002225,ST-KIT-001,Central,N,Credit,3,3,29.96
TXN-0002226,ST-KIT-001,Central,Y,Debit,10,6,110.27
TXN-0002227,ST-KIT-001,Central,Y,Mobile,5,3,37.11
TXN-0002228,ST-KIT-001,Central,Y,Credit,1,1,5.52
TXN-0002229,ST-LON-001,Central,N,Debit,6,3,62.42
TXN-0002230,ST-LON-001,Central,Y,Debit,5,2,76.00
TXN-0002231,ST-LON-001,Central,Y,Debit,3,3,37.46
TXN-0002232,ST-LON-001,Central,Y,Credit,3,2,7.94
TXN-0002233,ST-LON-001,Central,Y,Credit,2,2,17.73
TXN-0002234,ST-LON-001,Central,N,Mobile,7,4,87.95
TXN-0002235,ST-LON-001,Central,N,Debit,5,4,45.21
TXN-0002236,ST-LON-001,Central,Y,Debit,7,5,61.33
TXN-0002237,ST-LON-001,Central,Y,Credit,3,3,34.22
TXN-0002238,ST-LON-001,Central,Y,Credit,10,3,83.04
TXN-0002239,ST-OTT-001,Eastern,Y,Mobile,3,2,13.93
TXN-0002240,ST-OTT-001,Eastern,Y,Mobile,9,6,69.06
TXN-0002241,ST-OTT-001,Eastern,Y,Mobile,2,2,18.40
TXN-0002242,ST-OTT-001,Eastern,Y,Debit,2,2,25.60
TXN-0002243,ST-OTT-001,Eastern,Y,Credit,5,2,19.29
TXN-0002244,ST-OTT-001,Eastern,Y,Mobile,3,3,28.56
TXN-0002245,ST-OTT-001,Eastern,Y,Credit,2,2,25.21
TXN-0002246,ST-OTT-001,Eastern,N,Credit,7,5,66.85
TXN-0002247,ST-OTT-001,Eastern,N,Debit,1,1,2.31
TXN-0002248,ST-OTT-001,Eastern,N,Debit,7,3,64.92
TXN-0002249,ST-OTT-001,Eastern,N,Debit,2,2,17.00
TXN-0002250,ST-OTT-001,Eastern,Y,Debit,8,5,85.04
TXN-0002251,ST-OTT-001,Eastern,Y,Debit,5,4,31.61
TXN-0002252,ST-OTT-001,Eastern,N,Credit,5,2,18.93
TXN-0002253,ST-OTT-002,Eastern,N,Debit,2,2,13.55
TXN-0002254,ST-OTT-002,Eastern,Y,Credit,8,4,87.91
TXN-0002255,ST-OTT-002,Eastern,Y,Debit,6,5,74.74
TXN-0002256,ST-OTT-002,Eastern,Y,Debit,6,6,65.88
TXN-0002257,ST-OTT-002,Eastern,Y,Mobile,5,2,26.44
TXN-0002258,ST-OTT-002,Eastern,Y,Debit,10,5,51.15
TXN-0002259,ST-OTT-002,Eastern,Y,Debit,3,2,30.35
TXN-0002260,ST-OTT-002,Eastern,Y,Debit,10,6,80.20
TXN-0002261,ST-OTT-002,Eastern,Y,Debit,4,2,13.28
TXN-0002262,ST-OTT-002,Eastern,Y,Credit,2,2,19.32
TXN-0002263,ST-OTT-002,Eastern,Y,Credit,4,4,31.55
TXN-0002264,ST-OTT-002,Eastern,Y,Credit,4,3,43.52
TXN-0002265,ST-CAL-001,Western,N,Cash,5,4,31.71
TXN-0002266,ST-CAL-001,Western,Y,Debit,3,2,33.12
TXN-0002267,ST-CAL-001,Western,Y,Credit,9,4,84.81
TXN-0002268,ST-CAL-001,Western,N,Debit,5,3,61.22
TXN-0002269,ST-CAL-001,Western,Y,Credit,8,5,59.36
TXN-0002270,ST-CAL-001,Western,Y,Credit,3,2,29.21
TXN-0002271,ST-CAL-001,Western,Y,Debit,5,3,58.68
TXN-0002272,ST-EDM-001,Western,Y,Credit,7,5,55.74
TXN-0002273,ST-EDM-001,Western,Y,Credit,7,6,59.22
TXN-0002274,ST-EDM-001,Western,Y,Credit,4,3,45.62
TXN-0002275,ST-EDM-001,Western,Y,Credit,2,1,4.46
TXN-0002276,ST-EDM-001,Western,Y,Credit,6,3,69.45
TXN-0002277,ST-EDM-001,Western,Y,Debit,4,4,54.27
TXN-0002278,ST-EDM-001,Western,Y,Debit,4,2,58.77
TXN-0002279,ST-EDM-001,Western,N,Mobile,6,2,66.88
TXN-0002280,ST-EDM-001,Western,Y,Cash,5,4,43.30
TXN-0002281,ST-EDM-001,Western,N,Debit,2,2,20.64
TXN-0002282,ST-EDM-001,Western,Y,Credit,9,6,77.85
TXN-0002283,ST-EDM-001,Western,Y,Debit,4,4,41.24
TXN-0002284,ST-EDM-001,Western,Y,Debit,5,4,58.54
TXN-0002285,ST-EDM-001,Western,N,Credit,11,7,116.63
TXN-0002286,ST-EDM-001,Western,Y,Debit,3,3,37.55
TXN-0002287,ST-TOR-001,Central,N,Cash,1,1,5.40
TXN-0002288,ST-TOR-001,Central,N,Credit,3,2,16.59
TXN-0002289,ST-TOR-001,Central,N,Credit,2,1,33.56
TXN-0002290,ST-TOR-001,Central,Y,Credit,1,1,10.80
TXN-0002291,ST-TOR-001,Central,Y,Credit,12,7,133.26
TXN-0002292,ST-TOR-001,Central,Y,Credit,4,2,26.46
TXN-0002293,ST-TOR-001,Central,Y,Credit,3,2,42.68
TXN-0002294,ST-TOR-001,Central,N,Debit,5,3,29.11
TXN-0002295,ST-TOR-001,Central,Y,Mobile,7,4,85.66
TXN-0002296,ST-TOR-001,Central,Y,Cash,6,4,35.12
TXN-0002297,ST-TOR-001,Central,Y,Credit,3,2,31.39
TXN-0002298,ST-TOR-001,Central,N,Credit,1,1,5.08
TXN-0002299,ST-TOR-001,Central,N,Debit,6,3,22.17
TXN-0002300,ST-TOR-001,Central,Y,Debit,3,2,20.22
TXN-0002301,ST-TOR-001,Central,Y,Credit,5,3,49.83
TXN-0002302,ST-TOR-001,Central,Y,Credit,7,4,88.86
TXN-0002303,ST-TOR-001,Central,Y,Debit,5,2,39.18
TXN-0002304,ST-TOR-002,Central,Y,Debit,6,2,57.60
TXN-0002305,ST-TOR-002,Central,Y,Debit,3,2,41.63
TXN-0002306,ST-TOR-002,Central,Y,Debit,2,1,30.68
TXN-0002307,ST-TOR-002,Central,N,Credit,2,1,9.86
TXN-0002308,ST-TOR-002,Central,Y,Cash,1,1,3.27
TXN-0002309,ST-TOR-002,Central,N,Credit,5,3,74.90
TXN-0002310,ST-TOR-002,Central,N,Debit,11,6,83.73
TXN-0002311,ST-TOR-002,Central,Y,Credit,3,2,39.89
TXN-0002312,ST-TOR-002,Central,Y,Debit,8,6,66.76
TXN-0002313,ST-TOR-002,Central,N,Credit,1,1,12.62
TXN-0002314,ST-TOR-002,Central,Y,Credit,4,4,38.24
TXN-0002315,ST-TOR-002,Central,N,Credit,5,4,67.29
TXN-0002316,ST-TOR-002,Central,N,Debit,3,3,32.38
TXN-0002317,ST-SCA-001,Central,Y,Debit,2,1,27.90
TXN-0002318,ST-SCA-001,Central,N,Credit,7,5,53.29
TXN-0002319,ST-SCA-001,Central,N,Debit,6,3,45.07
TXN-0002320,ST-SCA-001,Central,Y,Credit,1,1,4.39
TXN-0002321,ST-SCA-001,Central,Y,Debit,4,3,42.64
TXN-0002322,ST-SCA-001,Central,Y,Credit,5,2,70.93
TXN-0002323,ST-SCA-001,Central,N,Credit,1,1,3.16
TXN-0002324,ST-SCA-001,Central,Y,Debit,3,2,39.34
TXN-0002325,ST-SCA-001,Central,N,Credit,7,5,47.05
TXN-0002326,ST-SCA-001,Central,Y,Debit,11,5,99.33
TXN-0002327,ST-SCA-001,Central,Y,Debit,3,2,12.27
TXN-0002328,ST-MIS-001,Central,N,Credit,5,3,30.89
TXN-0002329,ST-MIS-001,Central,N,Credit,4,2,59.19
TXN-0002330,ST-MIS-001,Central,Y,Credit,9,5,57.64
TXN-0002331,ST-MIS-001,Central,Y,Credit,3,2,25.39
TXN-0002332,ST-MIS-001,Central,N,Credit,5,3,60.44
TXN-0002333,ST-MIS-001,Central,N,Debit,5,3,22.95
TXN-0002334,ST-MIS-001,Central,N,Credit,9,7,73.98
TXN-0002335,ST-MIS-001,Central,Y,Credit,8,4,37.38
TXN-0002336,ST-MIS-001,Central,Y,Credit,11,7,96.40
TXN-0002337,ST-MIS-001,Central,N,Debit,6,4,41.38
TXN-0002338,ST-MIS-001,Central,N,Debit,2,2,7.06
TXN-0002339,ST-MIS-001,Central,N,Credit,3,2,18.06
TXN-0002340,ST-MIS-001,Central,Y,Cash,6,4,71.64
TXN-0002341,ST-MIS-001,Central,Y,Credit,4,3,20.10
TXN-0002342,ST-BRA-001,Central,Y,Debit,6,3,76.28
TXN-0002343,ST-BRA-001,Central,Y,Credit,4,2,35.72
TXN-0002344,ST-BRA-001,Central,Y,Debit,7,6,46.97
TXN-0002345,ST-BRA-001,Central,Y,Debit,2,2,29.64
TXN-0002346,ST-BRA-001,Central,N,Cash,6,4,49.72
TXN-0002347,ST-BRA-001,Central,Y,Debit,7,6,64.96
TXN-0002348,ST-BRA-001,Central,N,Credit,6,4,52.30
TXN-0002349,ST-BRA-001,Central,Y,Credit,3,2,26.12
TXN-0002350,ST-BRA-001,Central,Y,Cash,3,3,25.95
TXN-0002351,ST-BRA-001,Central,N,Debit,5,4,75.83
TXN-0002352,ST-BRA-001,Central,Y,Credit,5,2,32.78
TXN-0002353,ST-BRA-001,Central,Y,Debit,4,2,19.20
TXN-0002354,ST-BRA-001,Central,N,Debit,4,4,61.88
TXN-0002355,ST-HAM-001,Central,N,Mobile,2,2,22.93
TXN-0002356,ST-HAM-001,Central,Y,Debit,3,3,30.16
TXN-0002357,ST-HAM-001,Central,N,Cash,6,3,78.66
TXN-0002358,ST-HAM-001,Central,N,Credit,7,4,54.46
TXN-0002359,ST-HAM-001,Central,N,Cash,4,4,25.25
TXN-0002360,ST-HAM-001,Central,Y,Credit,3,3,37.67
TXN-0002361,ST-HAM-001,Central,Y,Credit,5,4,45.18
TXN-0002362,ST-HAM-001,Central,Y,Debit,6,5,53.34
TXN-0002363,ST-HAM-001,Central,Y,Credit,5,4,63.31
TXN-0002364,ST-HAM-001,Central,Y,Credit,5,4,51.29
TXN-0002365,ST-HAM-001,Central,Y,Debit,7,4,68.36
TXN-0002366,ST-HAM-001,Central,N,Credit,4,2,41.15
TXN-0002367,ST-KIT-001,Central,N,Debit,7,3,74.65
TXN-0002368,ST-KIT-001,Central,N,Debit,1,1,3.04
TXN-0002369,ST-KIT-001,Central,N,Credit,6,4,77.15
TXN-0002370,ST-KIT-001,Central,Y,Debit,6,5,48.65
TXN-0002371,ST-KIT-001,Central,N,Credit,3,3,22.77
TXN-0002372,ST-KIT-001,Central,Y,Debit,2,2,23.99
TXN-0002373,ST-KIT-001,Central,N,Debit,2,2,31.79
TXN-0002374,ST-KIT-001,Central,Y,Debit,1,1,3.10
TXN-0002375,ST-KIT-001,Central,Y,Debit,3,3,24.66
TXN-0002376,ST-KIT-001,Central,N,Cash,4,3,63.76
TXN-0002377,ST-KIT-001,Central,N,Debit,4,3,41.11
TXN-0002378,ST-LON-001,Central,Y,Debit,2,1,17.76
TXN-0002379,ST-LON-001,Central,N,Credit,4,4,30.75
TXN-0002380,ST-LON-001,Central,Y,Credit,5,4,47.49
TXN-0002381,ST-LON-001,Central,Y,Credit,8,6,90.51
TXN-0002382,ST-LON-001,Central,Y,Debit,4,4,54.12
TXN-0002383,ST-LON-001,Central,Y,Credit,7,5,48.49
TXN-0002384,ST-LON-001,Central,N,Credit,6,4,60.87
TXN-0002385,ST-LON-001,Central,Y,Debit,4,2,20.07
TXN-0002386,ST-LON-001,Central,Y,Debit,4,2,64.54
TXN-0002387,ST-LON-001,Central,N,Mobile,9,7,65.13
TXN-0002388,ST-LON-001,Central,N,Credit,1,1,11.63
TXN-0002389,ST-LON-001,Central,Y,Debit,7,3,28.55
TXN-0002390,ST-LON-001,Central,Y,Debit,5,2,71.47
TXN-0002391,ST-LON-001,Central,Y,Credit,1,1,8.10
TXN-0002392,ST-LON-001,Central,N,Debit,4,3,46.49
TXN-0002393,ST-LON-001,Central,Y,Credit,4,3,30.20
TXN-0002394,ST-LON-001,Central,N,Credit,3,3,12.29
TXN-0002395,ST-LON-001,Central,Y,Debit,10,5,71.90
TXN-0002396,ST-LON-001,Central,N,Credit,3,3,24.74
TXN-0002397,ST-OTT-001,Eastern,N,Mobile,6,3,45.79
TXN-0002398,ST-OTT-001,Eastern,Y,Credit,4,3,23.30
TXN-0002399,ST-OTT-001,Eastern,N,Credit,2,2,17.27
TXN-0002400,ST-OTT-001,Eastern,Y,Cash,8,6,92.11
TXN-0002401,ST-OTT-001,Eastern,Y,Cash,6,4,63.88
TXN-0002402,ST-OTT-001,Eastern,N,Credit,2,1,34.70
TXN-0002403,ST-OTT-001,Eastern,Y,Credit,2,2,30.54
TXN-0002404,ST-OTT-001,Eastern,Y,Debit,5,3,66.87
TXN-0002405,ST-OTT-001,Eastern,N,Credit,9,4,93.22
TXN-0002406,ST-OTT-001,Eastern,Y,Debit,1,1,11.50
TXN-0002407,ST-OTT-001,Eastern,Y,Debit,4,2,37.04
TXN-0002408,ST-OTT-001,Eastern,N,Debit,3,2,28.54
TXN-0002409,ST-OTT-001,Eastern,Y,Mobile,5,3,48.03
TXN-0002410,ST-OTT-001,Eastern,N,Mobile,3,2,28.53
TXN-0002411,ST-OTT-001,Eastern,Y,Cash,3,2,32.79
TXN-0002412,ST-OTT-002,Eastern,N,Mobile,2,2,15.26
TXN-0002413,ST-OTT-002,Eastern,Y,Cash,6,2,34.74
TXN-0002414,ST-OTT-002,Eastern,N,Credit,4,3,25.02
TXN-0002415,ST-OTT-002,Eastern,Y,Cash,5,3,38.61
TXN-0002416,ST-OTT-002,Eastern,N,Credit,2,2,17.62
TXN-0002417,ST-OTT-002,Eastern,Y,Debit,6,5,75.26
TXN-0002418,ST-OTT-002,Eastern,N,Credit,4,2,27.48
TXN-0002419,ST-OTT-002,Eastern,N,Mobile,2,2,12.61
TXN-0002420,ST-OTT-002,Eastern,N,Credit,5,3,58.97
TXN-0002421,ST-OTT-002,Eastern,Y,Cash,4,3,27.03
TXN-0002422,ST-OTT-002,Eastern,Y,Credit,5,3,65.13
TXN-0002423,ST-OTT-002,Eastern,N,Credit,3,3,39.65
TXN-0002424,ST-OTT-002,Eastern,Y,Debit,4,3,41.52
TXN-0002425,ST-OTT-002,Eastern,Y,Credit,4,1,61.88
TXN-0002426,ST-OTT-002,Eastern,Y,Credit,2,2,6.43
TXN-0002427,ST-CAL-001,Western,Y,Credit,5,2,60.87
TXN-0002428,ST-CAL-001,Western,Y,Mobile,7,3,24.51
TXN-0002429,ST-CAL-001,Western,Y,Debit,6,3,50.66
TXN-0002430,ST-CAL-001,Western,Y,Debit,3,2,10.43
TXN-0002431,ST-CAL-001,Western,Y,Cash,6,4,46.40
TXN-0002432,ST-CAL-001,Western,N,Mobile,8,3,28.05
TXN-0002433,ST-CAL-001,Western,Y,Mobile,4,3,37.69
TXN-0002434,ST-CAL-001,Western,Y,Credit,4,3,44.22
TXN-0002435,ST-CAL-001,Western,N,Credit,9,5,77.81
TXN-0002436,ST-CAL-001,Western,Y,Credit,7,3,94.07
TXN-0002437,ST-CAL-001,Western,Y,Debit,4,3,55.54
TXN-0002438,ST-CAL-001,Western,Y,Credit,4,2,43.54
TXN-0002439,ST-EDM-001,Western,Y,Mobile,4,4,34.25
TXN-0002440,ST-EDM-001,Western,Y,Credit,3,3,27.53
TXN-0002441,ST-EDM-001,Western,Y,Mobile,6,5,46.30
TXN-0002442,ST-EDM-001,Western,Y,Debit,4,3,46.90
TXN-0002443,ST-EDM-001,Western,N,Debit,3,2,19.28
TXN-0002444,ST-EDM-001,Western,Y,Debit,3,3,26.21
TXN-0002445,ST-EDM-001,Western,Y,Credit,3,2,15.84
TXN-0002446,ST-EDM-001,Western,Y,Debit,3,2,30.29
TXN-0002447,ST-EDM-001,Western,N,Credit,4,3,59.47
TXN-0002448,ST-EDM-001,Western,Y,Debit,7,4,62.40
TXN-0002449,ST-EDM-001,Western,Y,Credit,11,6,101.02
TXN-0002450,ST-EDM-001,Western,N,Credit,3,2,9.48
TXN-0002451,ST-EDM-001,Western,Y,Credit,5,4,61.21
TXN-0002452,ST-EDM-001,Western,Y,Debit,8,7,88.56
TXN-0002453,ST-EDM-001,Western,N,Credit,6,5,52.68
TXN-0002454,ST-EDM-001,Western,Y,Credit,6,2,96.30
TXN-0002455,ST-EDM-001,Western,N,Debit,5,4,67.99
TXN-0002456,ST-EDM-001,Western,N,Credit,5,3,73.17
TXN-0002457,ST-EDM-001,Western,N,Credit,3,3,38.51
TXN-0002458,ST-EDM-001,Western,Y,Debit,4,3,33.20
TXN-0002459,ST-TOR-001,Central,N,Credit,2,2,10.61
TXN-0002460,ST-TOR-001,Central,N,Credit,3,3,6.93
TXN-0002461,ST-TOR-001,Central,Y,Debit,1,1,16.92
TXN-0002462,ST-TOR-001,Central,Y,Credit,1,1,12.26
TXN-0002463,ST-TOR-001,Central,Y,Credit,1,1,5.27
TXN-0002464,ST-TOR-001,Central,Y,Debit,4,2,12.82
TXN-0002465,ST-TOR-001,Central,N,Credit,2,2,22.45
TXN-0002466,ST-TOR-001,Central,Y,Debit,8,6,72.90
TXN-0002467,ST-TOR-001,Central,N,Cash,4,3,38.33
TXN-0002468,ST-TOR-001,Central,N,Credit,3,2,25.95
TXN-0002469,ST-TOR-001,Central,Y,Credit,6,3,39.63
TXN-0002470,ST-TOR-001,Central,Y,Credit,6,2,78.86
TXN-0002471,ST-TOR-001,Central,Y,Credit,1,1,5.43
TXN-0002472,ST-TOR-001,Central,N,Cash,6,6,45.53
TXN-0002473,ST-TOR-001,Central,Y,Credit,1,1,11.75
TXN-0002474,ST-TOR-001,Central,Y,Credit,2,2,13.35
TXN-0002475,ST-TOR-001,Central,N,Cash,1,1,2.21
TXN-0002476,ST-TOR-002,Central,N,Debit,3,1,34.05
TXN-0002477,ST-TOR-002,Central,Y,Debit,9,4,92.75
TXN-0002478,ST-TOR-002,Central,Y,Cash,8,6,81.56
TXN-0002479,ST-TOR-002,Central,Y,Debit,5,3,27.09
TXN-0002480,ST-TOR-002,Central,Y,Credit,8,5,101.66
TXN-0002481,ST-TOR-002,Central,N,Cash,7,4,79.89
TXN-0002482,ST-TOR-002,Central,N,Cash,4,3,14.43
TXN-0002483,ST-TOR-002,Central,Y,Mobile,3,2,25.04
TXN-0002484,ST-TOR-002,Central,Y,Cash,8,4,88.64
TXN-0002485,ST-TOR-002,Central,Y,Debit,1,1,2.59
TXN-0002486,ST-TOR-002,Central,Y,Debit,5,4,44.14
TXN-0002487,ST-TOR-002,Central,Y,Debit,5,3,24.77
TXN-0002488,ST-SCA-001,Central,N,Debit,5,4,47.57
TXN-0002489,ST-SCA-001,Central,Y,Credit,4,4,33.09
TXN-0002490,ST-SCA-001,Central,Y,Credit,3,2,41.37
TXN-0002491,ST-SCA-001,Central,Y,Debit,5,4,43.50
TXN-0002492,ST-SCA-001,Central,N,Debit,2,2,6.40
TXN-0002493,ST-SCA-001,Central,Y,Mobile,6,3,42.30
TXN-0002494,ST-SCA-001,Central,Y,Debit,3,2,20.14
TXN-0002495,ST-SCA-001,Central,Y,Credit,3,3,36.77
TXN-0002496,ST-SCA-001,Central,Y,Credit,8,4,98.15
TXN-0002497,ST-SCA-001,Central,Y,Credit,4,3,58.28
TXN-0002498,ST-SCA-001,Central,N,Mobile,3,2,34.12
TXN-0002499,ST-SCA-001,Central,Y,Credit,1,1,7.11
TXN-0002500,ST-SCA-001,Central,Y,Debit,1,1,10.04
TXN-0002501,ST-SCA-001,Central,Y,Credit,5,3,38.12
TXN-0002502,ST-SCA-001,Central,Y,Credit,7,5,32.35
TXN-0002503,ST-SCA-001,Central,Y,Cash,7,3,62.29
TXN-0002504,ST-SCA-001,Central,N,Debit,3,2,41.77
TXN-0002505,ST-SCA-001,Central,Y,Debit,2,2,14.64
TXN-0002506,ST-SCA-001,Central,N,Credit,2,2,14.31
TXN-0002507,ST-SCA-001,Central,N,Debit,7,3,27.59
TXN-0002508,ST-SCA-001,Central,Y,Credit,4,4,33.57
TXN-0002509,ST-SCA-001,Central,Y,Debit,3,2,46.80
TXN-0002510,ST-MIS-001,Central,Y,Debit,3,2,39.02
TXN-0002511,ST-MIS-001,Central,N,Credit,7,3,82.56
TXN-0002512,ST-MIS-001,Central,Y,Debit,4,3,55.25
TXN-0002513,ST-MIS-001,Central,Y,Debit,2,2,9.71
TXN-0002514,ST-MIS-001,Central,Y,Debit,4,2,24.23
TXN-0002515,ST-MIS-001,Central,Y,Debit,2,1,21.40
TXN-0002516,ST-MIS-001,Central,Y,Cash,4,2,56.03
TXN-0002517,ST-MIS-001,Central,Y,Cash,2,2,23.50
TXN-0002518,ST-MIS-001,Central,Y,Credit,7,4,57.30
TXN-0002519,ST-MIS-001,Central,Y,Mobile,6,5,62.59
TXN-0002520,ST-MIS-001,Central,N,Debit,7,5,61.78
TXN-0002521,ST-MIS-001,Central,N,Credit,4,4,43.62
TXN-0002522,ST-MIS-001,Central,N,Debit,9,4,48.95
TXN-0002523,ST-MIS-001,Central,Y,Cash,4,4,34.56
TXN-0002524,ST-MIS-001,Central,N,Cash,3,3,39.83
TXN-0002525,ST-BRA-001,Central,Y,Cash,6,4,70.12
TXN-0002526,ST-BRA-001,Central,Y,Debit,7,5,64.24
TXN-0002527,ST-BRA-001,Central,Y,Debit,5,2,66.06
TXN-0002528,ST-BRA-001,Central,N,Credit,10,5,112.15
TXN-0002529,ST-BRA-001,Central,Y,Debit,1,1,5.48
TXN-0002530,ST-BRA-001,Central,Y,Credit,2,2,22.85
TXN-0002531,ST-BRA-001,Central,N,Debit,7,4,62.01
TXN-0002532,ST-BRA-001,Central,Y,Debit,4,2,39.61
TXN-0002533,ST-BRA-001,Central,Y,Credit,5,3,33.86
TXN-0002534,ST-BRA-001,Central,Y,Debit,4,3,64.27
TXN-0002535,ST-BRA-001,Central,N,Mobile,9,5,106.63
TXN-0002536,ST-BRA-001,Central,Y,Credit,2,2,9.65
TXN-0002537,ST-HAM-001,Central,Y,Credit,3,3,37.76
TXN-0002538,ST-HAM-001,Central,N,Mobile,4,4,39.30
TXN-0002539,ST-HAM-001,Central,Y,Mobile,7,5,75.15
TXN-0002540,ST-HAM-001,Central,N,Credit,3,3,17.57
TXN-0002541,ST-HAM-001,Central,Y,Debit,9,5,50.69
TXN-0002542,ST-HAM-001,Central,Y,Debit,3,2,17.62
TXN-0002543,ST-HAM-001,Central,Y,Credit,1,1,15.27
TXN-0002544,ST-HAM-001,Central,Y,Cash,5,3,59.61
TXN-0002545,ST-HAM-001,Central,N,Cash,5,3,45.82
TXN-0002546,ST-HAM-001,Central,Y,Mobile,4,3,41.09
TXN-0002547,ST-HAM-001,Central,Y,Credit,7,6,87.68
TXN-0002548,ST-KIT-001,Central,Y,Credit,6,6,51.00
TXN-0002549,ST-KIT-001,Central,N,Credit,3,1,46.83
TXN-0002550,ST-KIT-001,Central,Y,Cash,6,2,31.70
TXN-0002551,ST-KIT-001,Central,Y,Credit,3,2,32.85
TXN-0002552,ST-KIT-001,Central,N,Credit,3,3,36.26
TXN-0002553,ST-KIT-001,Central,Y,Cash,9,5,102.10
TXN-0002554,ST-KIT-001,Central,Y,Debit,4,3,58.98
TXN-0002555,ST-KIT-001,Central,N,Debit,2,1,23.06
TXN-0002556,ST-KIT-001,Central,Y,Credit,6,2,58.52
TXN-0002557,ST-LON-001,Central,N,Credit,6,3,81.66
TXN-0002558,ST-LON-001,Central,Y,Debit,5,5,41.86
TXN-0002559,ST-LON-001,Central,N,Debit,4,3,36.20
TXN-0002560,ST-LON-001,Central,N,Credit,2,2,7.77
TXN-0002561,ST-LON-001,Central,Y,Credit,9,7,72.10
TXN-0002562,ST-LON-001,Central,N,Credit,8,5,73.11
TXN-0002563,ST-LON-001,Central,Y,Debit,2,2,15.61
TXN-0002564,ST-LON-001,Central,Y,Cash,2,2,11.65
TXN-0002565,ST-LON-001,Central,N,Debit,5,3,70.80
TXN-0002566,ST-LON-001,Central,N,Credit,2,2,27.07
TXN-0002567,ST-LON-001,Central,Y,Credit,2,2,27.12
TXN-0002568,ST-LON-001,Central,Y,Credit,4,3,37.66
TXN-0002569,ST-OTT-001,Eastern,Y,Debit,6,4,53.85
TXN-0002570,ST-OTT-001,Eastern,Y,Credit,7,4,86.93
TXN-0002571,ST-OTT-001,Eastern,Y,Credit,1,1,14.58
TXN-0002572,ST-OTT-001,Eastern,Y,Credit,3,3,22.41
TXN-0002573,ST-OTT-001,Eastern,Y,Credit,3,3,33.11
TXN-0002574,ST-OTT-001,Eastern,Y,Credit,1,1,3.43
TXN-0002575,ST-OTT-001,Eastern,Y,Debit,3,2,38.18
TXN-0002576,ST-OTT-001,Eastern,N,Debit,5,4,47.74
TXN-0002577,ST-OTT-001,Eastern,Y,Credit,5,3,42.96
TXN-0002578,ST-OTT-001,Eastern,Y,Debit,2,1,31.48
TXN-0002579,ST-OTT-001,Eastern,N,Credit,4,3,36.44
TXN-0002580,ST-OTT-001,Eastern,Y,Debit,5,4,48.09
TXN-0002581,ST-OTT-001,Eastern,N,Credit,3,2,13.32
TXN-0002582,ST-OTT-002,Eastern,Y,Debit,6,5,77.71
TXN-0002583,ST-OTT-002,Eastern,Y,Debit,7,5,80.03
TXN-0002584,ST-OTT-002,Eastern,Y,Debit,2,2,11.68
TXN-0002585,ST-OTT-002,Eastern,Y,Debit,3,3,23.09
TXN-0002586,ST-OTT-002,Eastern,Y,Credit,2,2,24.99
TXN-0002587,ST-OTT-002,Eastern,Y,Credit,3,2,16.57
TXN-0002588,ST-OTT-002,Eastern,Y,Debit,4,2,37.62
TXN-0002589,ST-OTT-002,Eastern,Y,Credit,6,4,81.79
TXN-0002590,ST-OTT-002,Eastern,Y,Credit,7,4,69.33
TXN-0002591,ST-OTT-002,Eastern,Y,Credit,5,3,57.80
TXN-0002592,ST-OTT-002,Eastern,Y,Credit,3,2,38.43
TXN-0002593,ST-OTT-002,Eastern,Y,Credit,5,5,50.09
TXN-0002594,ST-OTT-002,Eastern,N,Credit,2,1,32.48
TXN-0002595,ST-CAL-001,Western,Y,Credit,1,1,10.60
TXN-0002596,ST-CAL-001,Western,N,Mobile,5,3,16.74
TXN-0002597,ST-CAL-001,Western,N,Credit,5,4,46.84
TXN-0002598,ST-CAL-001,Western,Y,Debit,5,3,55.39
TXN-0002599,ST-CAL-001,Western,N,Debit,3,3,21.85
TXN-0002600,ST-CAL-001,Western,N,Credit,3,3,19.32
TXN-0002601,ST-CAL-001,Western,N,Debit,5,3,41.82
TXN-0002602,ST-CAL-001,Western,Y,Credit,3,2,25.75
TXN-0002603,ST-CAL-001,Western,Y,Credit,1,1,8.64
TXN-0002604,ST-EDM-001,Western,Y,Debit,4,3,14.02
TXN-0002605,ST-EDM-001,Western,Y,Debit,8,6,84.36
TXN-0002606,ST-EDM-001,Western,N,Debit,4,1,34.24
TXN-0002607,ST-EDM-001,Western,Y,Debit,4,2,57.65
TXN-0002608,ST-EDM-001,Western,Y,Debit,9,4,103.63
TXN-0002609,ST-EDM-001,Western,Y,Cash,7,4,54.20
TXN-0002610,ST-EDM-001,Western,N,Credit,8,4,90.67
TXN-0002611,ST-EDM-001,Western,Y,Cash,2,2,18.58
TXN-0002612,ST-EDM-001,Western,Y,Credit,5,3,43.15
TXN-0002613,ST-EDM-001,Western,Y,Credit,2,2,17.59
TXN-0002614,ST-EDM-001,Western,Y,Credit,7,5,35.12
TXN-0002615,ST-EDM-001,Western,N,Credit,1,1,15.03
TXN-0002616,ST-TOR-001,Central,Y,Credit,10,5,115.65
TXN-0002617,ST-TOR-001,Central,N,Mobile,7,4,72.11
TXN-0002618,ST-TOR-001,Central,Y,Credit,8,6,64.31
TXN-0002619,ST-TOR-001,Central,Y,Debit,6,3,53.58
TXN-0002620,ST-TOR-001,Central,N,Credit,4,2,45.47
TXN-0002621,ST-TOR-001,Central,Y,Mobile,10,6,46.41
TXN-0002622,ST-TOR-001,Central,N,Debit,9,5,100.50
TXN-0002623,ST-TOR-001,Central,Y,Debit,11,5,135.20
TXN-0002624,ST-TOR-001,Central,Y,Cash,8,4,113.08
TXN-0002625,ST-TOR-001,Central,Y,Debit,3,2,23.75
TXN-0002626,ST-TOR-001,Central,Y,Debit,1,1,3.15
TXN-0002627,ST-TOR-001,Central,Y,Debit,6,5,34.85
TXN-0002628,ST-TOR-002,Central,N,Debit,10,6,100.99
TXN-0002629,ST-TOR-002,Central,Y,Credit,2,2,20.80
TXN-0002630,ST-TOR-002,Central,Y,Credit,1,1,5.48
TXN-0002631,ST-TOR-002,Central,Y,Mobile,7,6,38.61
TXN-0002632,ST-TOR-002,Central,Y,Credit,4,2,39.96
TXN-0002633,ST-TOR-002,Central,Y,Debit,4,4,40.18
TXN-0002634,ST-TOR-002,Central,Y,Credit,4,2,54.69
TXN-0002635,ST-TOR-002,Central,Y,Debit,6,4,73.09
TXN-0002636,ST-TOR-002,Central,Y,Credit,10,5,104.02
TXN-0002637,ST-TOR-002,Central,N,Debit,3,2,27.68
TXN-0002638,ST-SCA-001,Central,N,Credit,4,3,40.52
TXN-0002639,ST-SCA-001,Central,Y,Credit,4,4,42.22
TXN-0002640,ST-SCA-001,Central,N,Debit,4,3,35.54
TXN-0002641,ST-SCA-001,Central,Y,Credit,2,1,31.70
TXN-0002642,ST-SCA-001,Central,N,Cash,3,3,30.79
TXN-0002643,ST-SCA-001,Central,N,Credit,6,2,53.49
TXN-0002644,ST-SCA-001,Central,N,Credit,4,3,33.16
TXN-0002645,ST-SCA-001,Central,Y,Debit,6,4,45.20
TXN-0002646,ST-SCA-001,Central,Y,Credit,5,2,40.66
TXN-0002647,ST-SCA-001,Central,N,Credit,3,2,24.23
TXN-0002648,ST-SCA-001,Central,N,Debit,4,3,12.65
TXN-0002649,ST-SCA-001,Central,Y,Debit,4,3,29.20
TXN-0002650,ST-MIS-001,Central,N,Mobile,4,4,36.79
TXN-0002651,ST-MIS-001,Central,Y,Debit,3,2,36.17
TXN-0002652,ST-MIS-001,Central,Y,Credit,4,3,26.70
TXN-0002653,ST-MIS-001,Central,Y,Credit,3,2,9.71
TXN-0002654,ST-MIS-001,Central,N,Credit,5,3,45.17
TXN-0002655,ST-MIS-001,Central,Y,Credit,5,3,20.64
TXN-0002656,ST-MIS-001,Central,Y,Debit,5,3,28.15
TXN-0002657,ST-MIS-001,Central,Y,Credit,5,3,52.83
TXN-0002658,ST-MIS-001,Central,Y,Credit,3,2,15.64
TXN-0002659,ST-MIS-001,Central,N,Debit,5,3,28.64
TXN-0002660,ST-MIS-001,Central,Y,Debit,3,2,35.35
TXN-0002661,ST-MIS-001,Central,N,Debit,2,2,32.21
TXN-0002662,ST-MIS-001,Central,N,Cash,6,4,27.45
TXN-0002663,ST-MIS-001,Central,Y,Credit,4,4,39.35
TXN-0002664,ST-MIS-001,Central,Y,Debit,4,2,33.76
TXN-0002665,ST-MIS-001,Central,Y,Credit,6,5,60.02
TXN-0002666,ST-MIS-001,Central,Y,Debit,10,5,102.04
TXN-0002667,ST-BRA-001,Central,Y,Credit,8,4,90.78
TXN-0002668,ST-BRA-001,Central,Y,Credit,3,3,29.37
TXN-0002669,ST-BRA-001,Central,N,Credit,2,2,8.62
TXN-0002670,ST-BRA-001,Central,Y,Debit,8,6,65.22
TXN-0002671,ST-BRA-001,Central,Y,Credit,9,5,107.55
TXN-0002672,ST-BRA-001,Central,Y,Cash,5,3,58.30
TXN-0002673,ST-BRA-001,Central,Y,Credit,3,3,25.80
TXN-0002674,ST-BRA-001,Central,Y,Debit,5,4,38.68
TXN-0002675,ST-BRA-001,Central,Y,Credit,5,3,21.62
TXN-0002676,ST-BRA-001,Central,Y,Credit,3,2,20.96
TXN-0002677,ST-BRA-001,Central,Y,Cash,5,3,46.96
TXN-0002678,ST-BRA-001,Central,Y,Credit,4,2,34.04
TXN-0002679,ST-BRA-001,Central,N,Credit,5,2,27.24
TXN-0002680,ST-HAM-001,Central,Y,Debit,4,3,52.61
TXN-0002681,ST-HAM-001,Central,N,Credit,11,4,111.01
TXN-0002682,ST-HAM-001,Central,N,Credit,3,3,21.78
TXN-0002683,ST-HAM-001,Central,N,Debit,15,7,72.27
TXN-0002684,ST-HAM-001,Central,N,Mobile,7,5,81.19
TXN-0002685,ST-HAM-001,Central,Y,Credit,1,1,3.11
TXN-0002686,ST-HAM-001,Central,N,Mobile,3,3,22.25
TXN-0002687,ST-HAM-001,Central,N,Cash,2,2,15.83
TXN-0002688,ST-HAM-001,Central,N,Credit,3,3,27.16
TXN-0002689,ST-HAM-001,Central,N,Debit,4,3,17.41
TXN-0002690,ST-HAM-001,Central,Y,Credit,4,3,47.90
TXN-0002691,ST-HAM-001,Central,Y,Debit,6,4,67.38
TXN-0002692,ST-HAM-001,Central,Y,Debit,8,5,75.49
TXN-0002693,ST-HAM-001,Central,N,Debit,3,3,27.43
TXN-0002694,ST-HAM-001,Central,N,Credit,3,2,21.61
TXN-0002695,ST-HAM-001,Central,Y,Credit,5,4,39.52
TXN-0002696,ST-KIT-001,Central,Y,Debit,4,3,40.17
TXN-0002697,ST-KIT-001,Central,Y,Cash,14,5,97.13
TXN-0002698,ST-KIT-001,Central,Y,Debit,1,1,5.14
TXN-0002699,ST-KIT-001,Central,Y,Debit,3,2,40.74
TXN-0002700,ST-KIT-001,Central,N,Mobile,1,1,2.54
TXN-0002701,ST-KIT-001,Central,Y,Debit,3,2,42.12
TXN-0002702,ST-KIT-001,Central,Y,Cash,4,4,35.98
TXN-0002703,ST-KIT-001,Central,Y,Credit,7,4,57.02
TXN-0002704,ST-KIT-001,Central,Y,Debit,8,5,77.44
TXN-0002705,ST-LON-001,Central,Y,Debit,8,4,86.15
TXN-0002706,ST-LON-001,Central,N,Debit,11,5,77.97
TXN-0002707,ST-LON-001,Central,Y,Debit,4,2,24.10
TXN-0002708,ST-LON-001,Central,Y,Debit,3,3,35.64
TXN-0002709,ST-LON-001,Central,N,Debit,2,1,23.60
TXN-0002710,ST-LON-001,Central,N,Credit,8,4,95.33
TXN-0002711,ST-LON-001,Central,N,Debit,1,1,14.65
TXN-0002712,ST-LON-001,Central,Y,Debit,5,3,51.63
TXN-0002713,ST-LON-001,Central,Y,Debit,3,3,30.69
TXN-0002714,ST-LON-001,Central,Y,Debit,2,2,19.83
TXN-0002715,ST-LON-001,Central,N,Debit,3,2,7.75
TXN-0002716,ST-LON-001,Central,Y,Debit,6,3,63.26
TXN-0002717,ST-LON-001,Central,N,Credit,3,2,34.03
TXN-0002718,ST-OTT-001,Eastern,Y,Credit,2,2,10.74
TXN-0002719,ST-OTT-001,Eastern,Y,Debit,2,2,8.55
TXN-0002720,ST-OTT-001,Eastern,N,Credit,2,1,31.16
TXN-0002721,ST-OTT-001,Eastern,N,Cash,1,1,17.14
TXN-0002722,ST-OTT-001,Eastern,N,Credit,7,3,100.85
TXN-0002723,ST-OTT-001,Eastern,N,Debit,1,1,15.48
TXN-0002724,ST-OTT-001,Eastern,Y,Credit,3,2,15.61
TXN-0002725,ST-OTT-001,Eastern,N,Cash,6,5,62.25
TXN-0002726,ST-OTT-001,Eastern,Y,Cash,6,4,76.91
TXN-0002727,ST-OTT-001,Eastern,N,Credit,9,4,74.17
TXN-0002728,ST-OTT-001,Eastern,N,Credit,3,2,30.67
TXN-0002729,ST-OTT-001,Eastern,Y,Debit,9,4,88.44
TXN-0002730,ST-OTT-001,Eastern,N,Credit,4,3,21.13
TXN-0002731,ST-OTT-002,Eastern,Y,Credit,11,7,101.42
TXN-0002732,ST-OTT-002,Eastern,Y,Credit,7,5,30.56
TXN-0002733,ST-OTT-002,Eastern,Y,Credit,5,3,40.42
TXN-0002734,ST-OTT-002,Eastern,Y,Credit,4,3,32.51
TXN-0002735,ST-OTT-002,Eastern,Y,Credit,5,3,28.33
TXN-0002736,ST-OTT-002,Eastern,Y,Debit,4,3,26.24
TXN-0002737,ST-OTT-002,Eastern,Y,Debit,9,5,61.82
TXN-0002738,ST-OTT-002,Eastern,Y,Credit,3,1,41.52
TXN-0002739,ST-OTT-002,Eastern,N,Debit,1,1,15.01
TXN-0002740,ST-CAL-001,Western,N,Debit,5,2,56.22
TXN-0002741,ST-CAL-001,Western,Y,Credit,6,4,38.86
TXN-0002742,ST-CAL-001,Western,Y,Cash,3,2,33.56
TXN-0002743,ST-CAL-001,Western,N,Credit,7,3,30.19
TXN-0002744,ST-CAL-001,Western,N,Debit,7,4,70.93
TXN-0002745,ST-CAL-001,Western,N,Cash,5,4,34.03
TXN-0002746,ST-CAL-001,Western,Y,Debit,7,4,52.61
TXN-0002747,ST-CAL-001,Western,Y,Debit,9,5,76.52
TXN-0002748,ST-CAL-001,Western,N,Debit,6,3,32.32
TXN-0002749,ST-CAL-001,Western,Y,Debit,18,6,165.63
TXN-0002750,ST-EDM-001,Western,Y,Debit,5,3,38.10
TXN-0002751,ST-EDM-001,Western,Y,Debit,5,3,40.87
TXN-0002752,ST-EDM-001,Western,Y,Cash,9,5,96.83
TXN-0002753,ST-EDM-001,Western,Y,Debit,2,1,21.32
TXN-0002754,ST-EDM-001,Western,Y,Credit,3,2,47.22
TXN-0002755,ST-EDM-001,Western,Y,Cash,3,2,25.41
TXN-0002756,ST-EDM-001,Western,Y,Mobile,6,3,58.44
TXN-0002757,ST-EDM-001,Western,Y,Credit,4,4,40.00
TXN-0002758,ST-EDM-001,Western,Y,Cash,5,3,30.18
TXN-0002759,ST-EDM-001,Western,Y,Credit,4,3,24.08
TXN-0002760,ST-EDM-001,Western,Y,Credit,2,1,23.30
TXN-0002761,ST-EDM-001,Western,Y,Debit,2,2,9.91
TXN-0002762,ST-EDM-001,Western,Y,Mobile,4,2,63.93
TXN-0002763,ST-EDM-001,Western,Y,Credit,6,4,35.74
TXN-0002764,ST-EDM-001,Western,Y,Mobile,4,4,42.91
TXN-0002765,ST-TOR-001,Central,Y,Credit,4,4,16.86
TXN-0002766,ST-TOR-001,Central,Y,Cash,4,3,30.64
TXN-0002767,ST-TOR-001,Central,Y,Debit,5,3,42.22
TXN-0002768,ST-TOR-001,Central,Y,Debit,6,5,66.23
TXN-0002769,ST-TOR-001,Central,Y,Debit,9,5,100.43
TXN-0002770,ST-TOR-001,Central,Y,Debit,8,5,63.37
TXN-0002771,ST-TOR-001,Central,Y,Debit,7,4,57.59
TXN-0002772,ST-TOR-001,Central,Y,Credit,4,3,26.18
TXN-0002773,ST-TOR-001,Central,Y,Credit,9,7,86.76
TXN-0002774,ST-TOR-001,Central,Y,Debit,5,3,49.04
TXN-0002775,ST-TOR-001,Central,Y,Debit,2,1,30.16
TXN-0002776,ST-TOR-001,Central,Y,Debit,7,3,36.26
TXN-0002777,ST-TOR-001,Central,Y,Credit,4,3,38.80
TXN-0002778,ST-TOR-002,Central,Y,Debit,4,4,49.07
TXN-0002779,ST-TOR-002,Central,N,Mobile,7,4,75.19
TXN-0002780,ST-TOR-002,Central,Y,Debit,9,4,59.76
TXN-0002781,ST-TOR-002,Central,N,Credit,1,1,14.90
TXN-0002782,ST-TOR-002,Central,Y,Cash,1,1,6.60
TXN-0002783,ST-TOR-002,Central,Y,Mobile,4,3,56.22
TXN-0002784,ST-TOR-002,Central,N,Credit,3,2,26.45
TXN-0002785,ST-SCA-001,Central,Y,Debit,5,2,82.65
TXN-0002786,ST-SCA-001,Central,N,Credit,1,1,11.15
TXN-0002787,ST-SCA-001,Central,Y,Credit,4,3,39.96
TXN-0002788,ST-SCA-001,Central,Y,Credit,3,2,29.67
TXN-0002789,ST-SCA-001,Central,Y,Debit,7,5,59.19
TXN-0002790,ST-SCA-001,Central,Y,Debit,7,6,34.04
TXN-0002791,ST-SCA-001,Central,Y,Debit,7,5,58.50
TXN-0002792,ST-SCA-001,Central,N,Credit,9,6,101.55
TXN-0002793,ST-SCA-001,Central,N,Mobile,6,4,59.55
TXN-0002794,ST-SCA-001,Central,N,Credit,7,5,67.72
TXN-0002795,ST-SCA-001,Central,Y,Credit,1,1,10.90
TXN-0002796,ST-SCA-001,Central,Y,Debit,5,3,16.66
TXN-0002797,ST-SCA-001,Central,Y,Credit,4,3,29.61
TXN-0002798,ST-SCA-001,Central,Y,Mobile,5,3,81.81
TXN-0002799,ST-MIS-001,Central,Y,Credit,7,3,53.87
TXN-0002800,ST-MIS-001,Central,Y,Credit,3,3,29.14
TXN-0002801,ST-MIS-001,Central,N,Credit,5,2,64.72
TXN-0002802,ST-MIS-001,Central,Y,Credit,1,1,2.26
TXN-0002803,ST-MIS-001,Central,Y,Cash,3,3,29.72
TXN-0002804,ST-MIS-001,Central,Y,Credit,9,6,67.32
TXN-0002805,ST-MIS-001,Central,Y,Credit,7,6,68.46
TXN-0002806,ST-MIS-001,Central,Y,Credit,3,2,21.03
TXN-0002807,ST-MIS-001,Central,N,Credit,6,4,52.78
TXN-0002808,ST-MIS-001,Central,N,Credit,4,4,13.43
TXN-0002809,ST-MIS-001,Central,Y,Credit,5,3,32.14
TXN-0002810,ST-MIS-001,Central,Y,Credit,2,2,20.49
TXN-0002811,ST-MIS-001,Central,Y,Debit,3,3,28.60
TXN-0002812,ST-BRA-001,Central,Y,Debit,6,3,57.05
TXN-0002813,ST-BRA-001,Central,Y,Credit,6,2,37.98
TXN-0002814,ST-BRA-001,Central,Y,Credit,5,5,43.24
TXN-0002815,ST-BRA-001,Central,N,Mobile,3,1,40.29
TXN-0002816,ST-BRA-001,Central,N,Cash,3,3,25.95
TXN-0002817,ST-BRA-001,Central,Y,Debit,9,5,101.79
TXN-0002818,ST-BRA-001,Central,Y,Credit,7,4,83.26
TXN-0002819,ST-BRA-001,Central,Y,Credit,7,3,77.05
TXN-0002820,ST-BRA-001,Central,Y,Debit,4,3,27.47
TXN-0002821,ST-BRA-001,Central,N,Debit,8,5,63.91
TXN-0002822,ST-BRA-001,Central,N,Cash,8,6,44.00
TXN-0002823,ST-BRA-001,Central,Y,Credit,4,3,19.99
TXN-0002824,ST-HAM-001,Central,Y,Mobile,3,2,44.08
TXN-0002825,ST-HAM-001,Central,Y,Credit,11,4,131.15
TXN-0002826,ST-HAM-001,Central,Y,Cash,5,3,49.95
TXN-0002827,ST-HAM-001,Central,N,Credit,1,1,13.49
TXN-0002828,ST-HAM-001,Central,Y,Debit,8,5,73.49
TXN-0002829,ST-HAM-001,Central,Y,Credit,3,2,37.79
TXN-0002830,ST-HAM-001,Central,Y,Credit,8,5,93.66
TXN-0002831,ST-HAM-001,Central,N,Debit,7,4,42.82
TXN-0002832,ST-HAM-001,Central,Y,Credit,6,3,33.15
TXN-0002833,ST-HAM-001,Central,Y,Credit,6,3,47.38
TXN-0002834,ST-KIT-001,Central,Y,Credit,3,3,22.23
TXN-0002835,ST-KIT-001,Central,Y,Debit,11,7,104.05
TXN-0002836,ST-KIT-001,Central,Y,Credit,9,5,76.50
TXN-0002837,ST-KIT-001,Central,N,Credit,4,4,39.95
TXN-0002838,ST-KIT-001,Central,N,Mobile,8,4,49.47
TXN-0002839,ST-KIT-001,Central,Y,Debit,5,3,70.75
TXN-0002840,ST-KIT-001,Central,Y,Debit,4,2,21.23
TXN-0002841,ST-KIT-001,Central,Y,Debit,3,2,18.71
TXN-0002842,ST-KIT-001,Central,Y,Credit,4,2,20.86
TXN-0002843,ST-KIT-001,Central,N,Debit,7,4,81.78
TXN-0002844,ST-KIT-001,Central,Y,Debit,3,3,25.94
TXN-0002845,ST-KIT-001,Central,N,Credit,5,2,76.29
TXN-0002846,ST-KIT-001,Central,N,Debit,7,7,58.47
TXN-0002847,ST-LON-001,Central,Y,Credit,1,1,8.74
TXN-0002848,ST-LON-001,Central,Y,Cash,1,1,8.59
TXN-0002849,ST-LON-001,Central,N,Debit,7,3,88.15
TXN-0002850,ST-LON-001,Central,Y,Credit,6,3,53.91
TXN-0002851,ST-LON-001,Central,N,Credit,2,2,30.71
TXN-0002852,ST-LON-001,Central,Y,Debit,2,1,26.46
TXN-0002853,ST-LON-001,Central,Y,Credit,9,4,98.36
TXN-0002854,ST-LON-001,Central,Y,Credit,4,2,32.75
TXN-0002855,ST-LON-001,Central,Y,Debit,2,2,22.85
TXN-0002856,ST-LON-001,Central,Y,Credit,4,4,34.99
TXN-0002857,ST-LON-001,Central,N,Debit,3,3,26.72
TXN-0002858,ST-LON-001,Central,Y,Debit,3,3,24.48
TXN-0002859,ST-LON-001,Central,N,Debit,2,2,17.72
TXN-0002860,ST-LON-001,Central,Y,Credit,10,5,93.81
TXN-0002861,ST-OTT-001,Eastern,N,Debit,2,1,12.56
TXN-0002862,ST-OTT-001,Eastern,Y,Cash,2,2,17.19
TXN-0002863,ST-OTT-001,Eastern,Y,Credit,4,3,33.61
TXN-0002864,ST-OTT-001,Eastern,Y,Credit,5,3,55.83
TXN-0002865,ST-OTT-001,Eastern,Y,Debit,7,2,27.98
TXN-0002866,ST-OTT-001,Eastern,Y,Debit,2,2,18.30
TXN-0002867,ST-OTT-001,Eastern,Y,Debit,4,3,65.75
TXN-0002868,ST-OTT-001,Eastern,Y,Debit,4,2,63.31
TXN-0002869,ST-OTT-001,Eastern,Y,Debit,4,2,15.62
TXN-0002870,ST-OTT-001,Eastern,N,Cash,2,2,22.05
TXN-0002871,ST-OTT-001,Eastern,Y,Credit,3,3,17.71
TXN-0002872,ST-OTT-001,Eastern,Y,Credit,5,4,42.92
TXN-0002873,ST-OTT-001,Eastern,Y,Debit,3,3,37.85
TXN-0002874,ST-OTT-002,Eastern,Y,Debit,4,2,40.22
TXN-0002875,ST-OTT-002,Eastern,N,Credit,8,5,105.32
TXN-0002876,ST-OTT-002,Eastern,Y,Mobile,3,2,12.54
TXN-0002877,ST-OTT-002,Eastern,N,Cash,3,2,38.69
TXN-0002878,ST-OTT-002,Eastern,Y,Cash,4,3,44.98
TXN-0002879,ST-OTT-002,Eastern,Y,Credit,3,2,38.00
TXN-0002880,ST-OTT-002,Eastern,Y,Credit,5,3,66.22
TXN-0002881,ST-CAL-001,Western,Y,Credit,6,4,43.30
TXN-0002882,ST-CAL-001,Western,Y,Credit,4,3,44.05
TXN-0002883,ST-CAL-001,Western,N,Debit,7,4,82.69
TXN-0002884,ST-CAL-001,Western,Y,Debit,13,6,108.72
TXN-0002885,ST-CAL-001,Western,Y,Credit,8,7,51.94
TXN-0002886,ST-CAL-001,Western,Y,Debit,10,4,66.82
TXN-0002887,ST-CAL-001,Western,Y,Credit,6,4,54.80
TXN-0002888,ST-CAL-001,Western,N,Credit,4,3,8.68
TXN-0002889,ST-CAL-001,Western,Y,Credit,6,4,40.36
TXN-0002890,ST-CAL-001,Western,Y,Debit,10,4,85.28
TXN-0002891,ST-CAL-001,Western,N,Debit,3,1,21.90
TXN-0002892,ST-CAL-001,Western,Y,Cash,4,2,50.88
TXN-0002893,ST-CAL-001,Western,N,Credit,3,2,41.02
TXN-0002894,ST-CAL-001,Western,Y,Credit,2,2,9.74
TXN-0002895,ST-EDM-001,Western,Y,Credit,6,3,31.13
TXN-0002896,ST-EDM-001,Western,Y,Debit,5,3,77.16
TXN-0002897,ST-EDM-001,Western,Y,Debit,2,2,9.72
TXN-0002898,ST-EDM-001,Western,Y,Credit,5,4,40.76
TXN-0002899,ST-EDM-001,Western,N,Debit,2,2,28.73
TXN-0002900,ST-EDM-001,Western,Y,Mobile,5,3,62.95
TXN-0002901,ST-EDM-001,Western,N,Credit,1,1,7.72
TXN-0002902,ST-EDM-001,Western,Y,Credit,1,1,13.52
TXN-0002903,ST-EDM-001,Western,Y,Debit,9,6,110.49
TXN-0002904,ST-EDM-001,Western,N,Mobile,3,1,10.05
TXN-0002905,ST-TOR-001,Central,Y,Credit,3,1,6.63
TXN-0002906,ST-TOR-001,Central,Y,Credit,3,2,47.73
TXN-0002907,ST-TOR-001,Central,N,Mobile,4,2,40.48
TXN-0002908,ST-TOR-001,Central,N,Debit,11,6,108.66
TXN-0002909,ST-TOR-001,Central,Y,Credit,4,4,25.54
TXN-0002910,ST-TOR-001,Central,Y,Credit,3,3,44.31
TXN-0002911,ST-TOR-001,Central,Y,Cash,6,3,68.01
TXN-0002912,ST-TOR-001,Central,Y,Debit,1,1,10.56
TXN-0002913,ST-TOR-001,Central,N,Mobile,2,2,16.74
TXN-0002914,ST-TOR-001,Central,Y,Debit,2,2,33.05
TXN-0002915,ST-TOR-001,Central,Y,Credit,6,3,70.00
TXN-0002916,ST-TOR-001,Central,N,Credit,6,4,40.86
TXN-0002917,ST-TOR-001,Central,Y,Cash,8,3,89.00
TXN-0002918,ST-TOR-001,Central,Y,Debit,4,2,56.44
TXN-0002919,ST-TOR-002,Central,N,Credit,2,1,6.46
TXN-0002920,ST-TOR-002,Central,Y,Credit,5,4,34.60
TXN-0002921,ST-TOR-002,Central,N,Credit,4,2,39.32
TXN-0002922,ST-TOR-002,Central,Y,Debit,2,2,19.68
TXN-0002923,ST-TOR-002,Central,Y,Mobile,12,7,106.15
TXN-0002924,ST-TOR-002,Central,N,Debit,2,2,26.41
TXN-0002925,ST-TOR-002,Central,Y,Credit,2,2,27.06
TXN-0002926,ST-TOR-002,Central,N,Debit,4,3,47.73
TXN-0002927,ST-TOR-002,Central,Y,Credit,8,6,50.32
TXN-0002928,ST-TOR-002,Central,N,Debit,4,3,23.75
TXN-0002929,ST-TOR-002,Central,Y,Credit,4,3,12.95
TXN-0002930,ST-TOR-002,Central,N,Debit,1,1,15.18
TXN-0002931,ST-SCA-001,Central,Y,Credit,2,2,12.81
TXN-0002932,ST-SCA-001,Central,Y,Credit,5,3,52.55
TXN-0002933,ST-SCA-001,Central,N,Debit,6,3,81.89
TXN-0002934,ST-SCA-001,Central,N,Credit,3,3,22.07
TXN-0002935,ST-SCA-001,Central,Y,Cash,4,4,37.54
TXN-0002936,ST-SCA-001,Central,Y,Credit,5,4,44.54
TXN-0002937,ST-SCA-001,Central,Y,Credit,3,3,39.01
TXN-0002938,ST-SCA-001,Central,Y,Mobile,1,1,13.80
TXN-0002939,ST-SCA-001,Central,Y,Cash,5,3,45.70
TXN-0002940,ST-SCA-001,Central,Y,Debit,4,3,45.02
TXN-0002941,ST-SCA-001,Central,N,Cash,6,5,37.77
TXN-0002942,ST-SCA-001,Central,N,Credit,4,3,23.19
TXN-0002943,ST-SCA-001,Central,Y,Debit,2,2,15.59
TXN-0002944,ST-SCA-001,Central,N,Cash,2,2,21.32
TXN-0002945,ST-MIS-001,Central,Y,Cash,6,3,50.98
TXN-0002946,ST-MIS-001,Central,N,Debit,6,3,40.06
TXN-0002947,ST-MIS-001,Central,Y,Debit,4,4,31.52
TXN-0002948,ST-MIS-001,Central,Y,Credit,4,4,44.63
TXN-0002949,ST-MIS-001,Central,Y,Debit,5,4,72.41
TXN-0002950,ST-MIS-001,Central,Y,Debit,6,3,51.72
TXN-0002951,ST-BRA-001,Central,Y,Debit,5,2,40.21
TXN-0002952,ST-BRA-001,Central,Y,Cash,2,1,35.12
TXN-0002953,ST-BRA-001,Central,Y,Debit,3,2,20.52
TXN-0002954,ST-BRA-001,Central,N,Credit,3,2,13.82
TXN-0002955,ST-BRA-001,Central,Y,Debit,6,2,30.87
TXN-0002956,ST-BRA-001,Central,Y,Mobile,7,5,72.07
TXN-0002957,ST-BRA-001,Central,N,Credit,6,3,59.00
TXN-0002958,ST-HAM-001,Central,N,Debit,3,2,41.51
TXN-0002959,ST-HAM-001,Central,Y,Cash,9,5,108.43
TXN-0002960,ST-HAM-001,Central,Y,Debit,5,3,44.55
TXN-0002961,ST-HAM-001,Central,N,Debit,6,3,47.12
TXN-0002962,ST-HAM-001,Central,N,Credit,10,5,80.43
TXN-0002963,ST-HAM-001,Central,N,Debit,1,1,2.26
TXN-0002964,ST-HAM-001,Central,N,Debit,1,1,7.38
TXN-0002965,ST-HAM-001,Central,N,Credit,8,5,73.44
TXN-0002966,ST-HAM-001,Central,N,Credit,8,6,78.41
TXN-0002967,ST-HAM-001,Central,N,Credit,3,3,39.28
TXN-0002968,ST-HAM-001,Central,Y,Debit,3,3,28.12
TXN-0002969,ST-HAM-001,Central,Y,Credit,11,5,69.12
TXN-0002970,ST-KIT-001,Central,Y,Credit,7,4,73.39
TXN-0002971,ST-KIT-001,Central,Y,Credit,10,5,91.85
TXN-0002972,ST-KIT-001,Central,N,Debit,4,3,61.44
TXN-0002973,ST-KIT-001,Central,Y,Credit,5,4,54.95
TXN-0002974,ST-KIT-001,Central,Y,Debit,4,2,10.38
TXN-0002975,ST-KIT-001,Central,Y,Mobile,5,4,39.56
TXN-0002976,ST-KIT-001,Central,Y,Debit,10,6,84.46
TXN-0002977,ST-KIT-001,Central,N,Credit,7,4,56.58
TXN-0002978,ST-KIT-001,Central,Y,Credit,10,7,130.01
TXN-0002979,ST-KIT-001,Central,Y,Cash,2,1,21.10
TXN-0002980,ST-KIT-001,Central,N,Credit,8,4,104.05
TXN-0002981,ST-LON-001,Central,Y,Credit,3,3,14.85
TXN-0002982,ST-LON-001,Central,N,Cash,6,3,36.17
TXN-0002983,ST-LON-001,Central,Y,Credit,6,3,73.83
TXN-0002984,ST-LON-001,Central,Y,Credit,7,5,63.90
TXN-0002985,ST-LON-001,Central,Y,Cash,4,1,28.64
TXN-0002986,ST-LON-001,Central,Y,Debit,4,2,57.27
TXN-0002987,ST-LON-001,Central,N,Debit,9,7,88.33
TXN-0002988,ST-LON-001,Central,Y,Debit,1,1,11.27
TXN-0002989,ST-LON-001,Central,N,Debit,2,2,13.83
TXN-0002990,ST-LON-001,Central,Y,Mobile,6,4,30.45
TXN-0002991,ST-LON-001,Central,Y,Debit,9,6,79.11
TXN-0002992,ST-LON-001,Central,N,Credit,1,1,14.41
TXN-0002993,ST-OTT-001,Eastern,Y,Debit,3,2,28.82
TXN-0002994,ST-OTT-001,Eastern,Y,Debit,3,2,18.38
TXN-0002995,ST-OTT-001,Eastern,Y,Debit,2,2,26.34
TXN-0002996,ST-OTT-001,Eastern,Y,Mobile,3,3,29.75
TXN-0002997,ST-OTT-001,Eastern,Y,Credit,6,4,34.91
TXN-0002998,ST-OTT-001,Eastern,Y,Credit,4,3,41.70
TXN-0002999,ST-OTT-001,Eastern,N,Debit,1,1,10.31
TXN-0003000,ST-OTT-001,Eastern,Y,Cash,5,4,42.38
TXN-0003001,ST-OTT-001,Eastern,N,Credit,5,4,33.17
TXN-0003002,ST-OTT-001,Eastern,N,Credit,5,4,58.79
TXN-0003003,ST-OTT-001,Eastern,Y,Credit,12,5,168.80
TXN-0003004,ST-OTT-001,Eastern,N,Debit,7,4,32.36
TXN-0003005,ST-OTT-002,Eastern,N,Credit,3,2,41.08
TXN-0003006,ST-OTT-002,Eastern,Y,Credit,2,2,19.52
TXN-0003007,ST-OTT-002,Eastern,Y,Credit,4,3,19.61
TXN-0003008,ST-OTT-002,Eastern,Y,Credit,11,5,100.46
TXN-0003009,ST-OTT-002,Eastern,N,Mobile,9,6,105.78
TXN-0003010,ST-OTT-002,Eastern,Y,Debit,4,3,47.64
TXN-0003011,ST-CAL-001,Western,Y,Debit,2,1,13.06
TXN-0003012,ST-CAL-001,Western,N,Credit,5,3,36.29
TXN-0003013,ST-CAL-001,Western,Y,Credit,5,3,68.75
TXN-0003014,ST-CAL-001,Western,Y,Credit,8,4,104.62
TXN-0003015,ST-CAL-001,Western,N,Credit,7,5,71.44
TXN-0003016,ST-CAL-001,Western,Y,Credit,2,2,28.54
TXN-0003017,ST-CAL-001,Western,Y,Credit,5,2,70.04
TXN-0003018,ST-CAL-001,Western,Y,Credit,4,2,58.32
TXN-0003019,ST-CAL-001,Western,Y,Debit,8,5,80.09
TXN-0003020,ST-CAL-001,Western,Y,Cash,4,1,43.32
TXN-0003021,ST-CAL-001,Western,Y,Mobile,9,4,99.26
TXN-0003022,ST-CAL-001,Western,N,Credit,5,3,48.15
TXN-0003023,ST-EDM-001,Western,Y,Debit,5,3,60.66
TXN-0003024,ST-EDM-001,Western,Y,Credit,3,3,12.76
TXN-0003025,ST-EDM-001,Western,Y,Credit,4,3,34.59
TXN-0003026,ST-EDM-001,Western,Y,Mobile,7,4,54.49
TXN-0003027,ST-EDM-001,Western,N,Debit,4,3,48.02
TXN-0003028,ST-EDM-001,Western,Y,Cash,4,3,39.36
TXN-0003029,ST-EDM-001,Western,N,Debit,10,6,58.21
TXN-0003030,ST-EDM-001,Western,N,Debit,5,3,57.38
TXN-0003031,ST-EDM-001,Western,Y,Credit,9,5,91.64
TXN-0003032,ST-EDM-001,Western,Y,Mobile,5,3,79.24
TXN-0003033,ST-EDM-001,Western,Y,Debit,3,2,33.02
TXN-0003034,ST-EDM-001,Western,N,Debit,8,4,75.02
TXN-0003035,ST-EDM-001,Western,N,Credit,8,4,83.98
TXN-0003036,ST-EDM-001,Western,N,Debit,4,3,30.03
TXN-0003037,ST-EDM-001,Western,Y,Debit,4,3,32.71
TXN-0003038,ST-EDM-001,Western,Y,Credit,9,4,81.91
TXN-0003039,ST-EDM-001,Western,N,Mobile,2,2,17.86
TXN-0003040,ST-EDM-001,Western,Y,Credit,7,4,71.62
TXN-0003041,ST-TOR-001,Central,Y,Debit,1,1,15.28
TXN-0003042,ST-TOR-001,Central,Y,Credit,10,6,97.81
TXN-0003043,ST-TOR-001,Central,Y,Credit,7,2,79.74
TXN-0003044,ST-TOR-001,Central,N,Credit,8,6,68.14
TXN-0003045,ST-TOR-001,Central,Y,Debit,3,3,20.53
TXN-0003046,ST-TOR-001,Central,Y,Credit,4,3,24.82
TXN-0003047,ST-TOR-001,Central,Y,Debit,4,2,46.54
TXN-0003048,ST-TOR-001,Central,Y,Debit,4,2,42.00
TXN-0003049,ST-TOR-001,Central,Y,Mobile,9,6,110.20
TXN-0003050,ST-TOR-001,Central,N,Debit,5,3,52.92
TXN-0003051,ST-TOR-001,Central,Y,Debit,3,3,16.81
TXN-0003052,ST-TOR-001,Central,N,Debit,6,3,71.86
TXN-0003053,ST-TOR-002,Central,N,Credit,2,2,10.88
TXN-0003054,ST-TOR-002,Central,Y,Credit,3,2,44.09
TXN-0003055,ST-TOR-002,Central,N,Credit,4,4,41.12
TXN-0003056,ST-TOR-002,Central,N,Credit,1,1,16.05
TXN-0003057,ST-TOR-002,Central,Y,Debit,3,1,5.79
TXN-0003058,ST-TOR-002,Central,Y,Mobile,10,5,85.71
TXN-0003059,ST-TOR-002,Central,Y,Credit,3,3,22.23
TXN-0003060,ST-TOR-002,Central,N,Credit,3,3,36.96
TXN-0003061,ST-TOR-002,Central,N,Credit,2,2,25.58
TXN-0003062,ST-TOR-002,Central,N,Credit,9,6,78.47
TXN-0003063,ST-TOR-002,Central,Y,Debit,6,3,50.62
TXN-0003064,ST-TOR-002,Central,Y,Credit,6,3,43.31
TXN-0003065,ST-TOR-002,Central,Y,Credit,6,4,55.11
TXN-0003066,ST-TOR-002,Central,Y,Credit,2,2,25.76
TXN-0003067,ST-TOR-002,Central,N,Debit,2,2,15.44
TXN-0003068,ST-TOR-002,Central,Y,Cash,5,3,44.35
TXN-0003069,ST-TOR-002,Central,Y,Debit,7,3,83.61
TXN-0003070,ST-TOR-002,Central,N,Debit,8,6,68.90
TXN-0003071,ST-TOR-002,Central,Y,Cash,1,1,12.34
TXN-0003072,ST-SCA-001,Central,Y,Credit,3,3,43.79
TXN-0003073,ST-SCA-001,Central,Y,Credit,4,4,27.66
TXN-0003074,ST-SCA-001,Central,Y,Debit,9,6,74.19
TXN-0003075,ST-SCA-001,Central,N,Debit,12,6,81.72
TXN-0003076,ST-SCA-001,Central,Y,Debit,6,4,60.80
TXN-0003077,ST-SCA-001,Central,Y,Credit,3,2,12.29
TXN-0003078,ST-SCA-001,Central,N,Credit,5,4,34.03
TXN-0003079,ST-SCA-001,Central,Y,Cash,2,2,11.79
TXN-0003080,ST-SCA-001,Central,Y,Credit,6,4,68.70
TXN-0003081,ST-SCA-001,Central,Y,Credit,1,1,2.22
TXN-0003082,ST-SCA-001,Central,Y,Credit,5,4,35.41
TXN-0003083,ST-MIS-001,Central,N,Cash,13,5,150.09
TXN-0003084,ST-MIS-001,Central,N,Credit,14,6,169.11
TXN-0003085,ST-MIS-001,Central,N,Debit,2,2,5.52
TXN-0003086,ST-MIS-001,Central,N,Debit,5,3,35.45
TXN-0003087,ST-MIS-001,Central,Y,Debit,8,5,63.28
TXN-0003088,ST-MIS-001,Central,N,Debit,9,6,77.95
TXN-0003089,ST-MIS-001,Central,Y,Credit,4,2,32.22
TXN-0003090,ST-MIS-001,Central,Y,Debit,1,1,11.96
TXN-0003091,ST-MIS-001,Central,N,Credit,5,3,37.10
TXN-0003092,ST-MIS-001,Central,Y,Credit,5,3,62.97
TXN-0003093,ST-MIS-001,Central,Y,Credit,7,3,24.12
TXN-0003094,ST-BRA-001,Central,N,Credit,3,2,25.56
TXN-0003095,ST-BRA-001,Central,Y,Credit,3,3,29.78
TXN-0003096,ST-BRA-001,Central,Y,Debit,7,4,87.34
TXN-0003097,ST-BRA-001,Central,Y,Debit,10,6,89.49
TXN-0003098,ST-BRA-001,Central,N,Debit,5,2,26.17
TXN-0003099,ST-BRA-001,Central,N,Debit,8,4,78.62
TXN-0003100,ST-BRA-001,Central,Y,Credit,1,1,2.32
TXN-0003101,ST-BRA-001,Central,Y,Mobile,10,5,78.69
TXN-0003102,ST-BRA-001,Central,N,Debit,4,2,11.93
TXN-0003103,ST-HAM-001,Central,Y,Credit,2,2,17.26
TXN-0003104,ST-HAM-001,Central,N,Mobile,4,2,35.38
TXN-0003105,ST-HAM-001,Central,Y,Debit,5,2,48.22
TXN-0003106,ST-HAM-001,Central,N,Cash,6,4,67.66
TXN-0003107,ST-HAM-001,Central,Y,Credit,4,3,35.39
TXN-0003108,ST-HAM-001,Central,N,Debit,4,2,34.96
TXN-0003109,ST-HAM-001,Central,Y,Debit,2,2,20.95
TXN-0003110,ST-HAM-001,Central,Y,Debit,3,2,24.88
TXN-0003111,ST-HAM-001,Central,Y,Credit,7,5,78.28
TXN-0003112,ST-KIT-001,Central,N,Credit,4,3,48.83
TXN-0003113,ST-KIT-001,Central,N,Debit,5,3,49.53
TXN-0003114,ST-KIT-001,Central,Y,Cash,4,3,27.65
TXN-0003115,ST-KIT-001,Central,Y,Cash,7,4,39.49
TXN-0003116,ST-KIT-001,Central,Y,Credit,8,5,64.28
TXN-0003117,ST-KIT-001,Central,N,Credit,10,4,83.83
TXN-0003118,ST-KIT-001,Central,N,Credit,8,4,106.90
TXN-0003119,ST-KIT-001,Central,N,Debit,4,2,47.86
TXN-0003120,ST-KIT-001,Central,Y,Debit,3,3,38.89
TXN-0003121,ST-LON-001,Central,Y,Debit,6,5,85.15
TXN-0003122,ST-LON-001,Central,Y,Credit,4,1,28.32
TXN-0003123,ST-LON-001,Central,N,Credit,3,1,18.78
TXN-0003124,ST-LON-001,Central,N,Cash,3,2,7.71
TXN-0003125,ST-LON-001,Central,Y,Credit,3,2,30.15
TXN-0003126,ST-LON-001,Central,Y,Debit,4,4,46.15
TXN-0003127,ST-LON-001,Central,Y,Credit,2,2,26.16
TXN-0003128,ST-LON-001,Central,Y,Mobile,5,3,54.97
TXN-0003129,ST-LON-001,Central,Y,Cash,5,2,14.04
TXN-0003130,ST-LON-001,Central,Y,Credit,1,1,14.11
TXN-0003131,ST-LON-001,Central,Y,Cash,3,2,37.06
TXN-0003132,ST-LON-001,Central,Y,Debit,3,3,28.69
TXN-0003133,ST-LON-001,Central,Y,Debit,8,5,92.04
TXN-0003134,ST-LON-001,Central,Y,Debit,3,2,29.38
TXN-0003135,ST-OTT-001,Eastern,Y,Debit,2,2,19.26
TXN-0003136,ST-OTT-001,Eastern,Y,Mobile,5,3,43.32
TXN-0003137,ST-OTT-001,Eastern,N,Debit,4,3,26.81
TXN-0003138,ST-OTT-001,Eastern,Y,Cash,4,3,44.68
TXN-0003139,ST-OTT-001,Eastern,N,Credit,3,3,38.20
TXN-0003140,ST-OTT-001,Eastern,N,Credit,2,1,17.04
TXN-0003141,ST-OTT-001,Eastern,N,Credit,1,1,2.29
TXN-0003142,ST-OTT-002,Eastern,Y,Credit,3,2,7.63
TXN-0003143,ST-OTT-002,Eastern,Y,Credit,1,1,13.36
TXN-0003144,ST-OTT-002,Eastern,Y,Credit,8,5,71.44
TXN-0003145,ST-OTT-002,Eastern,Y,Debit,5,4,38.06
TXN-0003146,ST-OTT-002,Eastern,Y,Credit,7,4,74.94
TXN-0003147,ST-OTT-002,Eastern,N,Debit,3,2,14.00
TXN-0003148,ST-OTT-002,Eastern,Y,Debit,4,3,25.73
TXN-0003149,ST-OTT-002,Eastern,Y,Cash,2,1,15.94
TXN-0003150,ST-OTT-002,Eastern,N,Credit,5,2,22.78
TXN-0003151,ST-OTT-002,Eastern,Y,Credit,2,2,19.18
TXN-0003152,ST-OTT-002,Eastern,Y,Cash,7,3,56.65
TXN-0003153,ST-OTT-002,Eastern,N,Mobile,2,2,18.10
TXN-0003154,ST-CAL-001,Western,Y,Mobile,1,1,13.97
TXN-0003155,ST-CAL-001,Western,Y,Credit,5,2,50.03
TXN-0003156,ST-CAL-001,Western,Y,Credit,6,4,49.59
TXN-0003157,ST-CAL-001,Western,Y,Mobile,4,4,37.35
TXN-0003158,ST-CAL-001,Western,Y,Credit,11,7,102.84
TXN-0003159,ST-CAL-001,Western,N,Debit,4,1,64.60
TXN-0003160,ST-CAL-001,Western,N,Credit,6,3,47.95
TXN-0003161,ST-CAL-001,Western,N,Debit,1,1,3.29
TXN-0003162,ST-CAL-001,Western,Y,Cash,12,7,113.14
TXN-0003163,ST-CAL-001,Western,Y,Credit,6,4,50.47
TXN-0003164,ST-CAL-001,Western,Y,Credit,2,1,30.68
TXN-0003165,ST-CAL-001,Western,N,Debit,9,3,80.88
TXN-0003166,ST-CAL-001,Western,Y,Credit,8,3,39.52
TXN-0003167,ST-CAL-001,Western,N,Credit,6,4,44.83
TXN-0003168,ST-CAL-001,Western,Y,Debit,9,5,127.15
TXN-0003169,ST-CAL-001,Western,Y,Credit,8,3,63.11
TXN-0003170,ST-CAL-001,Western,N,Credit,2,2,25.87
TXN-0003171,ST-CAL-001,Western,Y,Credit,2,2,20.71
TXN-0003172,ST-CAL-001,Western,N,Cash,9,5,99.69
TXN-0003173,ST-EDM-001,Western,Y,Credit,3,3,18.60
TXN-0003174,ST-EDM-001,Western,Y,Debit,10,6,56.38
TXN-0003175,ST-EDM-001,Western,Y,Cash,5,2,44.89
TXN-0003176,ST-EDM-001,Western,N,Debit,5,4,29.72
TXN-0003177,ST-EDM-001,Western,Y,Mobile,3,3,19.09
TXN-0003178,ST-EDM-001,Western,Y,Debit,5,4,38.13
TXN-0003179,ST-EDM-001,Western,Y,Credit,6,3,84.41
TXN-0003180,ST-EDM-001,Western,N,Cash,4,3,53.56
TXN-0003181,ST-EDM-001,Western,N,Credit,2,1,32.26
TXN-0003182,ST-EDM-001,Western,Y,Debit,6,3,83.83
TXN-0003183,ST-EDM-001,Western,Y,Debit,4,4,30.91
TXN-0003184,ST-EDM-001,Western,Y,Credit,4,2,63.50
TXN-0003185,ST-EDM-001,Western,Y,Credit,4,3,27.13
TXN-0003186,ST-TOR-001,Central,Y,Debit,2,2,22.31
TXN-0003187,ST-TOR-001,Central,Y,Credit,7,4,73.08
TXN-0003188,ST-TOR-001,Central,Y,Debit,6,4,65.96
TXN-0003189,ST-TOR-001,Central,N,Debit,8,4,73.46
TXN-0003190,ST-TOR-001,Central,N,Debit,9,6,88.57
TXN-0003191,ST-TOR-001,Central,Y,Mobile,2,2,26.48
TXN-0003192,ST-TOR-001,Central,N,Cash,10,5,94.01
TXN-0003193,ST-TOR-001,Central,N,Debit,9,6,69.62
TXN-0003194,ST-TOR-001,Central,Y,Debit,4,4,22.71
TXN-0003195,ST-TOR-001,Central,N,Debit,5,4,35.80
TXN-0003196,ST-TOR-001,Central,Y,Mobile,4,4,32.20
TXN-0003197,ST-TOR-001,Central,N,Debit,9,7,92.46
TXN-0003198,ST-TOR-001,Central,Y,Credit,12,5,126.27
TXN-0003199,ST-TOR-001,Central,Y,Debit,3,2,15.10
TXN-0003200,ST-TOR-001,Central,N,Credit,2,2,18.89
TXN-0003201,ST-TOR-001,Central,Y,Credit,3,3,39.67
TXN-0003202,ST-TOR-001,Central,Y,Debit,4,3,11.48
TXN-0003203,ST-TOR-001,Central,Y,Credit,7,5,53.48
TXN-0003204,ST-TOR-001,Central,Y,Credit,6,3,58.21
TXN-0003205,ST-TOR-001,Central,N,Debit,2,2,19.91
TXN-0003206,ST-TOR-001,Central,N,Credit,2,2,8.63
TXN-0003207,ST-TOR-001,Central,Y,Credit,8,4,22.97
TXN-0003208,ST-TOR-001,Central,Y,Credit,11,5,101.26
TXN-0003209,ST-TOR-001,Central,Y,Cash,2,2,19.21
TXN-0003210,ST-TOR-002,Central,Y,Cash,3,3,28.92
TXN-0003211,ST-TOR-002,Central,N,Credit,7,4,80.46
TXN-0003212,ST-TOR-002,Central,Y,Credit,11,5,110.55
TXN-0003213,ST-TOR-002,Central,N,Debit,4,1,44.24
TXN-0003214,ST-TOR-002,Central,Y,Cash,4,2,41.31
TXN-0003215,ST-TOR-002,Central,Y,Credit,5,4,34.14
TXN-0003216,ST-TOR-002,Central,Y,Debit,7,3,108.00
TXN-0003217,ST-TOR-002,Central,Y,Credit,3,3,30.79
TXN-0003218,ST-TOR-002,Central,N,Credit,4,4,32.39
TXN-0003219,ST-TOR-002,Central,Y,Cash,11,5,81.50
TXN-0003220,ST-SCA-001,Central,Y,Debit,1,1,10.43
TXN-0003221,ST-SCA-001,Central,Y,Debit,3,3,31.51
TXN-0003222,ST-SCA-001,Central,Y,Credit,2,2,15.98
TXN-0003223,ST-SCA-001,Central,N,Credit,5,3,31.78
TXN-0003224,ST-SCA-001,Central,N,Cash,1,1,2.19
TXN-0003225,ST-SCA-001,Central,Y,Debit,13,7,111.18
TXN-0003226,ST-SCA-001,Central,Y,Credit,3,2,38.78
TXN-0003227,ST-SCA-001,Central,Y,Credit,2,1,6.74
TXN-0003228,ST-MIS-001,Central,N,Cash,4,3,49.19
TXN-0003229,ST-MIS-001,Central,Y,Debit,7,4,34.24
TXN-0003230,ST-MIS-001,Central,N,Debit,5,2,47.90
TXN-0003231,ST-MIS-001,Central,Y,Debit,8,4,66.89
TXN-0003232,ST-MIS-001,Central,Y,Mobile,6,4,52.52
TXN-0003233,ST-MIS-001,Central,N,Credit,3,3,39.55
TXN-0003234,ST-MIS-001,Central,Y,Cash,4,3,27.44
TXN-0003235,ST-MIS-001,Central,Y,Mobile,2,1,32.18
TXN-0003236,ST-MIS-001,Central,N,Credit,6,3,34.12
TXN-0003237,ST-MIS-001,Central,Y,Debit,1,1,14.97
TXN-0003238,ST-MIS-001,Central,Y,Cash,5,4,63.61
TXN-0003239,ST-MIS-001,Central,Y,Mobile,3,2,23.53
TXN-0003240,ST-MIS-001,Central,N,Credit,4,3,24.18
TXN-0003241,ST-BRA-001,Central,Y,Cash,2,1,30.16
TXN-0003242,ST-BRA-001,Central,Y,Mobile,7,5,70.94
TXN-0003243,ST-BRA-001,Central,Y,Credit,4,3,29.76
TXN-0003244,ST-BRA-001,Central,Y,Credit,2,1,23.84
TXN-0003245,ST-BRA-001,Central,N,Debit,5,3,29.78
TXN-0003246,ST-BRA-001,Central,Y,Credit,6,3,34.49
TXN-0003247,ST-BRA-001,Central,Y,Debit,4,4,39.40
TXN-0003248,ST-BRA-001,Central,Y,Debit,6,3,23.27
TXN-0003249,ST-BRA-001,Central,N,Debit,6,3,79.60
TXN-0003250,ST-BRA-001,Central,Y,Debit,2,1,14.32
TXN-0003251,ST-BRA-001,Central,N,Credit,3,3,19.29
TXN-0003252,ST-BRA-001,Central,N,Debit,6,6,52.59
TXN-0003253,ST-BRA-001,Central,N,Credit,8,3,85.24
TXN-0003254,ST-BRA-001,Central,N,Debit,1,1,13.26
TXN-0003255,ST-HAM-001,Central,Y,Debit,6,3,94.30
TXN-0003256,ST-HAM-001,Central,Y,Debit,5,3,28.24
TXN-0003257,ST-HAM-001,Central,N,Credit,1,1,3.45
TXN-0003258,ST-HAM-001,Central,Y,Debit,5,4,34.89
TXN-0003259,ST-HAM-001,Central,N,Credit,2,1,10.88
TXN-0003260,ST-HAM-001,Central,N,Credit,4,3,34.67
TXN-0003261,ST-HAM-001,Central,Y,Debit,1,1,7.22
TXN-0003262,ST-HAM-001,Central,Y,Credit,6,5,87.01
TXN-0003263,ST-HAM-001,Central,Y,Credit,6,3,47.26
TXN-0003264,ST-HAM-001,Central,Y,Debit,3,1,49.92
TXN-0003265,ST-HAM-001,Central,N,Credit,4,2,38.27
TXN-0003266,ST-HAM-001,Central,N,Credit,7,4,54.50
TXN-0003267,ST-KIT-001,Central,Y,Debit,10,5,96.67
TXN-0003268,ST-KIT-001,Central,N,Credit,1,1,4.21
TXN-0003269,ST-KIT-001,Central,Y,Cash,4,4,49.81
TXN-0003270,ST-KIT-001,Central,Y,Credit,2,1,30.46
TXN-0003271,ST-KIT-001,Central,N,Credit,6,4,65.05
TXN-0003272,ST-KIT-001,Central,N,Debit,1,1,5.24
TXN-0003273,ST-KIT-001,Central,N,Debit,5,3,58.39
TXN-0003274,ST-KIT-001,Central,Y,Cash,5,3,51.10
TXN-0003275,ST-KIT-001,Central,Y,Credit,5,4,38.22
TXN-0003276,ST-KIT-001,Central,Y,Debit,4,4,24.26
TXN-0003277,ST-LON-001,Central,N,Credit,4,2,63.32
TXN-0003278,ST-LON-001,Central,Y,Cash,3,3,19.46
TXN-0003279,ST-LON-001,Central,Y,Debit,7,4,50.50
TXN-0003280,ST-LON-001,Central,Y,Credit,1,1,10.53
TXN-0003281,ST-LON-001,Central,Y,Debit,6,3,66.03
TXN-0003282,ST-LON-001,Central,N,Debit,6,3,27.48
TXN-0003283,ST-LON-001,Central,Y,Credit,1,1,4.40
TXN-0003284,ST-LON-001,Central,Y,Debit,2,2,28.24
TXN-0003285,ST-LON-001,Central,Y,Debit,2,2,15.30
TXN-0003286,ST-OTT-001,Eastern,Y,Debit,15,7,169.74
TXN-0003287,ST-OTT-001,Eastern,Y,Credit,14,7,115.20
TXN-0003288,ST-OTT-001,Eastern,Y,Credit,10,6,113.31
TXN-0003289,ST-OTT-001,Eastern,N,Debit,5,3,65.67
TXN-0003290,ST-OTT-001,Eastern,Y,Mobile,3,2,43.44
TXN-0003291,ST-OTT-001,Eastern,Y,Mobile,2,2,7.70
TXN-0003292,ST-OTT-001,Eastern,Y,Debit,2,2,9.67
TXN-0003293,ST-OTT-001,Eastern,Y,Credit,3,3,26.19
TXN-0003294,ST-OTT-001,Eastern,Y,Debit,5,4,28.32
TXN-0003295,ST-OTT-001,Eastern,Y,Credit,4,3,66.13
TXN-0003296,ST-OTT-001,Eastern,Y,Cash,6,3,51.82
TXN-0003297,ST-OTT-001,Eastern,Y,Debit,3,3,36.50
TXN-0003298,ST-OTT-002,Eastern,Y,Credit,7,5,83.16
TXN-0003299,ST-OTT-002,Eastern,N,Credit,2,2,17.74
TXN-0003300,ST-OTT-002,Eastern,N,Credit,11,7,65.44
TXN-0003301,ST-OTT-002,Eastern,Y,Credit,2,2,20.22
TXN-0003302,ST-OTT-002,Eastern,Y,Debit,6,3,24.10
TXN-0003303,ST-OTT-002,Eastern,N,Credit,6,3,71.42
TXN-0003304,ST-OTT-002,Eastern,Y,Debit,3,2,38.52
TXN-0003305,ST-OTT-002,Eastern,N,Credit,7,4,101.13
TXN-0003306,ST-OTT-002,Eastern,Y,Credit,5,3,30.51
TXN-0003307,ST-OTT-002,Eastern,N,Cash,6,4,60.86
TXN-0003308,ST-OTT-002,Eastern,Y,Credit,6,3,32.73
TXN-0003309,ST-OTT-002,Eastern,Y,Credit,4,4,42.17
TXN-0003310,ST-CAL-001,Western,Y,Debit,7,4,49.14
TXN-0003311,ST-CAL-001,Western,Y,Cash,10,4,53.84
TXN-0003312,ST-CAL-001,Western,Y,Debit,7,3,82.55
TXN-0003313,ST-CAL-001,Western,N,Credit,2,1,22.12
TXN-0003314,ST-CAL-001,Western,Y,Cash,4,2,37.08
TXN-0003315,ST-CAL-001,Western,Y,Credit,8,4,75.38
TXN-0003316,ST-CAL-001,Western,N,Debit,4,2,25.20
TXN-0003317,ST-CAL-001,Western,Y,Debit,2,2,11.41
TXN-0003318,ST-CAL-001,Western,Y,Credit,4,3,43.46
TXN-0003319,ST-CAL-001,Western,N,Mobile,6,4,59.49
TXN-0003320,ST-CAL-001,Western,Y,Debit,8,3,78.74
TXN-0003321,ST-CAL-001,Western,Y,Mobile,9,5,80.99
TXN-0003322,ST-CAL-001,Western,N,Credit,4,3,36.26
TXN-0003323,ST-EDM-001,Western,N,Debit,2,2,13.86
TXN-0003324,ST-EDM-001,Western,Y,Credit,9,5,77.52
TXN-0003325,ST-EDM-001,Western,Y,Credit,1,1,10.44
TXN-0003326,ST-EDM-001,Western,N,Debit,3,2,19.17
TXN-0003327,ST-EDM-001,Western,N,Debit,3,3,19.59
TXN-0003328,ST-EDM-001,Western,N,Credit,5,2,64.97
TXN-0003329,ST-EDM-001,Western,N,Debit,1,1,12.79
TXN-0003330,ST-EDM-001,Western,N,Cash,6,4,75.35
TXN-0003331,ST-EDM-001,Western,Y,Cash,5,5,69.41
TXN-0003332,ST-EDM-001,Western,Y,Debit,7,3,48.20
TXN-0003333,ST-EDM-001,Western,Y,Credit,3,2,16.65
TXN-0003334,ST-EDM-001,Western,Y,Debit,2,1,25.82
TXN-0003335,ST-EDM-001,Western,Y,Debit,2,1,6.64
TXN-0003336,ST-TOR-001,Central,N,Mobile,9,4,71.37
TXN-0003337,ST-TOR-001,Central,Y,Credit,3,2,15.03
TXN-0003338,ST-TOR-001,Central,Y,Credit,7,4,75.26
TXN-0003339,ST-TOR-001,Central,Y,Debit,10,6,90.25
TXN-0003340,ST-TOR-001,Central,Y,Credit,6,4,35.46
TXN-0003341,ST-TOR-001,Central,Y,Cash,4,3,20.85
TXN-0003342,ST-TOR-001,Central,N,Credit,8,5,64.21
TXN-0003343,ST-TOR-001,Central,Y,Debit,5,3,52.52
TXN-0003344,ST-TOR-001,Central,N,Credit,7,4,62.24
TXN-0003345,ST-TOR-001,Central,Y,Credit,5,3,44.88
TXN-0003346,ST-TOR-001,Central,Y,Credit,5,4,48.05
TXN-0003347,ST-TOR-001,Central,N,Mobile,2,1,25.30
TXN-0003348,ST-TOR-001,Central,Y,Debit,1,1,4.34
TXN-0003349,ST-TOR-001,Central,N,Credit,4,3,27.84
TXN-0003350,ST-TOR-001,Central,Y,Credit,2,1,12.66
TXN-0003351,ST-TOR-001,Central,Y,Debit,4,3,49.57
TXN-0003352,ST-TOR-001,Central,Y,Credit,3,2,23.39
TXN-0003353,ST-TOR-001,Central,Y,Credit,1,1,13.66
TXN-0003354,ST-TOR-001,Central,Y,Debit,5,4,33.26
TXN-0003355,ST-TOR-001,Central,Y,Credit,8,6,62.07
TXN-0003356,ST-TOR-002,Central,N,Cash,6,3,81.09
TXN-0003357,ST-TOR-002,Central,Y,Cash,3,3,25.02
TXN-0003358,ST-TOR-002,Central,Y,Debit,5,3,63.62
TXN-0003359,ST-TOR-002,Central,Y,Credit,3,3,27.40
TXN-0003360,ST-TOR-002,Central,N,Credit,4,3,33.31
TXN-0003361,ST-TOR-002,Central,Y,Credit,4,3,35.00
TXN-0003362,ST-TOR-002,Central,Y,Debit,2,2,25.48
TXN-0003363,ST-TOR-002,Central,Y,Credit,8,4,42.96
TXN-0003364,ST-TOR-002,Central,Y,Mobile,6,5,45.78
TXN-0003365,ST-TOR-002,Central,Y,Credit,5,4,59.24
TXN-0003366,ST-TOR-002,Central,N,Cash,3,2,6.54
TXN-0003367,ST-TOR-002,Central,Y,Credit,6,3,52.79
TXN-0003368,ST-TOR-002,Central,Y,Debit,4,3,37.23
TXN-0003369,ST-TOR-002,Central,Y,Cash,9,4,46.76
TXN-0003370,ST-TOR-002,Central,N,Mobile,4,3,20.80
TXN-0003371,ST-TOR-002,Central,Y,Credit,4,3,27.47
TXN-0003372,ST-SCA-001,Central,Y,Credit,6,4,30.18
TXN-0003373,ST-SCA-001,Central,Y,Debit,1,1,6.36
TXN-0003374,ST-SCA-001,Central,Y,Mobile,7,3,59.01
TXN-0003375,ST-SCA-001,Central,Y,Debit,3,2,38.13
TXN-0003376,ST-SCA-001,Central,N,Debit,5,4,31.75
TXN-0003377,ST-SCA-001,Central,Y,Credit,7,5,51.20
TXN-0003378,ST-SCA-001,Central,Y,Cash,3,2,42.40
TXN-0003379,ST-SCA-001,Central,Y,Debit,3,3,26.76
TXN-0003380,ST-SCA-001,Central,Y,Credit,1,1,17.34
TXN-0003381,ST-SCA-001,Central,N,Debit,1,1,7.19
TXN-0003382,ST-SCA-001,Central,Y,Debit,5,3,53.87
TXN-0003383,ST-SCA-001,Central,N,Debit,2,2,20.65
TXN-0003384,ST-SCA-001,Central,N,Credit,10,5,45.31
TXN-0003385,ST-MIS-001,Central,N,Debit,4,4,52.95
TXN-0003386,ST-MIS-001,Central,N,Mobile,5,3,24.42
TXN-0003387,ST-MIS-001,Central,Y,Credit,10,4,78.82
TXN-0003388,ST-MIS-001,Central,N,Cash,1,1,15.96
TXN-0003389,ST-MIS-001,Central,N,Debit,6,4,22.65
TXN-0003390,ST-MIS-001,Central,Y,Debit,12,7,116.03
TXN-0003391,ST-MIS-001,Central,N,Debit,7,4,46.13
TXN-0003392,ST-MIS-001,Central,Y,Debit,9,4,99.09
TXN-0003393,ST-MIS-001,Central,Y,Cash,5,4,33.69
TXN-0003394,ST-MIS-001,Central,N,Debit,3,3,18.11
TXN-0003395,ST-BRA-001,Central,Y,Credit,4,3,29.97
TXN-0003396,ST-BRA-001,Central,N,Mobile,5,3,46.10
TXN-0003397,ST-BRA-001,Central,Y,Debit,4,2,41.74
TXN-0003398,ST-BRA-001,Central,N,Credit,5,2,43.54
TXN-0003399,ST-BRA-001,Central,Y,Debit,6,4,50.31
TXN-0003400,ST-BRA-001,Central,N,Credit,3,3,18.97
TXN-0003401,ST-BRA-001,Central,Y,Debit,5,3,32.95
TXN-0003402,ST-BRA-001,Central,N,Credit,5,3,50.62
TXN-0003403,ST-BRA-001,Central,Y,Mobile,2,2,19.01
TXN-0003404,ST-BRA-001,Central,Y,Cash,6,2,17.08
TXN-0003405,ST-BRA-001,Central,Y,Debit,2,2,25.53
TXN-0003406,ST-BRA-001,Central,Y,Debit,5,3,52.71
TXN-0003407,ST-BRA-001,Central,Y,Credit,3,2,31.61
TXN-0003408,ST-BRA-001,Central,Y,Cash,4,2,56.99
TXN-0003409,ST-HAM-001,Central,N,Credit,2,2,19.56
TXN-0003410,ST-HAM-001,Central,Y,Debit,4,3,39.81
TXN-0003411,ST-HAM-001,Central,Y,Credit,5,2,32.58
TXN-0003412,ST-HAM-001,Central,N,Credit,5,4,71.82
TXN-0003413,ST-HAM-001,Central,Y,Debit,3,3,16.71
TXN-0003414,ST-HAM-001,Central,N,Credit,8,5,55.88
TXN-0003415,ST-HAM-001,Central,N,Cash,7,6,72.07
TXN-0003416,ST-HAM-001,Central,N,Credit,7,5,45.59
TXN-0003417,ST-HAM-001,Central,Y,Debit,9,5,94.12
TXN-0003418,ST-HAM-001,Central,Y,Credit,7,5,36.37
TXN-0003419,ST-HAM-001,Central,Y,Debit,4,3,50.48
TXN-0003420,ST-HAM-001,Central,N,Credit,3,2,21.86
TXN-0003421,ST-HAM-001,Central,Y,Credit,7,4,67.98
TXN-0003422,ST-HAM-001,Central,Y,Mobile,3,2,43.80
TXN-0003423,ST-KIT-001,Central,Y,Credit,2,2,31.50
TXN-0003424,ST-KIT-001,Central,Y,Mobile,3,3,35.77
TXN-0003425,ST-KIT-001,Central,Y,Credit,5,5,47.15
TXN-0003426,ST-KIT-001,Central,N,Credit,4,2,53.30
TXN-0003427,ST-KIT-001,Central,N,Debit,1,1,4.43
TXN-0003428,ST-KIT-001,Central,N,Debit,7,2,80.90
TXN-0003429,ST-KIT-001,Central,N,Debit,6,3,54.94
TXN-0003430,ST-KIT-001,Central,N,Debit,1,1,5.28
TXN-0003431,ST-KIT-001,Central,Y,Debit,5,3,40.86
TXN-0003432,ST-KIT-001,Central,Y,Credit,1,1,12.13
TXN-0003433,ST-KIT-001,Central,Y,Credit,2,1,15.00
TXN-0003434,ST-KIT-001,Central,Y,Debit,4,4,22.96
TXN-0003435,ST-KIT-001,Central,Y,Credit,2,2,19.52
TXN-0003436,ST-KIT-001,Central,Y,Credit,6,4,66.96
TXN-0003437,ST-KIT-001,Central,Y,Debit,3,2,27.39
TXN-0003438,ST-LON-001,Central,N,Mobile,3,2,13.40
TXN-0003439,ST-LON-001,Central,Y,Debit,2,2,21.03
TXN-0003440,ST-LON-001,Central,N,Credit,8,4,72.15
TXN-0003441,ST-LON-001,Central,Y,Cash,4,4,44.00
TXN-0003442,ST-LON-001,Central,Y,Credit,5,3,47.72
TXN-0003443,ST-LON-001,Central,Y,Credit,4,2,30.26
TXN-0003444,ST-LON-001,Central,N,Debit,6,4,47.81
TXN-0003445,ST-LON-001,Central,Y,Debit,1,1,17.45
TXN-0003446,ST-LON-001,Central,N,Debit,3,1,53.43
TXN-0003447,ST-LON-001,Central,Y,Credit,5,4,38.80
TXN-0003448,ST-LON-001,Central,Y,Debit,6,5,58.55
TXN-0003449,ST-LON-001,Central,Y,Debit,7,4,79.81
TXN-0003450,ST-LON-001,Central,Y,Debit,2,2,17.32
TXN-0003451,ST-LON-001,Central,N,Credit,2,1,29.70
TXN-0003452,ST-LON-001,Central,Y,Cash,6,4,87.58
TXN-0003453,ST-LON-001,Central,Y,Debit,3,3,20.64
TXN-0003454,ST-LON-001,Central,N,Credit,3,3,28.54
TXN-0003455,ST-OTT-001,Eastern,Y,Debit,6,4,63.03
TXN-0003456,ST-OTT-001,Eastern,Y,Credit,7,5,74.42
TXN-0003457,ST-OTT-001,Eastern,Y,Cash,3,2,41.63
TXN-0003458,ST-OTT-001,Eastern,N,Credit,2,1,6.76
TXN-0003459,ST-OTT-001,Eastern,Y,Debit,6,4,48.73
TXN-0003460,ST-OTT-001,Eastern,Y,Debit,3,2,25.62
TXN-0003461,ST-OTT-001,Eastern,N,Debit,1,1,12.13
TXN-0003462,ST-OTT-001,Eastern,Y,Debit,6,4,78.47
TXN-0003463,ST-OTT-001,Eastern,N,Debit,4,2,35.46
TXN-0003464,ST-OTT-001,Eastern,Y,Debit,6,3,37.52
TXN-0003465,ST-OTT-001,Eastern,N,Debit,3,2,40.46
TXN-0003466,ST-OTT-001,Eastern,N,Mobile,2,2,15.48
TXN-0003467,ST-OTT-001,Eastern,Y,Credit,5,3,33.29
TXN-0003468,ST-OTT-001,Eastern,N,Credit,7,4,32.25
TXN-0003469,ST-OTT-001,Eastern,N,Credit,5,3,47.09
TXN-0003470,ST-OTT-002,Eastern,N,Mobile,7,4,54.30
TXN-0003471,ST-OTT-002,Eastern,N,Credit,9,4,129.93
TXN-0003472,ST-OTT-002,Eastern,N,Debit,2,2,21.76
TXN-0003473,ST-OTT-002,Eastern,Y,Debit,6,3,27.54
TXN-0003474,ST-OTT-002,Eastern,Y,Credit,4,3,27.54
TXN-0003475,ST-OTT-002,Eastern,N,Credit,1,1,7.95
TXN-0003476,ST-OTT-002,Eastern,Y,Credit,4,3,55.78
TXN-0003477,ST-OTT-002,Eastern,N,Credit,8,2,68.40
TXN-0003478,ST-OTT-002,Eastern,N,Debit,7,5,79.94
TXN-0003479,ST-OTT-002,Eastern,N,Credit,6,4,77.33
TXN-0003480,ST-OTT-002,Eastern,N,Credit,4,3,34.46
TXN-0003481,ST-OTT-002,Eastern,Y,Credit,5,3,27.19
TXN-0003482,ST-OTT-002,Eastern,N,Credit,4,2,40.84
TXN-0003483,ST-OTT-002,Eastern,Y,Credit,6,4,63.13
TXN-0003484,ST-OTT-002,Eastern,Y,Debit,1,1,6.54
TXN-0003485,ST-CAL-001,Western,N,Credit,5,4,47.42
TXN-0003486,ST-CAL-001,Western,Y,Credit,1,1,15.60
TXN-0003487,ST-CAL-001,Western,Y,Debit,2,2,23.76
TXN-0003488,ST-CAL-001,Western,Y,Mobile,4,3,37.72
TXN-0003489,ST-CAL-001,Western,Y,Debit,8,4,85.03
TXN-0003490,ST-CAL-001,Western,N,Mobile,7,3,65.12
TXN-0003491,ST-CAL-001,Western,N,Debit,3,3,41.32
TXN-0003492,ST-CAL-001,Western,N,Debit,5,2,44.51
TXN-0003493,ST-CAL-001,Western,Y,Credit,2,2,30.79
TXN-0003494,ST-CAL-001,Western,Y,Credit,5,2,76.26
TXN-0003495,ST-CAL-001,Western,N,Credit,11,7,95.64
TXN-0003496,ST-CAL-001,Western,Y,Credit,3,2,48.21
TXN-0003497,ST-CAL-001,Western,Y,Credit,2,2,14.22
TXN-0003498,ST-CAL-001,Western,N,Credit,10,5,84.41
TXN-0003499,ST-EDM-001,Western,Y,Mobile,2,2,15.58
TXN-0003500,ST-EDM-001,Western,N,Debit,8,5,70.12
TXN-0003501,ST-EDM-001,Western,Y,Cash,3,3,22.46
TXN-0003502,ST-EDM-001,Western,Y,Credit,9,5,96.45
TXN-0003503,ST-EDM-001,Western,Y,Credit,1,1,10.88
TXN-0003504,ST-EDM-001,Western,Y,Credit,4,3,19.06
TXN-0003505,ST-EDM-001,Western,Y,Cash,4,2,62.60
TXN-0003506,ST-EDM-001,Western,Y,Debit,3,3,21.81
TXN-0003507,ST-EDM-001,Western,N,Credit,2,2,7.82
TXN-0003508,ST-EDM-001,Western,Y,Mobile,5,4,49.43
TXN-0003509,ST-EDM-001,Western,N,Credit,4,2,39.57
TXN-0003510,ST-EDM-001,Western,N,Mobile,5,4,69.44
TXN-0003511,ST-EDM-001,Western,N,Credit,3,2,36.41
TXN-0003512,ST-EDM-001,Western,Y,Credit,3,3,28.15
TXN-0003513,ST-EDM-001,Western,Y,Debit,2,2,11.61
TXN-0003514,ST-EDM-001,Western,Y,Cash,4,3,29.38
TXN-0003515,ST-TOR-001,Central,Y,Credit,4,3,25.39
TXN-0003516,ST-TOR-001,Central,Y,Credit,6,4,59.84
TXN-0003517,ST-TOR-001,Central,N,Debit,4,3,32.43
TXN-0003518,ST-TOR-001,Central,N,Credit,3,3,23.37
TXN-0003519,ST-TOR-001,Central,N,Debit,5,3,56.25
TXN-0003520,ST-TOR-001,Central,Y,Credit,2,2,14.37
TXN-0003521,ST-TOR-001,Central,Y,Credit,10,6,37.35
TXN-0003522,ST-TOR-001,Central,Y,Debit,4,3,14.85
TXN-0003523,ST-TOR-001,Central,Y,Debit,5,3,48.50
TXN-0003524,ST-TOR-001,Central,Y,Credit,6,4,64.78
TXN-0003525,ST-TOR-001,Central,Y,Debit,3,1,26.43
TXN-0003526,ST-TOR-001,Central,Y,Credit,7,4,79.42
TXN-0003527,ST-TOR-001,Central,Y,Credit,8,4,74.22
TXN-0003528,ST-TOR-001,Central,N,Debit,2,2,11.12
TXN-0003529,ST-TOR-001,Central,Y,Debit,2,2,19.15
TXN-0003530,ST-TOR-001,Central,N,Credit,2,2,18.83
TXN-0003531,ST-TOR-001,Central,Y,Credit,4,2,37.16
TXN-0003532,ST-TOR-001,Central,N,Credit,5,3,36.20
TXN-0003533,ST-TOR-001,Central,N,Debit,3,2,31.10
TXN-0003534,ST-TOR-001,Central,N,Debit,3,2,36.69
TXN-0003535,ST-TOR-001,Central,Y,Credit,6,5,51.79
TXN-0003536,ST-TOR-001,Central,Y,Debit,2,2,15.24
TXN-0003537,ST-TOR-002,Central,Y,Credit,4,4,24.67
TXN-0003538,ST-TOR-002,Central,Y,Credit,7,6,52.24
TXN-0003539,ST-TOR-002,Central,Y,Debit,1,1,5.35
TXN-0003540,ST-TOR-002,Central,Y,Debit,6,2,22.80
TXN-0003541,ST-TOR-002,Central,Y,Cash,4,4,19.52
TXN-0003542,ST-TOR-002,Central,Y,Credit,7,4,58.95
TXN-0003543,ST-TOR-002,Central,Y,Credit,2,1,4.50
TXN-0003544,ST-TOR-002,Central,N,Credit,4,4,47.78
TXN-0003545,ST-TOR-002,Central,Y,Debit,3,2,33.51
TXN-0003546,ST-TOR-002,Central,N,Debit,7,4,52.56
TXN-0003547,ST-TOR-002,Central,Y,Debit,3,1,10.32
TXN-0003548,ST-TOR-002,Central,Y,Debit,3,3,24.92
TXN-0003549,ST-TOR-002,Central,N,Debit,6,4,56.18
TXN-0003550,ST-TOR-002,Central,Y,Credit,3,3,25.36
TXN-0003551,ST-TOR-002,Central,Y,Credit,5,3,28.48
TXN-0003552,ST-TOR-002,Central,Y,Cash,3,3,26.69
TXN-0003553,ST-TOR-002,Central,N,Debit,7,3,86.70
TXN-0003554,ST-TOR-002,Central,Y,Cash,2,2,27.40
TXN-0003555,ST-SCA-001,Central,N,Mobile,6,4,58.69
TXN-0003556,ST-SCA-001,Central,Y,Credit,6,4,38.32
TXN-0003557,ST-SCA-001,Central,Y,Debit,2,2,11.77
TXN-0003558,ST-SCA-001,Central,Y,Credit,2,2,22.27
TXN-0003559,ST-SCA-001,Central,Y,Debit,1,1,3.11
TXN-0003560,ST-SCA-001,Central,Y,Debit,3,3,29.58
TXN-0003561,ST-SCA-001,Central,N,Debit,3,1,9.27
TXN-0003562,ST-SCA-001,Central,Y,Credit,6,4,45.53
TXN-0003563,ST-SCA-001,Central,N,Credit,6,3,47.73
TXN-0003564,ST-SCA-001,Central,Y,Mobile,7,4,42.18
TXN-0003565,ST-SCA-001,Central,Y,Credit,7,4,52.61
TXN-0003566,ST-SCA-001,Central,N,Credit,2,2,20.64
TXN-0003567,ST-SCA-001,Central,Y,Cash,2,2,29.54
TXN-0003568,ST-SCA-001,Central,Y,Debit,8,5,68.55
TXN-0003569,ST-SCA-001,Central,Y,Credit,1,1,2.60
TXN-0003570,ST-SCA-001,Central,N,Credit,4,3,34.93
TXN-0003571,ST-SCA-001,Central,Y,Debit,4,2,51.21
TXN-0003572,ST-SCA-001,Central,N,Credit,4,2,42.00
TXN-0003573,ST-SCA-001,Central,Y,Credit,4,2,49.37
TXN-0003574,ST-SCA-001,Central,Y,Credit,5,4,56.84
TXN-0003575,ST-SCA-001,Central,Y,Credit,1,1,8.44
TXN-0003576,ST-MIS-001,Central,N,Debit,3,3,24.49
TXN-0003577,ST-MIS-001,Central,N,Credit,5,4,62.33
TXN-0003578,ST-MIS-001,Central,Y,Credit,3,3,12.85
TXN-0003579,ST-MIS-001,Central,Y,Credit,1,1,16.83
TXN-0003580,ST-MIS-001,Central,Y,Cash,2,2,14.56
TXN-0003581,ST-MIS-001,Central,N,Mobile,5,3,57.32
TXN-0003582,ST-MIS-001,Central,N,Debit,7,4,64.55
TXN-0003583,ST-MIS-001,Central,Y,Credit,5,2,64.17
TXN-0003584,ST-MIS-001,Central,N,Credit,12,5,154.88
TXN-0003585,ST-MIS-001,Central,Y,Debit,3,3,22.02
TXN-0003586,ST-MIS-001,Central,Y,Cash,4,2,26.21
TXN-0003587,ST-MIS-001,Central,N,Credit,8,6,80.74
TXN-0003588,ST-MIS-001,Central,Y,Credit,4,3,43.89
TXN-0003589,ST-MIS-001,Central,Y,Mobile,3,2,32.15
TXN-0003590,ST-MIS-001,Central,N,Credit,4,3,55.51
TXN-0003591,ST-MIS-001,Central,Y,Debit,1,1,3.12
TXN-0003592,ST-MIS-001,Central,Y,Credit,5,4,32.26
TXN-0003593,ST-BRA-001,Central,Y,Cash,3,3,13.64
TXN-0003594,ST-BRA-001,Central,Y,Credit,3,3,26.84
TXN-0003595,ST-BRA-001,Central,Y,Credit,2,2,21.51
TXN-0003596,ST-BRA-001,Central,Y,Debit,5,2,51.33
TXN-0003597,ST-BRA-001,Central,Y,Debit,7,6,63.81
TXN-0003598,ST-BRA-001,Central,N,Cash,6,5,77.36
TXN-0003599,ST-BRA-001,Central,Y,Credit,6,5,78.67
TXN-0003600,ST-BRA-001,Central,Y,Credit,2,2,26.05
TXN-0003601,ST-BRA-001,Central,Y,Credit,7,3,40.44
TXN-0003602,ST-HAM-001,Central,Y,Debit,3,3,28.97
TXN-0003603,ST-HAM-001,Central,Y,Debit,5,3,49.43
TXN-0003604,ST-HAM-001,Central,N,Debit,1,1,11.98
TXN-0003605,ST-HAM-001,Central,Y,Debit,2,2,17.21
TXN-0003606,ST-HAM-001,Central,N,Cash,1,1,11.54
TXN-0003607,ST-HAM-001,Central,Y,Credit,3,3,23.21
TXN-0003608,ST-HAM-001,Central,Y,Credit,3,3,27.39
TXN-0003609,ST-HAM-001,Central,Y,Debit,4,3,49.50
TXN-0003610,ST-HAM-001,Central,N,Credit,8,5,69.61
TXN-0003611,ST-HAM-001,Central,Y,Debit,2,2,26.50
TXN-0003612,ST-HAM-001,Central,Y,Debit,4,4,32.81
TXN-0003613,ST-HAM-001,Central,Y,Credit,7,4,78.16
TXN-0003614,ST-KIT-001,Central,Y,Cash,4,4,23.01
TXN-0003615,ST-KIT-001,Central,N,Mobile,4,3,55.99
TXN-0003616,ST-KIT-001,Central,Y,Credit,2,2,8.61
TXN-0003617,ST-KIT-001,Central,N,Debit,4,4,28.20
TXN-0003618,ST-KIT-001,Central,Y,Debit,4,3,29.47
TXN-0003619,ST-KIT-001,Central,Y,Debit,7,3,76.53
TXN-0003620,ST-KIT-001,Central,Y,Cash,3,2,33.13
TXN-0003621,ST-KIT-001,Central,Y,Debit,1,1,8.71
TXN-0003622,ST-KIT-001,Central,Y,Debit,4,3,27.94
TXN-0003623,ST-KIT-001,Central,Y,Mobile,2,1,6.26
TXN-0003624,ST-KIT-001,Central,Y,Cash,7,6,85.22
TXN-0003625,ST-LON-001,Central,N,Cash,4,3,41.32
TXN-0003626,ST-LON-001,Central,Y,Cash,5,4,54.87
TXN-0003627,ST-LON-001,Central,Y,Credit,3,2,53.41
TXN-0003628,ST-LON-001,Central,N,Credit,5,2,28.19
TXN-0003629,ST-LON-001,Central,Y,Cash,7,5,51.85
TXN-0003630,ST-LON-001,Central,N,Credit,8,3,85.40
TXN-0003631,ST-LON-001,Central,N,Debit,1,1,6.13
TXN-0003632,ST-LON-001,Central,N,Credit,3,2,35.60
TXN-0003633,ST-LON-001,Central,Y,Credit,5,3,48.90
TXN-0003634,ST-LON-001,Central,Y,Credit,12,6,103.20
TXN-0003635,ST-LON-001,Central,N,Cash,3,2,37.70
TXN-0003636,ST-LON-001,Central,Y,Debit,6,3,23.80
TXN-0003637,ST-LON-001,Central,Y,Debit,6,5,57.68
TXN-0003638,ST-LON-001,Central,Y,Debit,1,1,2.13
TXN-0003639,ST-LON-001,Central,N,Debit,4,1,13.32
TXN-0003640,ST-LON-001,Central,N,Cash,3,2,44.21
TXN-0003641,ST-LON-001,Central,N,Cash,3,2,15.26
TXN-0003642,ST-LON-001,Central,N,Credit,2,2,16.34
TXN-0003643,ST-OTT-001,Eastern,Y,Credit,6,3,43.65
TXN-0003644,ST-OTT-001,Eastern,Y,Credit,6,4,20.85
TXN-0003645,ST-OTT-001,Eastern,Y,Debit,2,2,30.68
TXN-0003646,ST-OTT-001,Eastern,N,Debit,1,1,15.59
TXN-0003647,ST-OTT-001,Eastern,N,Debit,4,2,61.00
TXN-0003648,ST-OTT-001,Eastern,Y,Mobile,3,1,46.35
TXN-0003649,ST-OTT-001,Eastern,Y,Debit,8,4,87.94
TXN-0003650,ST-OTT-001,Eastern,Y,Credit,4,3,53.46
TXN-0003651,ST-OTT-001,Eastern,Y,Debit,4,2,46.05
TXN-0003652,ST-OTT-001,Eastern,Y,Credit,3,2,41.26
TXN-0003653,ST-OTT-001,Eastern,N,Credit,5,4,40.14
TXN-0003654,ST-OTT-001,Eastern,N,Credit,2,2,7.58
TXN-0003655,ST-OTT-001,Eastern,Y,Credit,5,5,55.44
TXN-0003656,ST-OTT-001,Eastern,Y,Credit,1,1,11.47
TXN-0003657,ST-OTT-001,Eastern,N,Debit,3,2,34.37
TXN-0003658,ST-OTT-001,Eastern,Y,Cash,5,4,53.72
TXN-0003659,ST-OTT-001,Eastern,Y,Credit,7,4,64.14
TXN-0003660,ST-OTT-001,Eastern,Y,Credit,8,5,60.83
TXN-0003661,ST-OTT-001,Eastern,N,Credit,6,4,54.21
TXN-0003662,ST-OTT-001,Eastern,Y,Cash,1,1,2.25
TXN-0003663,ST-OTT-001,Eastern,Y,Cash,5,5,28.01
TXN-0003664,ST-OTT-002,Eastern,Y,Credit,8,4,81.65
TXN-0003665,ST-OTT-002,Eastern,Y,Cash,12,7,103.85
TXN-0003666,ST-OTT-002,Eastern,N,Credit,6,5,47.64
TXN-0003667,ST-OTT-002,Eastern,Y,Credit,11,6,77.86
TXN-0003668,ST-OTT-002,Eastern,Y,Cash,6,3,92.05
TXN-0003669,ST-OTT-002,Eastern,Y,Credit,7,5,43.15
TXN-0003670,ST-OTT-002,Eastern,Y,Credit,5,4,41.67
TXN-0003671,ST-OTT-002,Eastern,N,Debit,6,4,33.11
TXN-0003672,ST-OTT-002,Eastern,N,Debit,3,2,30.12
TXN-0003673,ST-OTT-002,Eastern,N,Cash,5,3,67.58
TXN-0003674,ST-OTT-002,Eastern,Y,Credit,6,4,37.60
TXN-0003675,ST-OTT-002,Eastern,N,Debit,1,1,11.98
TXN-0003676,ST-CAL-001,Western,N,Debit,5,2,67.06
TXN-0003677,ST-CAL-001,Western,N,Debit,5,2,29.17
TXN-0003678,ST-CAL-001,Western,N,Credit,2,2,22.15
TXN-0003679,ST-CAL-001,Western,Y,Mobile,3,1,52.11
TXN-0003680,ST-CAL-001,Western,N,Credit,4,2,31.72
TXN-0003681,ST-CAL-001,Western,Y,Credit,1,1,3.14
TXN-0003682,ST-CAL-001,Western,Y,Credit,5,3,32.22
TXN-0003683,ST-CAL-001,Western,Y,Cash,5,4,66.16
TXN-0003684,ST-CAL-001,Western,Y,Debit,7,3,49.61
TXN-0003685,ST-CAL-001,Western,Y,Credit,4,2,45.60
TXN-0003686,ST-CAL-001,Western,Y,Debit,4,2,21.30
TXN-0003687,ST-CAL-001,Western,Y,Credit,3,2,16.37
TXN-0003688,ST-CAL-001,Western,Y,Debit,7,4,42.97
TXN-0003689,ST-CAL-001,Western,Y,Debit,9,7,80.20
TXN-0003690,ST-EDM-001,Western,N,Credit,4,3,56.22
TXN-0003691,ST-EDM-001,Western,Y,Credit,2,1,14.30
TXN-0003692,ST-EDM-001,Western,Y,Debit,4,3,35.05
TXN-0003693,ST-EDM-001,Western,Y,Credit,2,2,28.09
TXN-0003694,ST-EDM-001,Western,Y,Credit,4,3,20.69
TXN-0003695,ST-EDM-001,Western,Y,Credit,4,3,30.56
TXN-0003696,ST-EDM-001,Western,Y,Debit,6,3,29.64
TXN-0003697,ST-EDM-001,Western,N,Credit,6,5,44.03
TXN-0003698,ST-EDM-001,Western,Y,Credit,3,3,24.76
TXN-0003699,ST-EDM-001,Western,N,Credit,2,2,10.58
TXN-0003700,ST-EDM-001,Western,Y,Debit,2,2,19.56
TXN-0003701,ST-EDM-001,Western,N,Mobile,3,2,27.32
TXN-0003702,ST-EDM-001,Western,Y,Debit,6,4,68.93
TXN-0003703,ST-EDM-001,Western,N,Cash,2,1,4.40
TXN-0003704,ST-TOR-001,Central,N,Credit,4,3,45.51
TXN-0003705,ST-TOR-001,Central,N,Mobile,4,2,37.42
TXN-0003706,ST-TOR-001,Central,Y,Credit,1,1,3.23
TXN-0003707,ST-TOR-001,Central,N,Mobile,5,2,14.43
TXN-0003708,ST-TOR-001,Central,N,Mobile,2,2,12.89
TXN-0003709,ST-TOR-001,Central,Y,Debit,9,7,89.02
TXN-0003710,ST-TOR-001,Central,Y,Debit,3,2,39.63
TXN-0003711,ST-TOR-001,Central,Y,Credit,8,3,82.90
TXN-0003712,ST-TOR-001,Central,Y,Debit,2,2,6.72
TXN-0003713,ST-TOR-001,Central,N,Cash,5,4,67.06
TXN-0003714,ST-TOR-001,Central,N,Credit,4,2,9.02
TXN-0003715,ST-TOR-001,Central,Y,Debit,6,5,56.91
TXN-0003716,ST-TOR-001,Central,Y,Cash,8,3,101.70
TXN-0003717,ST-TOR-001,Central,Y,Credit,3,2,34.96
TXN-0003718,ST-TOR-001,Central,Y,Debit,6,4,23.33
TXN-0003719,ST-TOR-002,Central,Y,Cash,7,4,62.22
TXN-0003720,ST-TOR-002,Central,Y,Credit,5,3,38.58
TXN-0003721,ST-TOR-002,Central,N,Credit,5,3,73.18
TXN-0003722,ST-TOR-002,Central,Y,Cash,5,3,21.31
TXN-0003723,ST-TOR-002,Central,Y,Credit,3,3,42.98
TXN-0003724,ST-TOR-002,Central,N,Credit,6,4,41.34
TXN-0003725,ST-TOR-002,Central,Y,Mobile,6,2,56.76
TXN-0003726,ST-TOR-002,Central,Y,Credit,2,2,5.19
TXN-0003727,ST-TOR-002,Central,Y,Debit,4,3,42.80
TXN-0003728,ST-TOR-002,Central,Y,Debit,3,3,32.52
TXN-0003729,ST-SCA-001,Central,Y,Credit,2,2,16.21
TXN-0003730,ST-SCA-001,Central,N,Debit,2,2,6.62
TXN-0003731,ST-SCA-001,Central,Y,Mobile,2,1,8.78
TXN-0003732,ST-SCA-001,Central,Y,Debit,7,3,63.13
TXN-0003733,ST-SCA-001,Central,Y,Debit,4,2,14.12
TXN-0003734,ST-SCA-001,Central,Y,Debit,4,3,20.86
TXN-0003735,ST-SCA-001,Central,Y,Debit,2,2,16.01
TXN-0003736,ST-SCA-001,Central,N,Debit,7,5,83.99
TXN-0003737,ST-SCA-001,Central,Y,Mobile,1,1,8.74
TXN-0003738,ST-MIS-001,Central,N,Debit,4,3,34.79
TXN-0003739,ST-MIS-001,Central,N,Debit,3,2,46.71
TXN-0003740,ST-MIS-001,Central,Y,Credit,7,3,20.71
TXN-0003741,ST-MIS-001,Central,Y,Debit,2,2,11.08
TXN-0003742,ST-MIS-001,Central,Y,Debit,3,3,37.23
TXN-0003743,ST-MIS-001,Central,Y,Credit,2,2,26.17
TXN-0003744,ST-MIS-001,Central,Y,Debit,1,1,15.37
TXN-0003745,ST-MIS-001,Central,N,Credit,4,2,67.03
TXN-0003746,ST-MIS-001,Central,Y,Cash,2,2,26.79
TXN-0003747,ST-MIS-001,Central,Y,Credit,1,1,3.30
TXN-0003748,ST-MIS-001,Central,N,Debit,7,4,64.42
TXN-0003749,ST-MIS-001,Central,Y,Credit,8,3,106.86
TXN-0003750,ST-BRA-001,Central,Y,Credit,4,1,28.64
TXN-0003751,ST-BRA-001,Central,Y,Credit,3,2,29.98
TXN-0003752,ST-BRA-001,Central,N,Credit,1,1,12.29
TXN-0003753,ST-BRA-001,Central,N,Credit,2,2,30.68
TXN-0003754,ST-BRA-001,Central,Y,Credit,5,3,49.71
TXN-0003755,ST-BRA-001,Central,Y,Debit,5,3,52.59
TXN-0003756,ST-BRA-001,Central,Y,Credit,2,2,31.30
TXN-0003757,ST-BRA-001,Central,Y,Credit,3,2,14.36
TXN-0003758,ST-BRA-001,Central,Y,Credit,5,3,37.28
TXN-0003759,ST-BRA-001,Central,Y,Mobile,2,2,18.42
TXN-0003760,ST-BRA-001,Central,N,Credit,5,4,49.53
TXN-0003761,ST-BRA-001,Central,Y,Credit,7,5,52.55
TXN-0003762,ST-BRA-001,Central,N,Debit,2,2,21.26
TXN-0003763,ST-BRA-001,Central,Y,Credit,7,4,67.54
TXN-0003764,ST-BRA-001,Central,Y,Mobile,3,2,26.46
TXN-0003765,ST-BRA-001,Central,Y,Credit,9,6,64.83
TXN-0003766,ST-HAM-001,Central,Y,Credit,1,1,8.39
TXN-0003767,ST-HAM-001,Central,Y,Credit,7,4,45.88
TXN-0003768,ST-HAM-001,Central,Y,Debit,6,3,56.80
TXN-0003769,ST-HAM-001,Central,N,Credit,7,5,53.39
TXN-0003770,ST-HAM-001,Central,N,Credit,3,3,34.33
TXN-0003771,ST-HAM-001,Central,N,Debit,5,4,59.79
TXN-0003772,ST-HAM-001,Central,N,Cash,3,3,14.47
TXN-0003773,ST-HAM-001,Central,N,Credit,3,3,14.04
TXN-0003774,ST-KIT-001,Central,N,Credit,2,1,4.36
TXN-0003775,ST-KIT-001,Central,N,Debit,2,1,10.04
TXN-0003776,ST-KIT-001,Central,Y,Credit,5,5,55.73
TXN-0003777,ST-KIT-001,Central,N,Cash,6,5,59.84
TXN-0003778,ST-KIT-001,Central,N,Credit,6,5,64.74
TXN-0003779,ST-KIT-001,Central,N,Mobile,5,4,48.80
TXN-0003780,ST-KIT-001,Central,N,Credit,5,4,51.22
TXN-0003781,ST-KIT-001,Central,Y,Credit,5,3,48.18
TXN-0003782,ST-KIT-001,Central,Y,Credit,4,2,37.99
TXN-0003783,ST-KIT-001,Central,Y,Credit,1,1,11.97
TXN-0003784,ST-LON-001,Central,Y,Credit,5,3,28.12
TXN-0003785,ST-LON-001,Central,Y,Debit,7,4,79.63
TXN-0003786,ST-LON-001,Central,Y,Credit,1,1,5.29
TXN-0003787,ST-LON-001,Central,N,Debit,4,3,24.42
TXN-0003788,ST-LON-001,Central,Y,Credit,4,2,31.12
TXN-0003789,ST-LON-001,Central,Y,Credit,5,4,28.49
TXN-0003790,ST-LON-001,Central,Y,Cash,5,4,39.13
TXN-0003791,ST-LON-001,Central,Y,Credit,6,3,38.42
TXN-0003792,ST-LON-001,Central,N,Credit,5,3,34.70
TXN-0003793,ST-LON-001,Central,N,Cash,5,2,73.79
TXN-0003794,ST-LON-001,Central,Y,Debit,2,2,32.64
TXN-0003795,ST-LON-001,Central,Y,Cash,4,3,53.64
TXN-0003796,ST-LON-001,Central,Y,Debit,8,3,62.00
TXN-0003797,ST-LON-001,Central,Y,Cash,5,4,44.75
TXN-0003798,ST-LON-001,Central,Y,Cash,5,4,29.03
TXN-0003799,ST-LON-001,Central,Y,Cash,6,3,88.90
TXN-0003800,ST-OTT-001,Eastern,N,Debit,3,2,37.94
TXN-0003801,ST-OTT-001,Eastern,N,Debit,3,3,27.26
TXN-0003802,ST-OTT-001,Eastern,Y,Cash,1,1,10.77
TXN-0003803,ST-OTT-001,Eastern,Y,Cash,10,5,94.52
TXN-0003804,ST-OTT-001,Eastern,N,Debit,6,3,68.99
TXN-0003805,ST-OTT-001,Eastern,N,Credit,3,2,20.70
TXN-0003806,ST-OTT-001,Eastern,Y,Credit,3,2,13.83
TXN-0003807,ST-OTT-001,Eastern,Y,Credit,1,1,14.96
TXN-0003808,ST-OTT-002,Eastern,Y,Credit,2,1,22.72
TXN-0003809,ST-OTT-002,Eastern,N,Cash,1,1,5.42
TXN-0003810,ST-OTT-002,Eastern,N,Credit,3,2,45.41
TXN-0003811,ST-OTT-002,Eastern,Y,Credit,3,1,45.27
TXN-0003812,ST-OTT-002,Eastern,Y,Debit,3,2,14.81
TXN-0003813,ST-OTT-002,Eastern,N,Credit,2,2,12.75
TXN-0003814,ST-OTT-002,Eastern,Y,Debit,1,1,10.20
TXN-0003815,ST-OTT-002,Eastern,N,Cash,6,5,66.10
TXN-0003816,ST-OTT-002,Eastern,N,Mobile,3,1,47.97
TXN-0003817,ST-OTT-002,Eastern,N,Cash,10,5,66.06
TXN-0003818,ST-CAL-001,Western,Y,Debit,11,4,144.38
TXN-0003819,ST-CAL-001,Western,Y,Credit,8,3,34.05
TXN-0003820,ST-CAL-001,Western,Y,Credit,4,2,58.00
TXN-0003821,ST-CAL-001,Western,Y,Debit,1,1,5.36
TXN-0003822,ST-CAL-001,Western,Y,Debit,6,3,44.18
TXN-0003823,ST-CAL-001,Western,Y,Credit,3,3,26.08
TXN-0003824,ST-CAL-001,Western,Y,Credit,7,4,57.02
TXN-0003825,ST-CAL-001,Western,Y,Credit,4,2,32.12
TXN-0003826,ST-CAL-001,Western,Y,Credit,3,1,9.39
TXN-0003827,ST-CAL-001,Western,N,Credit,6,3,54.14
TXN-0003828,ST-CAL-001,Western,N,Credit,8,3,70.08
TXN-0003829,ST-CAL-001,Western,Y,Credit,3,2,34.86
TXN-0003830,ST-CAL-001,Western,Y,Mobile,1,1,7.09
TXN-0003831,ST-CAL-001,Western,Y,Debit,3,1,9.63
TXN-0003832,ST-EDM-001,Western,Y,Debit,3,2,12.22
TXN-0003833,ST-EDM-001,Western,N,Credit,4,4,39.68
TXN-0003834,ST-EDM-001,Western,Y,Cash,4,2,10.26
TXN-0003835,ST-EDM-001,Western,Y,Debit,2,2,24.03
TXN-0003836,ST-EDM-001,Western,N,Credit,2,1,6.84
TXN-0003837,ST-EDM-001,Western,Y,Debit,1,1,17.29
TXN-0003838,ST-EDM-001,Western,Y,Mobile,3,3,25.14
TXN-0003839,ST-EDM-001,Western,Y,Credit,7,4,30.93
TXN-0003840,ST-EDM-001,Western,Y,Debit,1,1,7.96
TXN-0003841,ST-EDM-001,Western,Y,Debit,2,2,31.79
TXN-0003842,ST-EDM-001,Western,Y,Debit,6,3,57.37
TXN-0003843,ST-TOR-001,Central,N,Debit,3,3,15.99
TXN-0003844,ST-TOR-001,Central,N,Debit,5,3,70.13
TXN-0003845,ST-TOR-001,Central,Y,Cash,6,4,86.33
TXN-0003846,ST-TOR-001,Central,N,Debit,4,2,10.96
TXN-0003847,ST-TOR-001,Central,N,Debit,6,2,51.78
TXN-0003848,ST-TOR-001,Central,N,Mobile,12,6,100.44
TXN-0003849,ST-TOR-001,Central,Y,Debit,2,2,10.68
TXN-0003850,ST-TOR-001,Central,N,Debit,3,2,33.71
TXN-0003851,ST-TOR-001,Central,Y,Credit,2,2,16.50
TXN-0003852,ST-TOR-001,Central,Y,Debit,6,4,22.91
TXN-0003853,ST-TOR-001,Central,Y,Credit,3,2,33.04
TXN-0003854,ST-TOR-001,Central,Y,Credit,5,3,65.76
TXN-0003855,ST-TOR-001,Central,N,Cash,5,2,55.33
TXN-0003856,ST-TOR-001,Central,Y,Credit,7,3,96.29
TXN-0003857,ST-TOR-001,Central,Y,Credit,7,5,88.15
TXN-0003858,ST-TOR-001,Central,N,Credit,2,2,13.63
TXN-0003859,ST-TOR-001,Central,Y,Debit,1,1,17.42
TXN-0003860,ST-TOR-001,Central,Y,Credit,5,3,59.94
TXN-0003861,ST-TOR-001,Central,Y,Credit,5,3,50.31
TXN-0003862,ST-TOR-001,Central,N,Mobile,3,2,32.96
TXN-0003863,ST-TOR-002,Central,N,Debit,7,3,78.44
TXN-0003864,ST-TOR-002,Central,Y,Debit,5,4,41.46
TXN-0003865,ST-TOR-002,Central,Y,Mobile,3,2,17.79
TXN-0003866,ST-TOR-002,Central,Y,Credit,2,1,22.72
TXN-0003867,ST-TOR-002,Central,Y,Credit,1,1,16.31
TXN-0003868,ST-TOR-002,Central,Y,Debit,3,1,30.99
TXN-0003869,ST-TOR-002,Central,Y,Debit,6,4,27.94
TXN-0003870,ST-TOR-002,Central,Y,Credit,3,3,28.81
TXN-0003871,ST-TOR-002,Central,N,Debit,3,3,22.90
TXN-0003872,ST-TOR-002,Central,N,Debit,8,4,41.40
TXN-0003873,ST-TOR-002,Central,N,Credit,1,1,13.08
TXN-0003874,ST-TOR-002,Central,Y,Credit,8,6,99.06
TXN-0003875,ST-TOR-002,Central,Y,Cash,5,3,36.35
TXN-0003876,ST-TOR-002,Central,N,Credit,3,2,33.53
TXN-0003877,ST-SCA-001,Central,Y,Credit,8,4,52.05
TXN-0003878,ST-SCA-001,Central,Y,Credit,5,4,35.88
TXN-0003879,ST-SCA-001,Central,Y,Cash,5,3,46.32
TXN-0003880,ST-SCA-001,Central,Y,Mobile,3,2,9.79
TXN-0003881,ST-SCA-001,Central,N,Credit,4,4,22.42
TXN-0003882,ST-SCA-001,Central,N,Credit,5,2,55.29
TXN-0003883,ST-SCA-001,Central,N,Debit,8,5,85.12
TXN-0003884,ST-SCA-001,Central,Y,Debit,3,3,26.72
TXN-0003885,ST-SCA-001,Central,N,Credit,8,3,76.18
TXN-0003886,ST-SCA-001,Central,Y,Credit,8,5,60.44
TXN-0003887,ST-SCA-001,Central,N,Credit,5,3,37.10
TXN-0003888,ST-SCA-001,Central,Y,Debit,5,3,59.53
TXN-0003889,ST-MIS-001,Central,Y,Debit,5,4,46.12
TXN-0003890,ST-MIS-001,Central,Y,Cash,4,3,41.93
TXN-0003891,ST-MIS-001,Central,Y,Cash,2,2,8.73
TXN-0003892,ST-MIS-001,Central,Y,Mobile,6,3,78.25
TXN-0003893,ST-MIS-001,Central,N,Cash,3,2,12.25
TXN-0003894,ST-MIS-001,Central,Y,Mobile,2,2,21.40
TXN-0003895,ST-MIS-001,Central,N,Debit,4,3,35.89
TXN-0003896,ST-MIS-001,Central,N,Credit,2,2,18.97
TXN-0003897,ST-MIS-001,Central,Y,Debit,3,3,35.02
TXN-0003898,ST-MIS-001,Central,N,Credit,7,3,47.00
TXN-0003899,ST-MIS-001,Central,Y,Debit,4,3,34.60
TXN-0003900,ST-MIS-001,Central,Y,Debit,4,3,41.44
TXN-0003901,ST-MIS-001,Central,N,Credit,11,4,88.49
TXN-0003902,ST-MIS-001,Central,Y,Debit,6,3,57.18
TXN-0003903,ST-BRA-001,Central,Y,Credit,4,2,33.08
TXN-0003904,ST-BRA-001,Central,N,Debit,2,1,17.44
TXN-0003905,ST-BRA-001,Central,Y,Mobile,3,3,33.23
TXN-0003906,ST-BRA-001,Central,Y,Debit,3,3,37.08
TXN-0003907,ST-BRA-001,Central,Y,Debit,6,4,39.45
TXN-0003908,ST-BRA-001,Central,Y,Credit,7,3,83.66
TXN-0003909,ST-BRA-001,Central,Y,Credit,7,6,58.84
TXN-0003910,ST-BRA-001,Central,Y,Debit,6,4,35.52
TXN-0003911,ST-HAM-001,Central,Y,Debit,3,2,19.97
TXN-0003912,ST-HAM-001,Central,N,Credit,4,3,13.93
TXN-0003913,ST-HAM-001,Central,N,Debit,9,5,33.70
TXN-0003914,ST-HAM-001,Central,Y,Credit,5,4,41.57
TXN-0003915,ST-HAM-001,Central,N,Credit,6,5,66.66
TXN-0003916,ST-HAM-001,Central,Y,Credit,5,4,51.79
TXN-0003917,ST-KIT-001,Central,Y,Credit,5,4,19.47
TXN-0003918,ST-KIT-001,Central,N,Credit,4,2,25.20
TXN-0003919,ST-KIT-001,Central,N,Debit,10,6,67.78
TXN-0003920,ST-KIT-001,Central,Y,Credit,1,1,7.16
TXN-0003921,ST-KIT-001,Central,Y,Credit,10,6,86.91
TXN-0003922,ST-KIT-001,Central,N,Credit,5,4,46.02
TXN-0003923,ST-KIT-001,Central,Y,Credit,5,4,59.81
TXN-0003924,ST-KIT-001,Central,N,Debit,5,4,48.20
TXN-0003925,ST-LON-001,Central,Y,Cash,1,1,17.13
TXN-0003926,ST-LON-001,Central,Y,Credit,3,3,41.63
TXN-0003927,ST-LON-001,Central,N,Debit,5,3,32.15
TXN-0003928,ST-LON-001,Central,N,Debit,4,1,60.68
TXN-0003929,ST-LON-001,Central,Y,Debit,3,3,35.01
TXN-0003930,ST-LON-001,Central,Y,Credit,2,2,16.29
TXN-0003931,ST-LON-001,Central,Y,Credit,3,2,31.20
TXN-0003932,ST-LON-001,Central,Y,Mobile,6,3,44.21
TXN-0003933,ST-LON-001,Central,N,Debit,4,3,28.19
TXN-0003934,ST-LON-001,Central,Y,Debit,3,3,21.33
TXN-0003935,ST-LON-001,Central,Y,Cash,4,3,39.68
TXN-0003936,ST-LON-001,Central,N,Debit,5,3,27.44
TXN-0003937,ST-LON-001,Central,Y,Mobile,1,1,12.62
TXN-0003938,ST-LON-001,Central,N,Debit,8,4,33.38
TXN-0003939,ST-OTT-001,Eastern,N,Debit,4,2,29.59
TXN-0003940,ST-OTT-001,Eastern,N,Credit,5,5,31.39
TXN-0003941,ST-OTT-001,Eastern,Y,Credit,7,5,67.33
TXN-0003942,ST-OTT-001,Eastern,Y,Credit,5,5,58.60
TXN-0003943,ST-OTT-001,Eastern,Y,Debit,8,6,71.46
TXN-0003944,ST-OTT-001,Eastern,Y,Credit,3,2,29.21
TXN-0003945,ST-OTT-001,Eastern,N,Debit,4,3,18.76
TXN-0003946,ST-OTT-001,Eastern,Y,Credit,2,2,9.59
TXN-0003947,ST-OTT-001,Eastern,Y,Cash,13,7,135.54
TXN-0003948,ST-OTT-001,Eastern,Y,Mobile,9,5,87.50
TXN-0003949,ST-OTT-001,Eastern,N,Debit,1,1,1.95
TXN-0003950,ST-OTT-001,Eastern,N,Credit,5,4,46.97
TXN-0003951,ST-OTT-002,Eastern,N,Debit,4,3,31.84
TXN-0003952,ST-OTT-002,Eastern,Y,Credit,2,2,23.14
TXN-0003953,ST-OTT-002,Eastern,N,Debit,1,1,5.29
TXN-0003954,ST-OTT-002,Eastern,Y,Credit,4,3,35.42
TXN-0003955,ST-OTT-002,Eastern,Y,Credit,2,2,15.04
TXN-0003956,ST-OTT-002,Eastern,Y,Debit,6,4,32.60
TXN-0003957,ST-OTT-002,Eastern,Y,Credit,2,1,4.44
TXN-0003958,ST-OTT-002,Eastern,Y,Debit,7,5,46.43
TXN-0003959,ST-OTT-002,Eastern,Y,Credit,2,2,10.46
TXN-0003960,ST-OTT-002,Eastern,Y,Debit,4,2,51.78
TXN-0003961,ST-OTT-002,Eastern,N,Debit,6,4,78.05
TXN-0003962,ST-OTT-002,Eastern,N,Debit,4,2,36.60
TXN-0003963,ST-CAL-001,Western,N,Credit,2,1,14.14
TXN-0003964,ST-CAL-001,Western,Y,Credit,3,2,7.36
TXN-0003965,ST-CAL-001,Western,N,Cash,3,1,47.70
TXN-0003966,ST-CAL-001,Western,N,Credit,4,3,29.49
TXN-0003967,ST-CAL-001,Western,N,Credit,5,3,68.16
TXN-0003968,ST-CAL-001,Western,N,Cash,2,2,23.61
TXN-0003969,ST-CAL-001,Western,Y,Debit,5,3,65.45
TXN-0003970,ST-CAL-001,Western,Y,Credit,9,4,72.14
TXN-0003971,ST-CAL-001,Western,Y,Debit,1,1,3.27
TXN-0003972,ST-CAL-001,Western,N,Credit,1,1,7.27
TXN-0003973,ST-CAL-001,Western,N,Mobile,3,2,22.69
TXN-0003974,ST-CAL-001,Western,N,Cash,3,2,28.47
TXN-0003975,ST-CAL-001,Western,Y,Debit,6,4,54.88
TXN-0003976,ST-CAL-001,Western,Y,Debit,7,4,76.33
TXN-0003977,ST-CAL-001,Western,N,Debit,6,4,48.69
TXN-0003978,ST-CAL-001,Western,Y,Credit,7,4,56.94
TXN-0003979,ST-CAL-001,Western,Y,Debit,2,1,6.56
TXN-0003980,ST-CAL-001,Western,N,Debit,7,4,57.50
TXN-0003981,ST-EDM-001,Western,N,Credit,4,3,23.78
TXN-0003982,ST-EDM-001,Western,Y,Debit,4,2,58.60
TXN-0003983,ST-EDM-001,Western,Y,Debit,2,2,13.00
TXN-0003984,ST-EDM-001,Western,N,Debit,3,2,33.70
TXN-0003985,ST-EDM-001,Western,N,Debit,9,5,88.35
TXN-0003986,ST-TOR-001,Central,Y,Credit,3,3,24.78
TXN-0003987,ST-TOR-001,Central,Y,Cash,8,5,32.43
TXN-0003988,ST-TOR-001,Central,N,Debit,6,4,50.01
TXN-0003989,ST-TOR-001,Central,Y,Credit,5,2,45.47
TXN-0003990,ST-TOR-001,Central,Y,Credit,4,2,51.39
TXN-0003991,ST-TOR-001,Central,N,Cash,6,3,50.50
TXN-0003992,ST-TOR-001,Central,Y,Credit,2,2,26.28
TXN-0003993,ST-TOR-001,Central,Y,Credit,6,5,54.37
TXN-0003994,ST-TOR-001,Central,Y,Debit,4,2,30.60
TXN-0003995,ST-TOR-001,Central,Y,Mobile,2,2,27.68
TXN-0003996,ST-TOR-001,Central,Y,Credit,2,2,10.74
TXN-0003997,ST-TOR-001,Central,Y,Cash,2,1,20.82
TXN-0003998,ST-TOR-002,Central,Y,Credit,4,3,26.81
TXN-0003999,ST-TOR-002,Central,Y,Debit,1,1,6.13
TXN-0004000,ST-TOR-002,Central,Y,Debit,10,6,80.16
TXN-0004001,ST-TOR-002,Central,Y,Debit,4,2,57.41
TXN-0004002,ST-TOR-002,Central,Y,Debit,5,5,44.29
TXN-0004003,ST-TOR-002,Central,Y,Credit,6,3,34.87
TXN-0004004,ST-TOR-002,Central,Y,Cash,4,3,15.82
TXN-0004005,ST-TOR-002,Central,Y,Debit,4,3,39.89
TXN-0004006,ST-TOR-002,Central,Y,Credit,4,3,48.20
TXN-0004007,ST-TOR-002,Central,Y,Credit,2,2,10.70
TXN-0004008,ST-TOR-002,Central,Y,Cash,5,3,30.72
TXN-0004009,ST-TOR-002,Central,Y,Debit,6,4,42.10
TXN-0004010,ST-SCA-001,Central,Y,Debit,2,2,16.11
TXN-0004011,ST-SCA-001,Central,Y,Debit,4,4,42.57
TXN-0004012,ST-SCA-001,Central,Y,Debit,4,3,44.77
TXN-0004013,ST-SCA-001,Central,N,Credit,5,3,43.32
TXN-0004014,ST-SCA-001,Central,N,Debit,2,2,25.16
TXN-0004015,ST-SCA-001,Central,Y,Mobile,2,2,11.08
TXN-0004016,ST-SCA-001,Central,Y,Debit,8,5,70.66
TXN-0004017,ST-SCA-001,Central,N,Credit,5,3,36.88
TXN-0004018,ST-SCA-001,Central,Y,Debit,9,3,70.25
TXN-0004019,ST-SCA-001,Central,N,Credit,12,7,110.16
TXN-0004020,ST-SCA-001,Central,N,Credit,2,2,22.13
TXN-0004021,ST-SCA-001,Central,Y,Debit,7,3,41.52
TXN-0004022,ST-SCA-001,Central,N,Credit,5,4,59.98
TXN-0004023,ST-SCA-001,Central,N,Debit,7,6,66.67
TXN-0004024,ST-SCA-001,Central,N,Cash,1,1,8.44
TXN-0004025,ST-SCA-001,Central,Y,Cash,3,3,36.18
TXN-0004026,ST-MIS-001,Central,N,Credit,6,3,46.50
TXN-0004027,ST-MIS-001,Central,Y,Credit,6,4,50.84
TXN-0004028,ST-MIS-001,Central,Y,Credit,2,2,24.96
TXN-0004029,ST-MIS-001,Central,N,Debit,2,2,30.77
TXN-0004030,ST-MIS-001,Central,N,Credit,2,2,6.59
TXN-0004031,ST-MIS-001,Central,N,Credit,5,3,17.11
TXN-0004032,ST-MIS-001,Central,N,Credit,6,2,20.08
TXN-0004033,ST-MIS-001,Central,Y,Debit,7,4,67.25
TXN-0004034,ST-MIS-001,Central,Y,Debit,2,2,20.99
TXN-0004035,ST-MIS-001,Central,Y,Debit,1,1,12.81
TXN-0004036,ST-MIS-001,Central,Y,Debit,6,4,32.79
TXN-0004037,ST-MIS-001,Central,N,Debit,8,6,80.13
TXN-0004038,ST-MIS-001,Central,Y,Mobile,4,3,19.14
TXN-0004039,ST-MIS-001,Central,Y,Debit,3,2,27.51
TXN-0004040,ST-BRA-001,Central,N,Mobile,7,4,56.09
TXN-0004041,ST-BRA-001,Central,Y,Credit,6,3,57.73
TXN-0004042,ST-BRA-001,Central,Y,Credit,2,1,5.12
TXN-0004043,ST-BRA-001,Central,Y,Mobile,2,2,27.29
TXN-0004044,ST-BRA-001,Central,Y,Debit,3,2,33.98
TXN-0004045,ST-BRA-001,Central,Y,Mobile,7,4,45.21
TXN-0004046,ST-BRA-001,Central,Y,Credit,3,2,19.99
TXN-0004047,ST-BRA-001,Central,N,Mobile,4,2,14.71
TXN-0004048,ST-BRA-001,Central,Y,Credit,5,4,51.59
TXN-0004049,ST-BRA-001,Central,N,Debit,1,1,8.45
TXN-0004050,ST-BRA-001,Central,Y,Debit,2,2,11.91
TXN-0004051,ST-BRA-001,Central,Y,Debit,3,2,36.12
TXN-0004052,ST-BRA-001,Central,Y,Cash,1,1,3.29
TXN-0004053,ST-BRA-001,Central,N,Credit,5,3,37.27
TXN-0004054,ST-BRA-001,Central,Y,Credit,2,1,29.24
TXN-0004055,ST-HAM-001,Central,Y,Debit,5,4,38.71
TXN-0004056,ST-HAM-001,Central,Y,Cash,2,2,12.74
TXN-0004057,ST-HAM-001,Central,Y,Debit,7,4,65.87
TXN-0004058,ST-HAM-001,Central,Y,Credit,6,4,56.71
TXN-0004059,ST-HAM-001,Central,N,Credit,3,2,36.23
TXN-0004060,ST-HAM-001,Central,Y,Debit,7,4,37.09
TXN-0004061,ST-HAM-001,Central,N,Debit,6,3,73.02
TXN-0004062,ST-HAM-001,Central,Y,Debit,6,5,77.65
TXN-0004063,ST-HAM-001,Central,Y,Debit,4,4,47.10
TXN-0004064,ST-HAM-001,Central,Y,Credit,3,2,47.35
TXN-0004065,ST-HAM-001,Central,Y,Debit,1,1,10.89
TXN-0004066,ST-HAM-001,Central,Y,Debit,3,2,24.89
TXN-0004067,ST-KIT-001,Central,Y,Credit,8,3,57.70
TXN-0004068,ST-KIT-001,Central,N,Mobile,4,4,22.45
TXN-0004069,ST-KIT-001,Central,Y,Credit,4,3,47.31
TXN-0004070,ST-KIT-001,Central,Y,Cash,5,2,65.35
TXN-0004071,ST-KIT-001,Central,N,Mobile,5,4,25.07
TXN-0004072,ST-KIT-001,Central,Y,Debit,7,2,83.97
TXN-0004073,ST-KIT-001,Central,Y,Credit,5,3,52.75
TXN-0004074,ST-KIT-001,Central,Y,Credit,2,2,8.69
TXN-0004075,ST-KIT-001,Central,Y,Debit,8,4,92.81
TXN-0004076,ST-KIT-001,Central,Y,Credit,6,2,40.95
TXN-0004077,ST-KIT-001,Central,Y,Cash,7,3,43.29
TXN-0004078,ST-LON-001,Central,Y,Credit,3,2,19.50
TXN-0004079,ST-LON-001,Central,Y,Cash,3,1,10.02
TXN-0004080,ST-LON-001,Central,N,Debit,4,2,20.45
TXN-0004081,ST-LON-001,Central,N,Debit,3,2,39.45
TXN-0004082,ST-LON-001,Central,Y,Mobile,6,3,28.78
TXN-0004083,ST-LON-001,Central,N,Credit,10,5,114.89
TXN-0004084,ST-LON-001,Central,Y,Debit,7,5,50.65
TXN-0004085,ST-LON-001,Central,Y,Credit,8,3,76.77
TXN-0004086,ST-LON-001,Central,Y,Debit,3,2,14.78
TXN-0004087,ST-LON-001,Central,Y,Credit,2,2,18.02
TXN-0004088,ST-LON-001,Central,Y,Credit,3,3,46.64
TXN-0004089,ST-LON-001,Central,N,Credit,6,3,19.90
TXN-0004090,ST-OTT-001,Eastern,Y,Debit,8,6,76.98
TXN-0004091,ST-OTT-001,Eastern,N,Mobile,4,2,49.32
TXN-0004092,ST-OTT-001,Eastern,Y,Mobile,4,3,44.39
TXN-0004093,ST-OTT-001,Eastern,Y,Credit,3,3,31.16
TXN-0004094,ST-OTT-001,Eastern,Y,Debit,6,4,44.45
TXN-0004095,ST-OTT-001,Eastern,Y,Debit,4,3,41.40
TXN-0004096,ST-OTT-001,Eastern,Y,Debit,3,2,24.98
TXN-0004097,ST-OTT-001,Eastern,N,Mobile,4,2,33.90
TXN-0004098,ST-OTT-001,Eastern,Y,Credit,17,7,165.18
TXN-0004099,ST-OTT-001,Eastern,Y,Debit,4,3,32.75
TXN-0004100,ST-OTT-001,Eastern,Y,Credit,1,1,8.42
TXN-0004101,ST-OTT-001,Eastern,Y,Credit,4,4,50.92
TXN-0004102,ST-OTT-001,Eastern,Y,Debit,3,1,45.63
TXN-0004103,ST-OTT-001,Eastern,Y,Debit,5,4,27.60
TXN-0004104,ST-OTT-001,Eastern,N,Credit,11,7,94.51
TXN-0004105,ST-OTT-001,Eastern,N,Credit,6,3,38.54
TXN-0004106,ST-OTT-001,Eastern,Y,Credit,2,2,5.35
TXN-0004107,ST-OTT-001,Eastern,Y,Debit,6,3,59.76
TXN-0004108,ST-OTT-002,Eastern,Y,Debit,1,1,2.18
TXN-0004109,ST-OTT-002,Eastern,Y,Debit,7,3,58.76
TXN-0004110,ST-OTT-002,Eastern,N,Mobile,3,3,39.45
TXN-0004111,ST-OTT-002,Eastern,N,Credit,4,4,29.07
TXN-0004112,ST-OTT-002,Eastern,Y,Credit,6,2,41.85
TXN-0004113,ST-OTT-002,Eastern,Y,Credit,4,3,24.05
TXN-0004114,ST-OTT-002,Eastern,Y,Credit,6,3,55.29
TXN-0004115,ST-OTT-002,Eastern,Y,Credit,5,5,40.71
TXN-0004116,ST-OTT-002,Eastern,Y,Credit,3,2,33.14
TXN-0004117,ST-CAL-001,Western,Y,Debit,6,4,53.21
TXN-0004118,ST-CAL-001,Western,N,Debit,10,5,110.37
TXN-0004119,ST-CAL-001,Western,Y,Cash,3,2,27.57
TXN-0004120,ST-CAL-001,Western,Y,Credit,8,6,103.47
TXN-0004121,ST-CAL-001,Western,Y,Credit,7,4,88.37
TXN-0004122,ST-CAL-001,Western,Y,Debit,12,6,110.61
TXN-0004123,ST-CAL-001,Western,Y,Debit,3,2,17.93
TXN-0004124,ST-CAL-001,Western,Y,Credit,3,2,41.48
TXN-0004125,ST-CAL-001,Western,Y,Credit,1,1,3.36
TXN-0004126,ST-CAL-001,Western,Y,Debit,5,4,55.05
TXN-0004127,ST-CAL-001,Western,Y,Debit,6,3,78.24
TXN-0004128,ST-CAL-001,Western,Y,Credit,7,5,64.05
TXN-0004129,ST-CAL-001,Western,N,Debit,9,4,111.20
TXN-0004130,ST-CAL-001,Western,N,Credit,3,2,31.20
TXN-0004131,ST-EDM-001,Western,Y,Credit,5,2,71.41
TXN-0004132,ST-EDM-001,Western,Y,Debit,3,2,32.84
TXN-0004133,ST-EDM-001,Western,Y,Mobile,2,2,28.76
TXN-0004134,ST-EDM-001,Western,N,Cash,5,3,43.19
TXN-0004135,ST-EDM-001,Western,Y,Cash,7,5,87.64
TXN-0004136,ST-EDM-001,Western,Y,Credit,9,4,71.82
TXN-0004137,ST-EDM-001,Western,N,Debit,5,3,29.86
TXN-0004138,ST-EDM-001,Western,Y,Debit,3,2,8.74
TXN-0004139,ST-EDM-001,Western,N,Debit,6,4,78.22
TXN-0004140,ST-EDM-001,Western,Y,Credit,5,3,58.22
TXN-0004141,ST-EDM-001,Western,Y,Debit,4,3,46.75
TXN-0004142,ST-EDM-001,Western,Y,Debit,4,3,28.29
TXN-0004143,ST-EDM-001,Western,N,Credit,4,2,37.90
TXN-0004144,ST-EDM-001,Western,N,Credit,7,5,89.27
TXN-0004145,ST-EDM-001,Western,N,Credit,1,1,15.08
TXN-0004146,ST-EDM-001,Western,Y,Cash,3,2,10.06
TXN-0004147,ST-EDM-001,Western,Y,Credit,6,5,68.04
TXN-0004148,ST-EDM-001,Western,N,Debit,10,6,111.95
TXN-0004149,ST-TOR-001,Central,N,Debit,4,4,41.23
TXN-0004150,ST-TOR-001,Central,Y,Debit,1,1,7.35
TXN-0004151,ST-TOR-001,Central,Y,Debit,3,3,16.49
TXN-0004152,ST-TOR-001,Central,Y,Debit,6,4,83.15
TXN-0004153,ST-TOR-001,Central,Y,Credit,2,2,30.39
TXN-0004154,ST-TOR-001,Central,Y,Credit,8,5,94.41
TXN-0004155,ST-TOR-001,Central,N,Credit,4,3,41.76
TXN-0004156,ST-TOR-001,Central,N,Mobile,3,2,17.52
TXN-0004157,ST-TOR-001,Central,N,Credit,3,3,26.81
TXN-0004158,ST-TOR-001,Central,Y,Credit,3,2,15.23
TXN-0004159,ST-TOR-001,Central,Y,Credit,6,4,71.05
TXN-0004160,ST-TOR-002,Central,Y,Credit,8,3,77.74
TXN-0004161,ST-TOR-002,Central,Y,Mobile,9,5,64.30
TXN-0004162,ST-TOR-002,Central,N,Mobile,5,3,32.95
TXN-0004163,ST-TOR-002,Central,N,Cash,8,5,38.50
TXN-0004164,ST-TOR-002,Central,Y,Debit,6,3,48.70
TXN-0004165,ST-TOR-002,Central,N,Debit,3,2,49.18
TXN-0004166,ST-TOR-002,Central,Y,Debit,2,2,19.88
TXN-0004167,ST-TOR-002,Central,Y,Cash,1,1,15.40
TXN-0004168,ST-TOR-002,Central,Y,Debit,5,4,75.65
TXN-0004169,ST-TOR-002,Central,Y,Credit,4,3,29.03
TXN-0004170,ST-SCA-001,Central,N,Debit,5,3,54.37
TXN-0004171,ST-SCA-001,Central,Y,Debit,2,1,10.98
TXN-0004172,ST-SCA-001,Central,Y,Credit,3,2,19.91
TXN-0004173,ST-SCA-001,Central,Y,Credit,3,2,39.53
TXN-0004174,ST-SCA-001,Central,Y,Credit,2,2,22.08
TXN-0004175,ST-SCA-001,Central,Y,Mobile,5,4,48.61
TXN-0004176,ST-MIS-001,Central,Y,Debit,5,3,60.03
TXN-0004177,ST-MIS-001,Central,Y,Credit,7,3,49.56
TXN-0004178,ST-MIS-001,Central,Y,Debit,2,2,15.69
TXN-0004179,ST-MIS-001,Central,Y,Debit,2,1,30.48
TXN-0004180,ST-MIS-001,Central,Y,Credit,4,3,33.04
TXN-0004181,ST-MIS-001,Central,Y,Credit,4,3,25.41
TXN-0004182,ST-MIS-001,Central,Y,Cash,3,3,19.78
TXN-0004183,ST-MIS-001,Central,Y,Credit,6,3,46.59
TXN-0004184,ST-MIS-001,Central,Y,Credit,2,2,20.84
TXN-0004185,ST-MIS-001,Central,N,Debit,3,1,32.64
TXN-0004186,ST-BRA-001,Central,Y,Debit,5,2,63.96
TXN-0004187,ST-BRA-001,Central,Y,Credit,2,1,29.28
TXN-0004188,ST-BRA-001,Central,Y,Debit,2,2,24.89
TXN-0004189,ST-BRA-001,Central,Y,Debit,2,2,18.42
TXN-0004190,ST-BRA-001,Central,N,Cash,5,3,47.34
TXN-0004191,ST-BRA-001,Central,Y,Credit,6,3,67.41
TXN-0004192,ST-BRA-001,Central,Y,Cash,6,4,56.15
TXN-0004193,ST-BRA-001,Central,Y,Debit,6,4,67.32
TXN-0004194,ST-BRA-001,Central,N,Cash,8,6,93.66
TXN-0004195,ST-HAM-001,Central,Y,Debit,4,2,51.88
TXN-0004196,ST-HAM-001,Central,Y,Cash,9,6,66.10
TXN-0004197,ST-HAM-001,Central,Y,Debit,2,2,17.04
TXN-0004198,ST-HAM-001,Central,N,Debit,6,3,59.93
TXN-0004199,ST-HAM-001,Central,N,Debit,5,3,18.21
TXN-0004200,ST-HAM-001,Central,N,Cash,5,3,64.14
TXN-0004201,ST-HAM-001,Central,N,Debit,8,6,96.88
TXN-0004202,ST-HAM-001,Central,Y,Mobile,4,2,32.52
TXN-0004203,ST-HAM-001,Central,N,Cash,7,3,76.60
TXN-0004204,ST-HAM-001,Central,Y,Debit,1,1,8.74
TXN-0004205,ST-HAM-001,Central,Y,Mobile,3,2,38.31
TXN-0004206,ST-HAM-001,Central,Y,Mobile,9,7,89.00
TXN-0004207,ST-KIT-001,Central,Y,Debit,1,1,10.99
TXN-0004208,ST-KIT-001,Central,Y,Debit,1,1,3.18
TXN-0004209,ST-KIT-001,Central,Y,Debit,3,2,46.29
TXN-0004210,ST-KIT-001,Central,Y,Credit,1,1,5.03
TXN-0004211,ST-KIT-001,Central,Y,Debit,5,4,60.50
TXN-0004212,ST-KIT-001,Central,Y,Debit,3,3,23.82
TXN-0004213,ST-KIT-001,Central,Y,Credit,3,3,25.59
TXN-0004214,ST-KIT-001,Central,N,Credit,2,2,11.68
TXN-0004215,ST-KIT-001,Central,Y,Credit,3,3,21.40
TXN-0004216,ST-KIT-001,Central,Y,Debit,2,2,15.83
TXN-0004217,ST-KIT-001,Central,Y,Debit,7,4,87.25
TXN-0004218,ST-LON-001,Central,Y,Cash,4,3,42.47
TXN-0004219,ST-LON-001,Central,Y,Credit,5,3,45.26
TXN-0004220,ST-LON-001,Central,N,Debit,3,2,23.59
TXN-0004221,ST-LON-001,Central,Y,Credit,12,6,140.81
TXN-0004222,ST-LON-001,Central,N,Cash,4,3,27.92
TXN-0004223,ST-LON-001,Central,Y,Credit,6,4,30.77
TXN-0004224,ST-LON-001,Central,N,Cash,7,4,40.97
TXN-0004225,ST-LON-001,Central,Y,Credit,3,3,37.56
TXN-0004226,ST-LON-001,Central,Y,Debit,4,2,31.34
TXN-0004227,ST-LON-001,Central,N,Credit,2,2,14.62
TXN-0004228,ST-LON-001,Central,Y,Credit,5,3,22.30
TXN-0004229,ST-OTT-001,Eastern,Y,Credit,7,4,40.75
TXN-0004230,ST-OTT-001,Eastern,N,Debit,6,4,67.80
TXN-0004231,ST-OTT-001,Eastern,Y,Cash,5,5,67.20
TXN-0004232,ST-OTT-001,Eastern,Y,Debit,7,5,28.65
TXN-0004233,ST-OTT-001,Eastern,Y,Credit,2,2,20.17
TXN-0004234,ST-OTT-001,Eastern,Y,Credit,2,2,16.78
TXN-0004235,ST-OTT-001,Eastern,Y,Mobile,4,2,41.35
TXN-0004236,ST-OTT-001,Eastern,Y,Credit,4,4,28.75
TXN-0004237,ST-OTT-001,Eastern,N,Cash,2,2,4.73
TXN-0004238,ST-OTT-001,Eastern,N,Credit,3,2,18.16
TXN-0004239,ST-OTT-001,Eastern,Y,Credit,3,2,25.63
TXN-0004240,ST-OTT-001,Eastern,Y,Debit,3,2,23.06
TXN-0004241,ST-OTT-001,Eastern,N,Debit,2,2,18.49
TXN-0004242,ST-OTT-001,Eastern,Y,Debit,4,3,26.59
TXN-0004243,ST-OTT-001,Eastern,Y,Debit,11,5,69.24
TXN-0004244,ST-OTT-001,Eastern,Y,Debit,12,6,125.15
TXN-0004245,ST-OTT-002,Eastern,Y,Debit,5,4,50.47
TXN-0004246,ST-OTT-002,Eastern,Y,Debit,2,1,23.18
TXN-0004247,ST-OTT-002,Eastern,Y,Debit,4,3,47.30
TXN-0004248,ST-OTT-002,Eastern,Y,Mobile,7,4,32.01
TXN-0004249,ST-OTT-002,Eastern,Y,Debit,2,2,24.61
TXN-0004250,ST-OTT-002,Eastern,N,Mobile,3,3,34.36
TXN-0004251,ST-OTT-002,Eastern,Y,Debit,2,2,18.91
TXN-0004252,ST-OTT-002,Eastern,Y,Credit,3,3,19.33
TXN-0004253,ST-OTT-002,Eastern,Y,Debit,3,2,18.25
TXN-0004254,ST-OTT-002,Eastern,Y,Cash,11,7,76.70
TXN-0004255,ST-CAL-001,Western,Y,Cash,6,3,41.75
TXN-0004256,ST-CAL-001,Western,N,Credit,1,1,3.20
TXN-0004257,ST-CAL-001,Western,Y,Credit,9,4,86.76
TXN-0004258,ST-CAL-001,Western,Y,Debit,3,2,12.04
TXN-0004259,ST-CAL-001,Western,N,Debit,7,3,82.83
TXN-0004260,ST-CAL-001,Western,N,Credit,7,5,32.35
TXN-0004261,ST-CAL-001,Western,Y,Credit,7,4,56.26
TXN-0004262,ST-CAL-001,Western,N,Credit,4,4,34.48
TXN-0004263,ST-CAL-001,Western,N,Credit,4,2,30.18
TXN-0004264,ST-CAL-001,Western,Y,Debit,2,1,4.60
TXN-0004265,ST-CAL-001,Western,Y,Credit,5,2,55.71
TXN-0004266,ST-CAL-001,Western,N,Cash,4,2,56.92
TXN-0004267,ST-CAL-001,Western,Y,Credit,3,2,16.67
TXN-0004268,ST-CAL-001,Western,N,Credit,3,3,27.88
TXN-0004269,ST-CAL-001,Western,Y,Credit,6,3,48.46
TXN-0004270,ST-EDM-001,Western,Y,Credit,7,5,51.72
TXN-0004271,ST-EDM-001,Western,Y,Cash,6,5,39.58
TXN-0004272,ST-EDM-001,Western,Y,Credit,1,1,13.75
TXN-0004273,ST-EDM-001,Western,N,Mobile,2,2,23.48
TXN-0004274,ST-EDM-001,Western,N,Mobile,6,3,54.81
TXN-0004275,ST-EDM-001,Western,Y,Mobile,5,4,45.14
TXN-0004276,ST-EDM-001,Western,N,Mobile,1,1,14.87
TXN-0004277,ST-EDM-001,Western,Y,Credit,7,4,55.28
TXN-0004278,ST-EDM-001,Western,Y,Debit,4,2,46.22
TXN-0004279,ST-EDM-001,Western,N,Credit,2,2,17.82
TXN-0004280,ST-EDM-001,Western,N,Credit,4,3,25.43
TXN-0004281,ST-EDM-001,Western,Y,Credit,4,4,36.70
TXN-0004282,ST-EDM-001,Western,Y,Cash,3,3,25.86
TXN-0004283,ST-EDM-001,Western,Y,Cash,1,1,10.18
TXN-0004284,ST-EDM-001,Western,N,Mobile,4,2,19.29
TXN-0004285,ST-EDM-001,Western,Y,Credit,7,4,55.81
TXN-0004286,ST-EDM-001,Western,Y,Cash,8,5,102.91
TXN-0004287,ST-TOR-001,Central,N,Mobile,3,3,25.17
TXN-0004288,ST-TOR-001,Central,N,Debit,3,3,20.96
TXN-0004289,ST-TOR-001,Central,Y,Mobile,1,1,15.03
TXN-0004290,ST-TOR-001,Central,Y,Mobile,1,1,14.85
TXN-0004291,ST-TOR-001,Central,N,Credit,2,2,20.02
TXN-0004292,ST-TOR-001,Central,Y,Mobile,6,4,28.89
TXN-0004293,ST-TOR-001,Central,Y,Debit,1,1,15.90
TXN-0004294,ST-TOR-001,Central,Y,Credit,4,3,62.33
TXN-0004295,ST-TOR-001,Central,N,Debit,7,3,100.01
TXN-0004296,ST-TOR-001,Central,N,Mobile,6,3,67.37
TXN-0004297,ST-TOR-001,Central,Y,Credit,1,1,6.13
TXN-0004298,ST-TOR-001,Central,N,Debit,3,2,36.04
TXN-0004299,ST-TOR-001,Central,Y,Debit,8,5,86.49
TXN-0004300,ST-TOR-001,Central,Y,Credit,4,4,42.00
TXN-0004301,ST-TOR-001,Central,Y,Credit,1,1,11.30
TXN-0004302,ST-TOR-001,Central,Y,Debit,3,2,27.80
TXN-0004303,ST-TOR-001,Central,N,Mobile,4,3,43.70
TXN-0004304,ST-TOR-001,Central,Y,Credit,5,3,51.28
TXN-0004305,ST-TOR-002,Central,N,Debit,5,3,53.71
TXN-0004306,ST-TOR-002,Central,N,Debit,5,2,21.03
TXN-0004307,ST-TOR-002,Central,Y,Debit,1,1,11.91
TXN-0004308,ST-TOR-002,Central,Y,Credit,6,3,57.94
TXN-0004309,ST-TOR-002,Central,N,Credit,10,6,130.81
TXN-0004310,ST-TOR-002,Central,Y,Cash,5,3,23.60
TXN-0004311,ST-TOR-002,Central,Y,Debit,5,3,43.50
TXN-0004312,ST-TOR-002,Central,Y,Debit,12,7,160.57
TXN-0004313,ST-TOR-002,Central,Y,Credit,2,2,20.04
TXN-0004314,ST-TOR-002,Central,N,Debit,6,4,30.09
TXN-0004315,ST-TOR-002,Central,Y,Debit,2,2,9.46
TXN-0004316,ST-TOR-002,Central,Y,Credit,4,3,43.24
TXN-0004317,ST-SCA-001,Central,Y,Debit,7,3,90.45
TXN-0004318,ST-SCA-001,Central,N,Cash,3,3,34.16
TXN-0004319,ST-SCA-001,Central,Y,Credit,4,2,54.76
TXN-0004320,ST-SCA-001,Central,N,Credit,9,5,57.38
TXN-0004321,ST-SCA-001,Central,N,Credit,8,5,76.25
TXN-0004322,ST-SCA-001,Central,Y,Credit,1,1,2.31
TXN-0004323,ST-SCA-001,Central,N,Cash,1,1,3.28
TXN-0004324,ST-SCA-001,Central,N,Debit,9,5,103.41
TXN-0004325,ST-SCA-001,Central,Y,Debit,5,3,50.96
TXN-0004326,ST-SCA-001,Central,Y,Credit,5,4,57.92
TXN-0004327,ST-SCA-001,Central,Y,Debit,1,1,11.79
TXN-0004328,ST-MIS-001,Central,Y,Credit,6,3,67.80
TXN-0004329,ST-MIS-001,Central,N,Credit,8,5,61.80
TXN-0004330,ST-MIS-001,Central,Y,Credit,7,4,53.68
TXN-0004331,ST-MIS-001,Central,Y,Credit,5,3,50.05
TXN-0004332,ST-MIS-001,Central,Y,Debit,3,1,16.17
TXN-0004333,ST-MIS-001,Central,Y,Mobile,3,2,12.77
TXN-0004334,ST-MIS-001,Central,N,Credit,9,4,42.63
TXN-0004335,ST-MIS-001,Central,Y,Debit,9,6,82.33
TXN-0004336,ST-MIS-001,Central,Y,Credit,3,3,37.84
TXN-0004337,ST-MIS-001,Central,Y,Debit,5,4,61.12
TXN-0004338,ST-MIS-001,Central,Y,Debit,6,5,57.23
TXN-0004339,ST-MIS-001,Central,N,Debit,2,1,35.06
TXN-0004340,ST-MIS-001,Central,N,Credit,9,6,76.42
TXN-0004341,ST-BRA-001,Central,N,Cash,5,4,60.02
TXN-0004342,ST-BRA-001,Central,N,Debit,8,6,73.11
TXN-0004343,ST-BRA-001,Central,Y,Cash,4,2,21.52
TXN-0004344,ST-BRA-001,Central,Y,Credit,6,2,32.32
TXN-0004345,ST-BRA-001,Central,Y,Debit,10,6,91.00
TXN-0004346,ST-BRA-001,Central,Y,Cash,5,5,53.18
TXN-0004347,ST-BRA-001,Central,Y,Credit,6,3,69.43
TXN-0004348,ST-BRA-001,Central,Y,Debit,1,1,16.26
TXN-0004349,ST-BRA-001,Central,Y,Debit,3,2,28.33
TXN-0004350,ST-BRA-001,Central,Y,Credit,1,1,5.01
TXN-0004351,ST-BRA-001,Central,Y,Credit,1,1,3.17
TXN-0004352,ST-BRA-001,Central,Y,Credit,3,3,27.85
TXN-0004353,ST-BRA-001,Central,N,Debit,6,5,79.62
TXN-0004354,ST-HAM-001,Central,Y,Debit,3,2,42.62
TXN-0004355,ST-HAM-001,Central,N,Cash,4,4,23.80
TXN-0004356,ST-HAM-001,Central,Y,Credit,2,2,10.67
TXN-0004357,ST-HAM-001,Central,Y,Credit,12,4,77.99
TXN-0004358,ST-HAM-001,Central,N,Mobile,4,4,31.48
TXN-0004359,ST-HAM-001,Central,Y,Credit,3,2,22.53
TXN-0004360,ST-HAM-001,Central,Y,Credit,1,1,5.62
TXN-0004361,ST-HAM-001,Central,Y,Credit,7,4,50.95
TXN-0004362,ST-HAM-001,Central,N,Cash,5,3,47.60
TXN-0004363,ST-HAM-001,Central,Y,Debit,2,2,16.05
TXN-0004364,ST-HAM-001,Central,N,Debit,3,3,27.52
TXN-0004365,ST-HAM-001,Central,Y,Credit,6,3,32.29
TXN-0004366,ST-HAM-001,Central,Y,Mobile,4,4,37.01
TXN-0004367,ST-HAM-001,Central,Y,Credit,4,3,30.75
TXN-0004368,ST-HAM-001,Central,Y,Debit,1,1,1.89
TXN-0004369,ST-HAM-001,Central,Y,Debit,5,3,37.04
TXN-0004370,ST-KIT-001,Central,Y,Debit,3,2,42.51
TXN-0004371,ST-KIT-001,Central,N,Credit,1,1,5.31
TXN-0004372,ST-KIT-001,Central,Y,Debit,7,4,60.49
TXN-0004373,ST-KIT-001,Central,Y,Debit,4,3,50.41
TXN-0004374,ST-KIT-001,Central,Y,Credit,6,3,43.31
TXN-0004375,ST-KIT-001,Central,Y,Credit,3,2,26.98
TXN-0004376,ST-KIT-001,Central,Y,Credit,5,4,38.23
TXN-0004377,ST-KIT-001,Central,Y,Credit,2,2,9.41
TXN-0004378,ST-KIT-001,Central,N,Debit,5,2,75.21
TXN-0004379,ST-KIT-001,Central,Y,Credit,5,3,44.80
TXN-0004380,ST-KIT-001,Central,Y,Credit,6,3,49.04
TXN-0004381,ST-KIT-001,Central,Y,Debit,6,3,20.61
TXN-0004382,ST-KIT-001,Central,N,Credit,3,2,15.00
TXN-0004383,ST-KIT-001,Central,Y,Debit,1,1,8.57
TXN-0004384,ST-KIT-001,Central,Y,Credit,8,5,70.38
TXN-0004385,ST-KIT-001,Central,N,Credit,2,2,14.73
TXN-0004386,ST-LON-001,Central,N,Credit,3,3,34.59
TXN-0004387,ST-LON-001,Central,N,Credit,6,4,82.87
TXN-0004388,ST-LON-001,Central,Y,Debit,8,6,66.93
TXN-0004389,ST-LON-001,Central,Y,Cash,2,2,22.82
TXN-0004390,ST-LON-001,Central,Y,Credit,3,2,40.20
TXN-0004391,ST-LON-001,Central,Y,Credit,2,2,17.63
TXN-0004392,ST-LON-001,Central,Y,Debit,1,1,8.71
TXN-0004393,ST-LON-001,Central,Y,Credit,3,2,47.12
TXN-0004394,ST-LON-001,Central,N,Debit,7,6,63.01
TXN-0004395,ST-LON-001,Central,Y,Debit,6,4,23.49
TXN-0004396,ST-LON-001,Central,N,Debit,6,3,68.90
TXN-0004397,ST-LON-001,Central,Y,Cash,4,3,21.33
TXN-0004398,ST-LON-001,Central,N,Credit,11,6,91.12
TXN-0004399,ST-OTT-001,Eastern,N,Credit,7,6,71.04
TXN-0004400,ST-OTT-001,Eastern,Y,Debit,6,4,34.66
TXN-0004401,ST-OTT-001,Eastern,Y,Cash,2,2,8.15
TXN-0004402,ST-OTT-001,Eastern,Y,Debit,7,4,64.50
TXN-0004403,ST-OTT-001,Eastern,Y,Credit,2,1,30.46
TXN-0004404,ST-OTT-001,Eastern,Y,Mobile,1,1,14.57
TXN-0004405,ST-OTT-001,Eastern,Y,Credit,4,3,22.35
TXN-0004406,ST-OTT-001,Eastern,N,Debit,5,4,61.80
TXN-0004407,ST-OTT-001,Eastern,Y,Credit,4,2,28.82
TXN-0004408,ST-OTT-001,Eastern,Y,Debit,4,3,47.65
TXN-0004409,ST-OTT-001,Eastern,Y,Credit,3,2,9.09
TXN-0004410,ST-OTT-002,Eastern,Y,Debit,2,2,20.54
TXN-0004411,ST-OTT-002,Eastern,Y,Credit,3,3,20.74
TXN-0004412,ST-OTT-002,Eastern,Y,Credit,9,6,105.32
TXN-0004413,ST-OTT-002,Eastern,N,Debit,4,2,20.45
TXN-0004414,ST-OTT-002,Eastern,Y,Debit,13,5,93.67
TXN-0004415,ST-OTT-002,Eastern,N,Credit,2,2,19.52
TXN-0004416,ST-OTT-002,Eastern,Y,Credit,2,1,23.68
TXN-0004417,ST-OTT-002,Eastern,N,Mobile,5,3,32.49
TXN-0004418,ST-OTT-002,Eastern,N,Credit,1,1,3.30
TXN-0004419,ST-OTT-002,Eastern,Y,Cash,9,5,52.10
TXN-0004420,ST-OTT-002,Eastern,N,Debit,7,3,97.50
TXN-0004421,ST-CAL-001,Western,Y,Credit,4,2,25.94
TXN-0004422,ST-CAL-001,Western,Y,Debit,6,4,38.61
TXN-0004423,ST-CAL-001,Western,Y,Debit,7,4,93.32
TXN-0004424,ST-CAL-001,Western,N,Debit,5,4,33.18
TXN-0004425,ST-CAL-001,Western,Y,Credit,3,1,41.07
TXN-0004426,ST-CAL-001,Western,Y,Debit,5,2,51.92
TXN-0004427,ST-CAL-001,Western,Y,Debit,10,5,85.67
TXN-0004428,ST-CAL-001,Western,Y,Credit,3,2,20.67
TXN-0004429,ST-CAL-001,Western,Y,Credit,10,5,76.79
TXN-0004430,ST-CAL-001,Western,N,Debit,3,2,40.82
TXN-0004431,ST-CAL-001,Western,Y,Credit,1,1,3.10
TXN-0004432,ST-CAL-001,Western,Y,Credit,6,2,25.90
TXN-0004433,ST-CAL-001,Western,N,Debit,2,2,20.61
TXN-0004434,ST-EDM-001,Western,Y,Credit,4,2,49.50
TXN-0004435,ST-EDM-001,Western,Y,Mobile,8,3,109.90
TXN-0004436,ST-EDM-001,Western,N,Credit,6,3,55.50
TXN-0004437,ST-EDM-001,Western,N,Credit,7,7,58.02
TXN-0004438,ST-EDM-001,Western,Y,Credit,5,4,56.29
TXN-0004439,ST-EDM-001,Western,Y,Debit,3,3,30.19
TXN-0004440,ST-EDM-001,Western,N,Debit,5,2,60.39
TXN-0004441,ST-EDM-001,Western,Y,Credit,4,3,33.29
TXN-0004442,ST-EDM-001,Western,Y,Credit,10,5,100.24
TXN-0004443,ST-EDM-001,Western,N,Mobile,5,3,33.19
TXN-0004444,ST-EDM-001,Western,Y,Cash,7,5,78.11
TXN-0004445,ST-EDM-001,Western,N,Credit,1,1,3.31
TXN-0004446,ST-EDM-001,Western,Y,Credit,4,3,46.17
TXN-0004447,ST-TOR-001,Central,Y,Debit,12,7,143.21
TXN-0004448,ST-TOR-001,Central,N,Credit,1,1,13.36
TXN-0004449,ST-TOR-001,Central,N,Credit,11,6,105.26
TXN-0004450,ST-TOR-001,Central,Y,Cash,8,3,37.78
TXN-0004451,ST-TOR-001,Central,Y,Mobile,5,4,28.66
TXN-0004452,ST-TOR-001,Central,N,Debit,6,2,50.14
TXN-0004453,ST-TOR-001,Central,Y,Debit,3,2,49.66
TXN-0004454,ST-TOR-001,Central,Y,Credit,5,3,51.24
TXN-0004455,ST-TOR-001,Central,Y,Debit,2,2,21.75
TXN-0004456,ST-TOR-001,Central,Y,Debit,7,5,25.03
TXN-0004457,ST-TOR-001,Central,N,Debit,5,3,57.33
TXN-0004458,ST-TOR-001,Central,Y,Credit,3,1,34.53
TXN-0004459,ST-TOR-001,Central,Y,Mobile,5,3,34.41
TXN-0004460,ST-TOR-001,Central,Y,Debit,3,2,18.27
TXN-0004461,ST-TOR-001,Central,N,Credit,3,1,16.17
TXN-0004462,ST-TOR-001,Central,Y,Credit,3,1,10.38
TXN-0004463,ST-TOR-001,Central,N,Credit,7,4,56.63
TXN-0004464,ST-TOR-001,Central,Y,Credit,2,2,25.17
TXN-0004465,ST-TOR-001,Central,Y,Debit,5,3,53.94
TXN-0004466,ST-TOR-002,Central,Y,Debit,6,4,71.84
TXN-0004467,ST-TOR-002,Central,Y,Cash,2,1,30.66
TXN-0004468,ST-TOR-002,Central,Y,Debit,2,1,35.64
TXN-0004469,ST-TOR-002,Central,Y,Debit,3,2,27.27
TXN-0004470,ST-TOR-002,Central,Y,Mobile,3,2,18.18
TXN-0004471,ST-TOR-002,Central,N,Debit,7,6,95.50
TXN-0004472,ST-TOR-002,Central,Y,Cash,9,4,128.99
TXN-0004473,ST-TOR-002,Central,Y,Debit,5,4,44.26
TXN-0004474,ST-TOR-002,Central,Y,Credit,12,6,129.30
TXN-0004475,ST-TOR-002,Central,Y,Credit,2,2,21.74
TXN-0004476,ST-TOR-002,Central,Y,Mobile,7,4,67.86
TXN-0004477,ST-TOR-002,Central,Y,Cash,1,1,3.21
TXN-0004478,ST-TOR-002,Central,N,Credit,3,1,9.96
TXN-0004479,ST-TOR-002,Central,Y,Credit,7,4,53.74
TXN-0004480,ST-TOR-002,Central,Y,Credit,4,1,28.76
TXN-0004481,ST-TOR-002,Central,N,Debit,8,4,96.81
TXN-0004482,ST-TOR-002,Central,Y,Credit,3,3,26.75
TXN-0004483,ST-TOR-002,Central,N,Cash,6,3,43.30
TXN-0004484,ST-SCA-001,Central,Y,Debit,3,2,28.69
TXN-0004485,ST-SCA-001,Central,Y,Credit,11,5,112.55
TXN-0004486,ST-SCA-001,Central,N,Debit,6,3,77.60
TXN-0004487,ST-SCA-001,Central,N,Credit,3,3,18.13
TXN-0004488,ST-SCA-001,Central,Y,Cash,3,2,37.27
TXN-0004489,ST-SCA-001,Central,N,Debit,2,2,13.37
TXN-0004490,ST-SCA-001,Central,N,Debit,1,1,3.28
TXN-0004491,ST-SCA-001,Central,Y,Credit,6,2,19.22
TXN-0004492,ST-SCA-001,Central,N,Debit,8,6,48.30
TXN-0004493,ST-SCA-001,Central,Y,Debit,3,2,24.91
TXN-0004494,ST-SCA-001,Central,Y,Credit,7,3,59.92
TXN-0004495,ST-SCA-001,Central,N,Credit,3,2,13.75
TXN-0004496,ST-SCA-001,Central,Y,Credit,4,1,69.88
TXN-0004497,ST-SCA-001,Central,N,Mobile,6,4,43.19
TXN-0004498,ST-SCA-001,Central,Y,Credit,5,4,16.88
TXN-0004499,ST-SCA-001,Central,N,Credit,4,4,45.55
TXN-0004500,ST-MIS-001,Central,Y,Debit,3,2,37.48
TXN-0004501,ST-MIS-001,Central,Y,Cash,5,2,24.61
TXN-0004502,ST-MIS-001,Central,N,Credit,6,3,32.84
TXN-0004503,ST-MIS-001,Central,Y,Credit,5,3,79.82
TXN-0004504,ST-MIS-001,Central,Y,Debit,3,3,31.10
TXN-0004505,ST-MIS-001,Central,Y,Debit,3,2,7.72
TXN-0004506,ST-MIS-001,Central,Y,Credit,5,2,44.30
TXN-0004507,ST-MIS-001,Central,N,Debit,4,3,40.21
TXN-0004508,ST-MIS-001,Central,N,Credit,7,3,64.64
TXN-0004509,ST-MIS-001,Central,Y,Debit,9,5,100.83
TXN-0004510,ST-MIS-001,Central,Y,Debit,1,1,4.99
TXN-0004511,ST-MIS-001,Central,Y,Debit,4,3,52.47
TXN-0004512,ST-MIS-001,Central,Y,Credit,3,3,32.18
TXN-0004513,ST-MIS-001,Central,Y,Debit,3,3,48.27
TXN-0004514,ST-MIS-001,Central,Y,Credit,4,2,21.80
TXN-0004515,ST-MIS-001,Central,N,Credit,4,4,43.28
TXN-0004516,ST-MIS-001,Central,Y,Credit,7,4,80.29
TXN-0004517,ST-MIS-001,Central,Y,Debit,3,3,23.25
TXN-0004518,ST-MIS-001,Central,Y,Credit,8,6,54.40
TXN-0004519,ST-MIS-001,Central,Y,Debit,2,2,19.69
TXN-0004520,ST-MIS-001,Central,Y,Cash,8,5,57.79
TXN-0004521,ST-MIS-001,Central,Y,Credit,6,5,57.16
TXN-0004522,ST-MIS-001,Central,Y,Credit,3,2,27.90
TXN-0004523,ST-MIS-001,Central,N,Credit,5,3,47.18
TXN-0004524,ST-BRA-001,Central,Y,Credit,6,5,52.84
TXN-0004525,ST-BRA-001,Central,Y,Debit,6,2,62.55
TXN-0004526,ST-BRA-001,Central,N,Mobile,2,1,6.76
TXN-0004527,ST-BRA-001,Central,Y,Credit,2,2,21.05
TXN-0004528,ST-BRA-001,Central,N,Credit,5,3,56.20
TXN-0004529,ST-BRA-001,Central,N,Debit,10,4,108.48
TXN-0004530,ST-BRA-001,Central,Y,Debit,5,4,44.10
TXN-0004531,ST-BRA-001,Central,Y,Credit,2,2,17.11
TXN-0004532,ST-BRA-001,Central,Y,Cash,7,4,44.09
TXN-0004533,ST-BRA-001,Central,N,Debit,3,3,37.77
TXN-0004534,ST-BRA-001,Central,N,Mobile,4,3,21.79
TXN-0004535,ST-BRA-001,Central,N,Debit,3,3,17.67
TXN-0004536,ST-BRA-001,Central,Y,Credit,9,5,79.94
TXN-0004537,ST-BRA-001,Central,N,Debit,5,2,56.26
TXN-0004538,ST-BRA-001,Central,N,Cash,11,6,84.96
TXN-0004539,ST-BRA-001,Central,N,Credit,7,6,81.10
TXN-0004540,ST-BRA-001,Central,Y,Credit,4,4,45.40
TXN-0004541,ST-BRA-001,Central,Y,Debit,3,3,42.00
TXN-0004542,ST-BRA-001,Central,Y,Credit,5,4,64.11
TXN-0004543,ST-BRA-001,Central,Y,Credit,3,2,33.31
TXN-0004544,ST-HAM-001,Central,Y,Debit,1,1,13.39
TXN-0004545,ST-HAM-001,Central,Y,Credit,1,1,14.58
TXN-0004546,ST-HAM-001,Central,Y,Credit,7,6,68.63
TXN-0004547,ST-HAM-001,Central,Y,Credit,3,2,30.14
TXN-0004548,ST-HAM-001,Central,N,Debit,4,4,20.37
TXN-0004549,ST-HAM-001,Central,N,Credit,7,5,77.95
TXN-0004550,ST-HAM-001,Central,Y,Credit,4,3,47.47
TXN-0004551,ST-HAM-001,Central,N,Credit,6,4,71.66
TXN-0004552,ST-HAM-001,Central,Y,Credit,5,3,15.69
TXN-0004553,ST-HAM-001,Central,N,Debit,7,5,74.39
TXN-0004554,ST-HAM-001,Central,Y,Debit,5,2,60.77
TXN-0004555,ST-HAM-001,Central,Y,Credit,5,2,54.53
TXN-0004556,ST-HAM-001,Central,Y,Credit,2,2,20.59
TXN-0004557,ST-HAM-001,Central,Y,Credit,4,3,37.41
TXN-0004558,ST-HAM-001,Central,Y,Debit,1,1,4.38
TXN-0004559,ST-HAM-001,Central,Y,Cash,3,2,11.68
TXN-0004560,ST-HAM-001,Central,Y,Debit,4,3,21.44
TXN-0004561,ST-HAM-001,Central,Y,Credit,6,4,34.87
TXN-0004562,ST-HAM-001,Central,N,Debit,2,2,18.76
TXN-0004563,ST-HAM-001,Central,Y,Credit,4,4,39.49
TXN-0004564,ST-HAM-001,Central,Y,Credit,6,5,72.25
TXN-0004565,ST-HAM-001,Central,N,Debit,5,5,59.40
TXN-0004566,ST-KIT-001,Central,Y,Debit,6,4,83.66
TXN-0004567,ST-KIT-001,Central,N,Debit,8,3,81.78
TXN-0004568,ST-KIT-001,Central,Y,Mobile,1,1,13.16
TXN-0004569,ST-KIT-001,Central,N,Credit,3,3,36.74
TXN-0004570,ST-KIT-001,Central,Y,Debit,5,4,67.26
TXN-0004571,ST-KIT-001,Central,N,Debit,5,4,35.93
TXN-0004572,ST-KIT-001,Central,Y,Debit,1,1,13.42
TXN-0004573,ST-KIT-001,Central,Y,Cash,1,1,13.10
TXN-0004574,ST-KIT-001,Central,Y,Debit,8,6,85.97
TXN-0004575,ST-KIT-001,Central,Y,Debit,7,2,58.59
TXN-0004576,ST-KIT-001,Central,Y,Credit,3,2,16.57
TXN-0004577,ST-KIT-001,Central,N,Credit,1,1,6.33
TXN-0004578,ST-KIT-001,Central,Y,Debit,6,4,64.09
TXN-0004579,ST-KIT-001,Central,N,Debit,10,5,96.04
TXN-0004580,ST-KIT-001,Central,Y,Credit,9,4,60.83
TXN-0004581,ST-LON-001,Central,Y,Credit,2,2,12.04
TXN-0004582,ST-LON-001,Central,Y,Debit,6,3,30.26
TXN-0004583,ST-LON-001,Central,N,Credit,2,2,13.87
TXN-0004584,ST-LON-001,Central,N,Debit,5,3,46.29
TXN-0004585,ST-LON-001,Central,Y,Mobile,5,2,44.92
TXN-0004586,ST-LON-001,Central,N,Credit,1,1,15.59
TXN-0004587,ST-LON-001,Central,Y,Debit,4,2,30.67
TXN-0004588,ST-LON-001,Central,Y,Credit,4,2,11.18
TXN-0004589,ST-LON-001,Central,Y,Credit,6,3,83.89
TXN-0004590,ST-LON-001,Central,Y,Credit,3,3,16.18
TXN-0004591,ST-LON-001,Central,Y,Cash,5,4,58.17
TXN-0004592,ST-OTT-001,Eastern,Y,Credit,3,2,13.00
TXN-0004593,ST-OTT-001,Eastern,Y,Debit,3,1,13.14
TXN-0004594,ST-OTT-001,Eastern,N,Credit,2,2,25.94
TXN-0004595,ST-OTT-001,Eastern,Y,Credit,3,2,11.87
TXN-0004596,ST-OTT-001,Eastern,Y,Debit,10,5,94.46
TXN-0004597,ST-OTT-001,Eastern,Y,Credit,4,3,32.08
TXN-0004598,ST-OTT-001,Eastern,N,Credit,3,2,15.36
TXN-0004599,ST-OTT-001,Eastern,N,Cash,6,3,49.09
TXN-0004600,ST-OTT-001,Eastern,Y,Debit,4,2,21.63
TXN-0004601,ST-OTT-001,Eastern,Y,Credit,2,2,12.46
TXN-0004602,ST-OTT-002,Eastern,Y,Debit,6,4,84.86
TXN-0004603,ST-OTT-002,Eastern,Y,Debit,11,6,76.87
TXN-0004604,ST-OTT-002,Eastern,Y,Debit,10,5,66.63
TXN-0004605,ST-OTT-002,Eastern,N,Cash,9,6,59.03
TXN-0004606,ST-OTT-002,Eastern,Y,Debit,8,5,56.01
TXN-0004607,ST-OTT-002,Eastern,Y,Credit,6,5,70.95
TXN-0004608,ST-OTT-002,Eastern,N,Mobile,6,6,48.40
TXN-0004609,ST-OTT-002,Eastern,Y,Debit,2,2,9.33
TXN-0004610,ST-OTT-002,Eastern,Y,Debit,3,3,21.57
TXN-0004611,ST-OTT-002,Eastern,N,Credit,4,2,17.23
TXN-0004612,ST-OTT-002,Eastern,Y,Debit,9,6,101.56
TXN-0004613,ST-OTT-002,Eastern,N,Credit,5,3,29.77
TXN-0004614,ST-OTT-002,Eastern,N,Credit,13,7,146.35
TXN-0004615,ST-OTT-002,Eastern,Y,Debit,3,2,16.78
TXN-0004616,ST-OTT-002,Eastern,N,Credit,5,2,27.80
TXN-0004617,ST-OTT-002,Eastern,N,Cash,9,7,77.06
TXN-0004618,ST-OTT-002,Eastern,N,Debit,3,3,27.95
TXN-0004619,ST-CAL-001,Western,N,Credit,11,5,62.86
TXN-0004620,ST-CAL-001,Western,N,Debit,2,2,26.01
TXN-0004621,ST-CAL-001,Western,Y,Credit,9,5,100.47
TXN-0004622,ST-CAL-001,Western,Y,Mobile,6,3,69.69
TXN-0004623,ST-CAL-001,Western,Y,Mobile,5,4,52.44
TXN-0004624,ST-CAL-001,Western,Y,Credit,4,2,50.48
TXN-0004625,ST-CAL-001,Western,Y,Debit,3,2,48.77
TXN-0004626,ST-CAL-001,Western,Y,Cash,3,2,42.94
TXN-0004627,ST-CAL-001,Western,Y,Credit,5,3,49.19
TXN-0004628,ST-CAL-001,Western,Y,Credit,9,3,69.50
TXN-0004629,ST-CAL-001,Western,N,Debit,2,2,19.06
TXN-0004630,ST-CAL-001,Western,Y,Credit,4,2,39.28
TXN-0004631,ST-CAL-001,Western,Y,Credit,6,5,89.92
TXN-0004632,ST-CAL-001,Western,Y,Debit,3,1,33.69
TXN-0004633,ST-CAL-001,Western,N,Debit,6,4,75.26
TXN-0004634,ST-CAL-001,Western,N,Cash,1,1,14.49
TXN-0004635,ST-CAL-001,Western,Y,Debit,3,2,21.23
TXN-0004636,ST-CAL-001,Western,Y,Credit,1,1,4.20
TXN-0004637,ST-CAL-001,Western,Y,Cash,7,4,63.78
TXN-0004638,ST-CAL-001,Western,Y,Credit,9,3,99.44
TXN-0004639,ST-EDM-001,Western,Y,Credit,2,1,4.64
TXN-0004640,ST-EDM-001,Western,N,Cash,6,4,43.86
TXN-0004641,ST-EDM-001,Western,N,Credit,2,1,32.34
TXN-0004642,ST-EDM-001,Western,N,Credit,3,3,21.46
TXN-0004643,ST-EDM-001,Western,N,Credit,7,3,33.66
TXN-0004644,ST-EDM-001,Western,Y,Debit,3,2,20.24
TXN-0004645,ST-EDM-001,Western,Y,Debit,3,3,25.66
TXN-0004646,ST-EDM-001,Western,Y,Credit,4,2,25.96
TXN-0004647,ST-EDM-001,Western,Y,Credit,1,1,3.26
TXN-0004648,ST-EDM-001,Western,Y,Debit,5,5,39.64
TXN-0004649,ST-EDM-001,Western,Y,Credit,5,3,26.56
TXN-0004650,ST-EDM-001,Western,N,Debit,2,2,24.59
TXN-0004651,ST-EDM-001,Western,Y,Credit,5,4,50.25
TXN-0004652,ST-EDM-001,Western,Y,Credit,3,2,39.60
TXN-0004653,ST-TOR-001,Central,Y,Credit,1,1,2.26
TXN-0004654,ST-TOR-001,Central,N,Debit,9,5,62.66
TXN-0004655,ST-TOR-001,Central,Y,Debit,1,1,11.78
TXN-0004656,ST-TOR-001,Central,N,Credit,2,2,9.34
TXN-0004657,ST-TOR-001,Central,N,Credit,1,1,17.03
TXN-0004658,ST-TOR-001,Central,N,Credit,6,4,46.89
TXN-0004659,ST-TOR-001,Central,Y,Credit,6,4,64.47
TXN-0004660,ST-TOR-001,Central,Y,Credit,3,1,15.72
TXN-0004661,ST-TOR-001,Central,N,Debit,6,3,71.60
TXN-0004662,ST-TOR-001,Central,N,Credit,4,3,42.52
TXN-0004663,ST-TOR-001,Central,Y,Debit,3,2,18.78
TXN-0004664,ST-TOR-001,Central,Y,Credit,1,1,17.39
TXN-0004665,ST-TOR-001,Central,Y,Debit,5,4,34.26
TXN-0004666,ST-TOR-001,Central,N,Credit,3,2,21.68
TXN-0004667,ST-TOR-001,Central,Y,Cash,3,3,19.81
TXN-0004668,ST-TOR-001,Central,Y,Debit,2,1,10.62
TXN-0004669,ST-TOR-001,Central,Y,Credit,3,3,15.59
TXN-0004670,ST-TOR-001,Central,N,Credit,1,1,2.33
TXN-0004671,ST-TOR-001,Central,N,Credit,3,3,20.13
TXN-0004672,ST-TOR-001,Central,N,Debit,2,2,21.99
TXN-0004673,ST-TOR-001,Central,N,Credit,1,1,2.28
TXN-0004674,ST-TOR-001,Central,Y,Debit,5,3,61.40
TXN-0004675,ST-TOR-002,Central,Y,Credit,4,2,43.66
TXN-0004676,ST-TOR-002,Central,N,Debit,5,2,49.49
TXN-0004677,ST-TOR-002,Central,N,Debit,7,3,70.22
TXN-0004678,ST-TOR-002,Central,Y,Credit,7,5,55.41
TXN-0004679,ST-TOR-002,Central,N,Cash,13,6,115.28
TXN-0004680,ST-TOR-002,Central,Y,Debit,9,4,93.23
TXN-0004681,ST-TOR-002,Central,Y,Cash,5,5,36.79
TXN-0004682,ST-TOR-002,Central,N,Credit,4,2,17.72
TXN-0004683,ST-TOR-002,Central,Y,Credit,6,3,24.92
TXN-0004684,ST-TOR-002,Central,N,Credit,2,2,20.05
TXN-0004685,ST-TOR-002,Central,Y,Debit,2,1,11.16
TXN-0004686,ST-TOR-002,Central,Y,Credit,4,4,28.86
TXN-0004687,ST-TOR-002,Central,Y,Cash,10,6,75.35
TXN-0004688,ST-TOR-002,Central,N,Debit,3,1,41.55
TXN-0004689,ST-TOR-002,Central,Y,Debit,4,4,39.41
TXN-0004690,ST-TOR-002,Central,Y,Credit,5,2,46.73
TXN-0004691,ST-TOR-002,Central,Y,Credit,8,4,53.64
TXN-0004692,ST-SCA-001,Central,Y,Credit,1,1,3.11
TXN-0004693,ST-SCA-001,Central,Y,Credit,6,2,67.54
TXN-0004694,ST-SCA-001,Central,Y,Credit,10,7,80.38
TXN-0004695,ST-SCA-001,Central,N,Debit,7,5,49.03
TXN-0004696,ST-SCA-001,Central,Y,Debit,2,1,10.84
TXN-0004697,ST-SCA-001,Central,N,Debit,5,2,71.82
TXN-0004698,ST-SCA-001,Central,Y,Debit,10,7,94.61
TXN-0004699,ST-SCA-001,Central,Y,Credit,9,5,106.24
TXN-0004700,ST-SCA-001,Central,Y,Credit,5,4,64.78
TXN-0004701,ST-SCA-001,Central,N,Credit,3,3,8.67
TXN-0004702,ST-SCA-001,Central,Y,Credit,8,4,87.96
TXN-0004703,ST-SCA-001,Central,Y,Debit,7,4,65.47
TXN-0004704,ST-SCA-001,Central,Y,Credit,2,2,12.10
TXN-0004705,ST-SCA-001,Central,Y,Mobile,8,5,78.93
TXN-0004706,ST-SCA-001,Central,Y,Debit,4,3,23.97
TXN-0004707,ST-SCA-001,Central,Y,Credit,3,3,39.27
TXN-0004708,ST-SCA-001,Central,N,Credit,2,2,16.15
TXN-0004709,ST-MIS-001,Central,Y,Cash,1,1,13.67
TXN-0004710,ST-MIS-001,Central,N,Debit,5,4,44.62
TXN-0004711,ST-MIS-001,Central,N,Credit,5,4,42.47
TXN-0004712,ST-MIS-001,Central,N,Debit,9,5,85.07
TXN-0004713,ST-MIS-001,Central,Y,Debit,4,2,51.20
TXN-0004714,ST-MIS-001,Central,N,Debit,1,1,14.87
TXN-0004715,ST-MIS-001,Central,Y,Credit,1,1,10.73
TXN-0004716,ST-MIS-001,Central,Y,Credit,5,4,57.35
TXN-0004717,ST-MIS-001,Central,Y,Credit,9,4,97.47
TXN-0004718,ST-MIS-001,Central,N,Debit,6,3,60.64
TXN-0004719,ST-BRA-001,Central,Y,Credit,5,2,53.53
TXN-0004720,ST-BRA-001,Central,Y,Cash,1,1,7.14
TXN-0004721,ST-BRA-001,Central,N,Debit,2,2,8.71
TXN-0004722,ST-BRA-001,Central,Y,Credit,1,1,3.15
TXN-0004723,ST-BRA-001,Central,N,Credit,6,4,67.99
TXN-0004724,ST-BRA-001,Central,Y,Debit,2,1,6.58
TXN-0004725,ST-BRA-001,Central,N,Debit,1,1,14.78
TXN-0004726,ST-BRA-001,Central,N,Mobile,2,2,30.09
TXN-0004727,ST-BRA-001,Central,Y,Mobile,5,3,44.85
TXN-0004728,ST-BRA-001,Central,N,Cash,9,6,67.41
TXN-0004729,ST-BRA-001,Central,Y,Credit,3,3,19.56
TXN-0004730,ST-BRA-001,Central,N,Credit,4,3,43.54
TXN-0004731,ST-BRA-001,Central,Y,Cash,7,4,41.24
TXN-0004732,ST-HAM-001,Central,N,Credit,12,5,136.54
TXN-0004733,ST-HAM-001,Central,Y,Cash,3,3,22.78
TXN-0004734,ST-HAM-001,Central,Y,Debit,5,2,22.27
TXN-0004735,ST-HAM-001,Central,N,Mobile,3,2,25.77
TXN-0004736,ST-HAM-001,Central,N,Debit,10,5,51.52
TXN-0004737,ST-HAM-001,Central,N,Credit,10,6,111.19
TXN-0004738,ST-HAM-001,Central,Y,Debit,5,4,30.62
TXN-0004739,ST-HAM-001,Central,Y,Debit,6,3,28.66
TXN-0004740,ST-HAM-001,Central,Y,Credit,5,4,33.29
TXN-0004741,ST-HAM-001,Central,Y,Debit,5,3,38.79
TXN-0004742,ST-HAM-001,Central,N,Credit,6,5,59.37
TXN-0004743,ST-KIT-001,Central,N,Credit,7,5,66.85
TXN-0004744,ST-KIT-001,Central,Y,Credit,7,4,54.94
TXN-0004745,ST-KIT-001,Central,Y,Debit,7,7,64.34
TXN-0004746,ST-KIT-001,Central,N,Debit,4,4,37.15
TXN-0004747,ST-KIT-001,Central,Y,Debit,2,2,27.86
TXN-0004748,ST-KIT-001,Central,N,Credit,4,3,53.59
TXN-0004749,ST-KIT-001,Central,N,Credit,6,4,61.50
TXN-0004750,ST-KIT-001,Central,Y,Credit,7,4,96.73
TXN-0004751,ST-KIT-001,Central,N,Mobile,2,2,7.58
TXN-0004752,ST-KIT-001,Central,Y,Cash,3,2,24.93
TXN-0004753,ST-LON-001,Central,Y,Mobile,7,4,31.43
TXN-0004754,ST-LON-001,Central,Y,Credit,2,2,20.83
TXN-0004755,ST-LON-001,Central,Y,Debit,6,3,66.64
TXN-0004756,ST-LON-001,Central,N,Credit,6,5,41.63
TXN-0004757,ST-LON-001,Central,Y,Credit,4,4,28.37
TXN-0004758,ST-LON-001,Central,Y,Debit,6,3,63.93
TXN-0004759,ST-LON-001,Central,Y,Credit,2,1,10.80
TXN-0004760,ST-LON-001,Central,Y,Credit,6,3,88.42
TXN-0004761,ST-LON-001,Central,Y,Credit,4,4,44.77
TXN-0004762,ST-LON-001,Central,N,Credit,4,3,57.88
TXN-0004763,ST-LON-001,Central,Y,Debit,5,2,74.44
TXN-0004764,ST-LON-001,Central,Y,Debit,5,3,64.94
TXN-0004765,ST-LON-001,Central,N,Credit,4,2,20.66
TXN-0004766,ST-LON-001,Central,Y,Debit,1,1,3.32
TXN-0004767,ST-LON-001,Central,Y,Debit,6,3,49.01
TXN-0004768,ST-LON-001,Central,Y,Credit,1,1,15.37
TXN-0004769,ST-LON-001,Central,Y,Credit,5,3,25.43
TXN-0004770,ST-LON-001,Central,Y,Mobile,2,2,14.08
TXN-0004771,ST-LON-001,Central,Y,Debit,3,2,42.84
TXN-0004772,ST-LON-001,Central,N,Debit,5,4,43.33
TXN-0004773,ST-LON-001,Central,N,Debit,10,6,67.66
TXN-0004774,ST-LON-001,Central,Y,Credit,3,2,36.50
TXN-0004775,ST-LON-001,Central,Y,Mobile,6,3,31.06
TXN-0004776,ST-OTT-001,Eastern,Y,Credit,7,4,68.40
TXN-0004777,ST-OTT-001,Eastern,Y,Credit,10,6,113.73
TXN-0004778,ST-OTT-001,Eastern,Y,Mobile,1,1,11.54
TXN-0004779,ST-OTT-001,Eastern,Y,Debit,4,2,28.64
TXN-0004780,ST-OTT-001,Eastern,Y,Credit,13,7,106.45
TXN-0004781,ST-OTT-001,Eastern,Y,Credit,3,2,37.95
TXN-0004782,ST-OTT-001,Eastern,Y,Debit,1,1,7.90
TXN-0004783,ST-OTT-001,Eastern,Y,Cash,7,3,66.15
TXN-0004784,ST-OTT-001,Eastern,Y,Credit,6,4,36.86
TXN-0004785,ST-OTT-001,Eastern,Y,Credit,3,2,24.85
TXN-0004786,ST-OTT-001,Eastern,N,Credit,5,3,43.85
TXN-0004787,ST-OTT-001,Eastern,N,Debit,3,3,16.43
TXN-0004788,ST-OTT-001,Eastern,Y,Credit,7,4,54.84
TXN-0004789,ST-OTT-001,Eastern,Y,Credit,3,3,20.91
TXN-0004790,ST-OTT-001,Eastern,N,Credit,2,1,22.94
TXN-0004791,ST-OTT-001,Eastern,Y,Credit,5,4,69.15
TXN-0004792,ST-OTT-002,Eastern,Y,Credit,3,2,46.63
TXN-0004793,ST-OTT-002,Eastern,Y,Debit,4,2,51.64
TXN-0004794,ST-OTT-002,Eastern,Y,Debit,1,1,12.48
TXN-0004795,ST-OTT-002,Eastern,Y,Credit,5,2,43.03
TXN-0004796,ST-OTT-002,Eastern,Y,Debit,1,1,16.31
TXN-0004797,ST-OTT-002,Eastern,Y,Credit,4,3,39.01
TXN-0004798,ST-OTT-002,Eastern,N,Credit,5,4,31.79
TXN-0004799,ST-OTT-002,Eastern,N,Debit,4,3,47.93
TXN-0004800,ST-OTT-002,Eastern,N,Debit,2,2,24.46
TXN-0004801,ST-OTT-002,Eastern,N,Credit,7,4,80.15
TXN-0004802,ST-CAL-001,Western,N,Credit,1,1,16.02
TXN-0004803,ST-CAL-001,Western,N,Credit,7,4,75.26
TXN-0004804,ST-CAL-001,Western,Y,Credit,8,4,69.07
TXN-0004805,ST-CAL-001,Western,Y,Credit,12,6,123.49
TXN-0004806,ST-CAL-001,Western,N,Cash,3,2,41.77
TXN-0004807,ST-CAL-001,Western,Y,Credit,6,4,74.11
TXN-0004808,ST-CAL-001,Western,Y,Cash,4,2,22.74
TXN-0004809,ST-CAL-001,Western,Y,Credit,8,6,64.97
TXN-0004810,ST-CAL-001,Western,Y,Cash,5,2,27.16
TXN-0004811,ST-CAL-001,Western,Y,Credit,12,6,86.73
TXN-0004812,ST-CAL-001,Western,Y,Mobile,6,4,59.37
TXN-0004813,ST-CAL-001,Western,Y,Debit,6,4,70.83
TXN-0004814,ST-CAL-001,Western,Y,Cash,6,3,79.28
TXN-0004815,ST-CAL-001,Western,Y,Cash,6,4,64.99
TXN-0004816,ST-CAL-001,Western,Y,Credit,4,2,45.06
TXN-0004817,ST-CAL-001,Western,N,Credit,6,3,81.79
TXN-0004818,ST-EDM-001,Western,Y,Credit,2,2,9.18
TXN-0004819,ST-EDM-001,Western,N,Credit,4,2,58.56
TXN-0004820,ST-EDM-001,Western,Y,Debit,2,1,4.28
TXN-0004821,ST-EDM-001,Western,Y,Debit,7,5,79.16
TXN-0004822,ST-EDM-001,Western,N,Debit,1,1,4.37
TXN-0004823,ST-EDM-001,Western,Y,Debit,6,4,60.77
TXN-0004824,ST-EDM-001,Western,Y,Credit,6,3,41.64
TXN-0004825,ST-EDM-001,Western,Y,Cash,6,3,25.88
TXN-0004826,ST-EDM-001,Western,N,Debit,7,2,45.21
TXN-0004827,ST-EDM-001,Western,Y,Credit,4,3,50.27
TXN-0004828,ST-EDM-001,Western,Y,Debit,1,1,10.33
TXN-0004829,ST-EDM-001,Western,Y,Credit,1,1,2.58
TXN-0004830,ST-EDM-001,Western,Y,Debit,9,5,81.80
TXN-0004831,ST-EDM-001,Western,N,Credit,4,3,48.83
TXN-0004832,ST-TOR-001,Central,Y,Credit,4,2,48.75
TXN-0004833,ST-TOR-001,Central,Y,Debit,3,3,39.59
TXN-0004834,ST-TOR-001,Central,Y,Credit,8,5,63.39
TXN-0004835,ST-TOR-001,Central,N,Credit,2,2,24.87
TXN-0004836,ST-TOR-001,Central,N,Credit,6,3,81.02
TXN-0004837,ST-TOR-001,Central,N,Debit,4,3,40.45
TXN-0004838,ST-TOR-001,Central,N,Debit,4,3,44.48
TXN-0004839,ST-TOR-001,Central,N,Debit,4,3,27.08
TXN-0004840,ST-TOR-001,Central,Y,Credit,2,2,13.33
TXN-0004841,ST-TOR-001,Central,N,Credit,5,3,68.20
TXN-0004842,ST-TOR-001,Central,Y,Credit,4,2,38.91
TXN-0004843,ST-TOR-001,Central,Y,Credit,5,3,30.40
TXN-0004844,ST-TOR-001,Central,N,Cash,6,4,57.42
TXN-0004845,ST-TOR-001,Central,Y,Credit,1,1,12.84
TXN-0004846,ST-TOR-001,Central,N,Credit,5,3,41.69
TXN-0004847,ST-TOR-001,Central,N,Debit,5,3,37.74
TXN-0004848,ST-TOR-001,Central,Y,Mobile,1,1,7.02
TXN-0004849,ST-TOR-002,Central,Y,Credit,4,2,21.20
TXN-0004850,ST-TOR-002,Central,Y,Debit,3,2,22.70
TXN-0004851,ST-TOR-002,Central,Y,Debit,1,1,13.42
TXN-0004852,ST-TOR-002,Central,N,Debit,3,2,25.92
TXN-0004853,ST-TOR-002,Central,Y,Debit,5,3,46.52
TXN-0004854,ST-TOR-002,Central,N,Cash,3,2,14.97
TXN-0004855,ST-TOR-002,Central,Y,Debit,4,2,28.29
TXN-0004856,ST-TOR-002,Central,N,Debit,4,3,34.82
TXN-0004857,ST-TOR-002,Central,Y,Debit,3,3,30.37
TXN-0004858,ST-TOR-002,Central,Y,Credit,8,3,85.00
TXN-0004859,ST-TOR-002,Central,Y,Debit,5,4,32.34
TXN-0004860,ST-TOR-002,Central,Y,Credit,5,4,52.42
TXN-0004861,ST-TOR-002,Central,Y,Credit,8,4,72.78
TXN-0004862,ST-TOR-002,Central,Y,Credit,3,1,6.75
TXN-0004863,ST-TOR-002,Central,N,Debit,8,4,78.70
TXN-0004864,ST-TOR-002,Central,N,Debit,8,5,96.35
TXN-0004865,ST-TOR-002,Central,Y,Credit,1,1,4.39
TXN-0004866,ST-SCA-001,Central,N,Credit,1,1,7.10
TXN-0004867,ST-SCA-001,Central,N,Debit,6,4,69.48
TXN-0004868,ST-SCA-001,Central,Y,Credit,2,2,15.63
TXN-0004869,ST-SCA-001,Central,N,Credit,5,2,71.88
TXN-0004870,ST-SCA-001,Central,Y,Debit,1,1,13.29
TXN-0004871,ST-SCA-001,Central,Y,Debit,2,2,15.73
TXN-0004872,ST-SCA-001,Central,Y,Credit,3,1,52.77
TXN-0004873,ST-SCA-001,Central,Y,Cash,7,5,64.38
TXN-0004874,ST-MIS-001,Central,Y,Debit,4,4,26.49
TXN-0004875,ST-MIS-001,Central,N,Credit,5,2,75.38
TXN-0004876,ST-MIS-001,Central,Y,Debit,6,3,66.92
TXN-0004877,ST-MIS-001,Central,Y,Debit,4,4,45.36
TXN-0004878,ST-MIS-001,Central,Y,Credit,6,3,42.81
TXN-0004879,ST-MIS-001,Central,Y,Cash,5,2,55.16
TXN-0004880,ST-MIS-001,Central,N,Mobile,6,3,81.62
TXN-0004881,ST-MIS-001,Central,N,Credit,1,1,7.16
TXN-0004882,ST-MIS-001,Central,N,Debit,6,3,71.82
TXN-0004883,ST-MIS-001,Central,N,Credit,2,1,25.76
TXN-0004884,ST-MIS-001,Central,N,Mobile,1,1,15.97
TXN-0004885,ST-MIS-001,Central,Y,Credit,2,2,26.00
TXN-0004886,ST-MIS-001,Central,Y,Debit,5,4,16.53
TXN-0004887,ST-MIS-001,Central,Y,Debit,7,4,38.94
TXN-0004888,ST-MIS-001,Central,Y,Credit,2,2,28.98
TXN-0004889,ST-MIS-001,Central,N,Credit,8,5,54.08
TXN-0004890,ST-MIS-001,Central,Y,Debit,2,2,17.47
TXN-0004891,ST-MIS-001,Central,Y,Debit,8,4,92.13
TXN-0004892,ST-MIS-001,Central,Y,Credit,1,1,2.17
TXN-0004893,ST-MIS-001,Central,Y,Mobile,8,5,88.48
TXN-0004894,ST-BRA-001,Central,N,Cash,5,3,48.42
TXN-0004895,ST-BRA-001,Central,Y,Credit,10,6,93.86
TXN-0004896,ST-BRA-001,Central,Y,Debit,4,3,26.62
TXN-0004897,ST-BRA-001,Central,N,Credit,7,5,65.72
TXN-0004898,ST-BRA-001,Central,Y,Debit,6,3,62.57
TXN-0004899,ST-BRA-001,Central,Y,Debit,3,2,27.37
TXN-0004900,ST-BRA-001,Central,Y,Debit,1,1,1.95
TXN-0004901,ST-BRA-001,Central,Y,Credit,6,5,70.36
TXN-0004902,ST-BRA-001,Central,Y,Credit,2,2,12.44
TXN-0004903,ST-BRA-001,Central,N,Cash,3,3,24.23
TXN-0004904,ST-HAM-001,Central,Y,Cash,4,3,46.72
TXN-0004905,ST-HAM-001,Central,Y,Debit,2,1,33.94
TXN-0004906,ST-HAM-001,Central,N,Credit,1,1,5.00
TXN-0004907,ST-HAM-001,Central,N,Debit,3,3,23.77
TXN-0004908,ST-HAM-001,Central,Y,Debit,8,3,35.48
TXN-0004909,ST-HAM-001,Central,Y,Credit,5,4,60.22
TXN-0004910,ST-HAM-001,Central,Y,Credit,2,2,15.19
TXN-0004911,ST-HAM-001,Central,Y,Debit,5,3,43.12
TXN-0004912,ST-HAM-001,Central,N,Credit,2,2,9.56
TXN-0004913,ST-HAM-001,Central,N,Credit,9,5,97.22
TXN-0004914,ST-KIT-001,Central,Y,Credit,1,1,11.61
TXN-0004915,ST-KIT-001,Central,Y,Cash,2,2,14.34
TXN-0004916,ST-KIT-001,Central,Y,Debit,3,2,33.81
TXN-0004917,ST-KIT-001,Central,Y,Debit,4,3,45.49
TXN-0004918,ST-KIT-001,Central,Y,Credit,2,2,19.54
TXN-0004919,ST-KIT-001,Central,Y,Cash,3,2,31.73
TXN-0004920,ST-KIT-001,Central,Y,Credit,3,3,26.74
TXN-0004921,ST-LON-001,Central,Y,Debit,3,2,13.56
TXN-0004922,ST-LON-001,Central,Y,Debit,6,3,58.84
TXN-0004923,ST-LON-001,Central,Y,Credit,1,1,10.37
TXN-0004924,ST-LON-001,Central,Y,Cash,3,3,39.19
TXN-0004925,ST-LON-001,Central,Y,Debit,7,5,88.33
TXN-0004926,ST-LON-001,Central,Y,Cash,4,3,29.78
TXN-0004927,ST-LON-001,Central,Y,Credit,4,2,11.94
TXN-0004928,ST-LON-001,Central,Y,Credit,12,5,99.39
TXN-0004929,ST-LON-001,Central,Y,Debit,8,4,72.81
TXN-0004930,ST-LON-001,Central,Y,Debit,7,4,90.18
TXN-0004931,ST-LON-001,Central,Y,Credit,5,4,28.66
TXN-0004932,ST-LON-001,Central,Y,Credit,1,1,2.23
TXN-0004933,ST-LON-001,Central,Y,Debit,4,3,49.04
TXN-0004934,ST-LON-001,Central,Y,Credit,1,1,12.99
TXN-0004935,ST-LON-001,Central,Y,Debit,4,4,52.19
TXN-0004936,ST-OTT-001,Eastern,N,Debit,2,2,15.02
TXN-0004937,ST-OTT-001,Eastern,Y,Credit,2,2,12.39
TXN-0004938,ST-OTT-001,Eastern,N,Cash,6,2,43.14
TXN-0004939,ST-OTT-001,Eastern,Y,Credit,5,4,34.54
TXN-0004940,ST-OTT-001,Eastern,Y,Credit,3,3,36.72
TXN-0004941,ST-OTT-001,Eastern,N,Debit,5,3,67.03
TXN-0004942,ST-OTT-001,Eastern,N,Credit,4,3,11.99
TXN-0004943,ST-OTT-002,Eastern,N,Credit,4,4,37.43
TXN-0004944,ST-OTT-002,Eastern,N,Credit,4,3,52.40
TXN-0004945,ST-OTT-002,Eastern,Y,Credit,8,6,88.26
TXN-0004946,ST-OTT-002,Eastern,Y,Cash,2,1,6.50
TXN-0004947,ST-OTT-002,Eastern,Y,Cash,5,2,30.24
TXN-0004948,ST-OTT-002,Eastern,Y,Credit,6,5,29.61
TXN-0004949,ST-OTT-002,Eastern,Y,Credit,4,2,46.91
TXN-0004950,ST-OTT-002,Eastern,Y,Credit,4,4,30.91
TXN-0004951,ST-OTT-002,Eastern,Y,Debit,2,2,21.79
TXN-0004952,ST-OTT-002,Eastern,Y,Debit,8,2,71.52
TXN-0004953,ST-OTT-002,Eastern,N,Credit,5,2,28.66
TXN-0004954,ST-OTT-002,Eastern,Y,Debit,6,5,34.94
TXN-0004955,ST-CAL-001,Western,Y,Credit,9,4,80.61
TXN-0004956,ST-CAL-001,Western,Y,Credit,5,3,66.72
TXN-0004957,ST-CAL-001,Western,N,Debit,1,1,16.50
TXN-0004958,ST-CAL-001,Western,N,Debit,2,2,11.97
TXN-0004959,ST-CAL-001,Western,N,Debit,3,3,20.24
TXN-0004960,ST-CAL-001,Western,Y,Cash,6,4,46.71
TXN-0004961,ST-CAL-001,Western,N,Debit,4,1,28.36
TXN-0004962,ST-CAL-001,Western,N,Mobile,5,2,32.04
TXN-0004963,ST-CAL-001,Western,Y,Credit,5,3,23.09
TXN-0004964,ST-CAL-001,Western,Y,Credit,5,3,45.24
TXN-0004965,ST-CAL-001,Western,Y,Cash,4,4,29.07
TXN-0004966,ST-CAL-001,Western,Y,Cash,4,3,24.13
TXN-0004967,ST-EDM-001,Western,Y,Debit,5,2,38.33
TXN-0004968,ST-EDM-001,Western,Y,Credit,3,2,24.50
TXN-0004969,ST-EDM-001,Western,Y,Mobile,4,4,45.56
TXN-0004970,ST-EDM-001,Western,Y,Credit,2,1,6.92
TXN-0004971,ST-EDM-001,Western,Y,Debit,3,3,27.77
TXN-0004972,ST-EDM-001,Western,Y,Cash,7,4,75.95
TXN-0004973,ST-EDM-001,Western,N,Debit,2,2,16.28
TXN-0004974,ST-EDM-001,Western,Y,Credit,5,4,66.62
TXN-0004975,ST-EDM-001,Western,Y,Cash,5,4,48.49
TXN-0004976,ST-EDM-001,Western,Y,Debit,6,4,47.20
TXN-0004977,ST-EDM-001,Western,Y,Mobile,3,3,21.99
TXN-0004978,ST-EDM-001,Western,Y,Credit,3,2,18.01
TXN-0004979,ST-EDM-001,Western,N,Credit,2,1,35.00
TXN-0004980,ST-EDM-001,Western,N,Credit,4,1,21.48
TXN-0004981,ST-EDM-001,Western,Y,Credit,6,3,45.17
TXN-0004982,ST-EDM-001,Western,Y,Debit,5,3,24.44
TXN-0004983,ST-EDM-001,Western,Y,Cash,4,2,33.70
TXN-0004984,ST-EDM-001,Western,N,Debit,6,4,71.15
TXN-0004985,ST-EDM-001,Western,N,Credit,4,3,30.85
TXN-0004986,ST-EDM-001,Western,Y,Mobile,1,1,14.68
TXN-0004987,ST-EDM-001,Western,Y,Debit,7,4,47.23
TXN-0004988,ST-TOR-001,Central,N,Cash,4,3,31.57
TXN-0004989,ST-TOR-001,Central,Y,Credit,3,2,20.03
TXN-0004990,ST-TOR-001,Central,N,Debit,2,2,21.72
TXN-0004991,ST-TOR-001,Central,Y,Cash,5,2,13.96
TXN-0004992,ST-TOR-001,Central,Y,Cash,5,2,52.34
TXN-0004993,ST-TOR-001,Central,Y,Credit,3,2,26.50
TXN-0004994,ST-TOR-001,Central,Y,Credit,2,1,4.46
TXN-0004995,ST-TOR-001,Central,Y,Debit,2,1,10.92
TXN-0004996,ST-TOR-001,Central,Y,Debit,4,3,34.67
TXN-0004997,ST-TOR-001,Central,Y,Debit,3,2,37.50
TXN-0004998,ST-TOR-001,Central,N,Credit,1,1,2.33
TXN-0004999,ST-TOR-002,Central,Y,Credit,6,4,58.44
TXN-0005000,ST-TOR-002,Central,Y,Credit,8,4,84.36
TXN-0005001,ST-TOR-002,Central,Y,Cash,4,4,33.90
TXN-0005002,ST-TOR-002,Central,Y,Credit,5,3,48.16
TXN-0005003,ST-TOR-002,Central,Y,Debit,4,3,45.38
TXN-0005004,ST-TOR-002,Central,N,Credit,4,3,48.30
TXN-0005005,ST-TOR-002,Central,Y,Credit,3,3,44.96
TXN-0005006,ST-TOR-002,Central,Y,Cash,11,5,105.44
TXN-0005007,ST-TOR-002,Central,Y,Credit,2,2,19.12
TXN-0005008,ST-TOR-002,Central,Y,Cash,6,2,23.05
TXN-0005009,ST-TOR-002,Central,Y,Cash,7,4,38.20
TXN-0005010,ST-TOR-002,Central,N,Debit,3,3,20.46
TXN-0005011,ST-TOR-002,Central,N,Credit,5,4,34.71
TXN-0005012,ST-SCA-001,Central,N,Credit,2,2,16.44
TXN-0005013,ST-SCA-001,Central,Y,Credit,5,4,61.06
TXN-0005014,ST-SCA-001,Central,Y,Credit,8,5,112.39
TXN-0005015,ST-MIS-001,Central,Y,Credit,4,3,40.08
TXN-0005016,ST-MIS-001,Central,N,Cash,1,1,10.63
TXN-0005017,ST-MIS-001,Central,Y,Debit,4,3,24.64
TXN-0005018,ST-MIS-001,Central,Y,Debit,1,1,13.63
TXN-0005019,ST-MIS-001,Central,N,Credit,7,4,68.57
TXN-0005020,ST-MIS-001,Central,N,Credit,10,3,102.18
TXN-0005021,ST-MIS-001,Central,N,Debit,2,1,10.86
TXN-0005022,ST-MIS-001,Central,Y,Debit,7,4,102.35
TXN-0005023,ST-MIS-001,Central,Y,Credit,6,3,24.97
TXN-0005024,ST-MIS-001,Central,Y,Credit,3,2,35.36
TXN-0005025,ST-BRA-001,Central,Y,Debit,7,4,68.96
TXN-0005026,ST-BRA-001,Central,N,Credit,4,2,51.76
TXN-0005027,ST-BRA-001,Central,N,Debit,5,4,41.37
TXN-0005028,ST-BRA-001,Central,Y,Credit,1,1,2.23
TXN-0005029,ST-BRA-001,Central,N,Cash,3,2,32.46
TXN-0005030,ST-BRA-001,Central,Y,Debit,3,3,22.93
TXN-0005031,ST-BRA-001,Central,Y,Debit,7,3,77.75
TXN-0005032,ST-BRA-001,Central,Y,Debit,6,5,53.73
TXN-0005033,ST-BRA-001,Central,Y,Credit,5,2,18.20
TXN-0005034,ST-HAM-001,Central,Y,Cash,7,4,68.36
TXN-0005035,ST-HAM-001,Central,Y,Credit,2,2,9.47
TXN-0005036,ST-HAM-001,Central,Y,Debit,2,1,6.34
TXN-0005037,ST-HAM-001,Central,Y,Debit,5,4,42.90
TXN-0005038,ST-HAM-001,Central,N,Debit,2,2,18.73
TXN-0005039,ST-KIT-001,Central,N,Debit,9,5,123.38
TXN-0005040,ST-KIT-001,Central,Y,Mobile,1,1,12.66
TXN-0005041,ST-KIT-001,Central,N,Debit,7,5,57.54
TXN-0005042,ST-KIT-001,Central,N,Credit,3,3,25.63
TXN-0005043,ST-KIT-001,Central,Y,Debit,2,1,29.14
TXN-0005044,ST-KIT-001,Central,N,Debit,10,7,134.45
TXN-0005045,ST-KIT-001,Central,Y,Cash,1,1,13.74
TXN-0005046,ST-LON-001,Central,Y,Debit,4,3,30.19
TXN-0005047,ST-LON-001,Central,Y,Credit,6,3,63.70
TXN-0005048,ST-LON-001,Central,Y,Cash,7,3,76.12
TXN-0005049,ST-LON-001,Central,Y,Credit,7,4,66.11
TXN-0005050,ST-LON-001,Central,Y,Credit,1,1,15.52
TXN-0005051,ST-LON-001,Central,Y,Debit,2,1,19.80
TXN-0005052,ST-LON-001,Central,Y,Credit,4,4,42.28
TXN-0005053,ST-LON-001,Central,Y,Credit,4,3,45.55
TXN-0005054,ST-LON-001,Central,N,Cash,8,4,101.42
TXN-0005055,ST-LON-001,Central,N,Credit,7,5,77.67
TXN-0005056,ST-LON-001,Central,Y,Credit,2,1,12.48
TXN-0005057,ST-OTT-001,Eastern,Y,Debit,5,3,41.97
TXN-0005058,ST-OTT-001,Eastern,Y,Debit,2,1,25.72
TXN-0005059,ST-OTT-001,Eastern,Y,Cash,5,4,67.55
TXN-0005060,ST-OTT-001,Eastern,Y,Credit,4,3,42.18
TXN-0005061,ST-OTT-001,Eastern,Y,Debit,4,3,35.18
TXN-0005062,ST-OTT-001,Eastern,Y,Credit,1,1,5.04
TXN-0005063,ST-OTT-001,Eastern,N,Credit,4,3,40.41
TXN-0005064,ST-OTT-002,Eastern,Y,Credit,3,3,19.94
TXN-0005065,ST-OTT-002,Eastern,N,Cash,5,3,51.09
TXN-0005066,ST-OTT-002,Eastern,Y,Cash,4,3,52.18
TXN-0005067,ST-OTT-002,Eastern,Y,Cash,7,4,65.84
TXN-0005068,ST-OTT-002,Eastern,Y,Mobile,7,4,30.22
TXN-0005069,ST-OTT-002,Eastern,Y,Debit,9,6,112.36
TXN-0005070,ST-OTT-002,Eastern,Y,Credit,4,3,36.90
TXN-0005071,ST-OTT-002,Eastern,N,Credit,3,2,18.41
TXN-0005072,ST-OTT-002,Eastern,N,Credit,4,3,44.21
TXN-0005073,ST-CAL-001,Western,Y,Debit,4,3,40.91
TXN-0005074,ST-CAL-001,Western,Y,Credit,1,1,12.01
TXN-0005075,ST-CAL-001,Western,Y,Debit,4,2,37.96
TXN-0005076,ST-CAL-001,Western,Y,Credit,2,1,6.66
TXN-0005077,ST-CAL-001,Western,Y,Credit,5,3,54.25
TXN-0005078,ST-CAL-001,Western,N,Cash,9,5,103.56
TXN-0005079,ST-CAL-001,Western,Y,Debit,3,2,43.03
TXN-0005080,ST-CAL-001,Western,N,Credit,10,6,64.59
TXN-0005081,ST-CAL-001,Western,Y,Debit,3,3,18.29
TXN-0005082,ST-CAL-001,Western,Y,Credit,8,7,99.67
TXN-0005083,ST-CAL-001,Western,Y,Cash,3,2,37.25
TXN-0005084,ST-CAL-001,Western,N,Debit,2,2,19.39
TXN-0005085,ST-CAL-001,Western,N,Mobile,8,4,56.07
TXN-0005086,ST-CAL-001,Western,Y,Debit,6,4,24.61
TXN-0005087,ST-EDM-001,Western,N,Credit,6,3,41.37
TXN-0005088,ST-EDM-001,Western,N,Cash,4,2,25.38
TXN-0005089,ST-EDM-001,Western,Y,Debit,10,5,73.61
TXN-0005090,ST-EDM-001,Western,Y,Debit,7,4,87.26
TXN-0005091,ST-EDM-001,Western,Y,Credit,5,3,34.03
TXN-0005092,ST-EDM-001,Western,N,Debit,4,2,42.92
TXN-0005093,ST-EDM-001,Western,Y,Debit,9,4,86.53
TXN-0005094,ST-EDM-001,Western,N,Debit,5,4,48.88
TXN-0005095,ST-EDM-001,Western,Y,Credit,3,3,20.87
TXN-0005096,ST-EDM-001,Western,N,Mobile,4,3,23.78
TXN-0005097,ST-EDM-001,Western,N,Debit,12,6,91.23
TXN-0005098,ST-EDM-001,Western,Y,Credit,7,5,45.84
TXN-0005099,ST-TOR-001,Central,N,Debit,11,4,85.58
TXN-0005100,ST-TOR-001,Central,Y,Cash,10,5,86.62
TXN-0005101,ST-TOR-001,Central,Y,Credit,2,2,12.71
TXN-0005102,ST-TOR-001,Central,N,Debit,3,2,20.73
TXN-0005103,ST-TOR-001,Central,Y,Cash,1,1,2.26
TXN-0005104,ST-TOR-001,Central,Y,Cash,3,3,22.63
TXN-0005105,ST-TOR-001,Central,N,Credit,5,4,28.74
TXN-0005106,ST-TOR-001,Central,Y,Credit,7,5,55.97
TXN-0005107,ST-TOR-001,Central,N,Credit,12,7,141.47
TXN-0005108,ST-TOR-001,Central,Y,Debit,3,2,27.30
TXN-0005109,ST-TOR-001,Central,N,Debit,4,3,40.76
TXN-0005110,ST-TOR-002,Central,Y,Debit,8,5,50.02
TXN-0005111,ST-TOR-002,Central,N,Debit,2,2,21.66
TXN-0005112,ST-TOR-002,Central,N,Credit,8,4,86.08
TXN-0005113,ST-TOR-002,Central,Y,Debit,5,3,55.79
TXN-0005114,ST-TOR-002,Central,Y,Credit,4,3,42.24
TXN-0005115,ST-TOR-002,Central,Y,Debit,6,4,61.40
TXN-0005116,ST-TOR-002,Central,N,Cash,7,3,83.13
TXN-0005117,ST-TOR-002,Central,Y,Credit,3,3,20.22
TXN-0005118,ST-TOR-002,Central,N,Debit,3,3,18.28
TXN-0005119,ST-TOR-002,Central,Y,Credit,10,6,56.66
TXN-0005120,ST-TOR-002,Central,N,Credit,1,1,5.42
TXN-0005121,ST-TOR-002,Central,N,Debit,4,4,40.14
TXN-0005122,ST-TOR-002,Central,N,Debit,4,3,36.31
TXN-0005123,ST-TOR-002,Central,Y,Debit,8,5,97.22
TXN-0005124,ST-TOR-002,Central,N,Credit,6,4,50.93
TXN-0005125,ST-TOR-002,Central,N,Credit,3,2,32.22
TXN-0005126,ST-TOR-002,Central,Y,Cash,5,3,36.65
TXN-0005127,ST-TOR-002,Central,N,Credit,3,2,20.65
TXN-0005128,ST-SCA-001,Central,Y,Credit,5,4,17.06
TXN-0005129,ST-SCA-001,Central,N,Debit,3,3,23.06
TXN-0005130,ST-SCA-001,Central,N,Debit,3,3,28.39
TXN-0005131,ST-SCA-001,Central,Y,Credit,4,3,58.93
TXN-0005132,ST-SCA-001,Central,Y,Credit,3,2,24.58
TXN-0005133,ST-SCA-001,Central,Y,Credit,6,3,34.25
TXN-0005134,ST-SCA-001,Central,Y,Debit,6,4,72.13
TXN-0005135,ST-SCA-001,Central,Y,Debit,2,2,13.79
TXN-0005136,ST-SCA-001,Central,N,Credit,13,6,153.20
TXN-0005137,ST-SCA-001,Central,N,Debit,4,4,38.71
TXN-0005138,ST-SCA-001,Central,Y,Credit,7,5,80.15
TXN-0005139,ST-SCA-001,Central,Y,Mobile,4,2,55.03
TXN-0005140,ST-MIS-001,Central,Y,Credit,3,2,31.90
TXN-0005141,ST-MIS-001,Central,N,Debit,3,2,40.72
TXN-0005142,ST-MIS-001,Central,Y,Credit,1,1,3.11
TXN-0005143,ST-MIS-001,Central,Y,Debit,5,2,33.21
TXN-0005144,ST-MIS-001,Central,N,Credit,10,4,108.20
TXN-0005145,ST-MIS-001,Central,N,Cash,6,4,24.33
TXN-0005146,ST-MIS-001,Central,N,Mobile,8,6,85.11
TXN-0005147,ST-MIS-001,Central,Y,Credit,6,3,58.57
TXN-0005148,ST-MIS-001,Central,Y,Debit,3,2,20.20
TXN-0005149,ST-MIS-001,Central,Y,Debit,1,1,2.58
TXN-0005150,ST-MIS-001,Central,Y,Cash,4,1,25.28
TXN-0005151,ST-MIS-001,Central,Y,Cash,2,2,16.31
TXN-0005152,ST-MIS-001,Central,Y,Debit,4,2,46.40
TXN-0005153,ST-MIS-001,Central,N,Credit,1,1,3.05
TXN-0005154,ST-MIS-001,Central,Y,Credit,3,2,49.21
TXN-0005155,ST-BRA-001,Central,Y,Credit,4,2,25.48
TXN-0005156,ST-BRA-001,Central,Y,Mobile,2,2,28.86
TXN-0005157,ST-BRA-001,Central,Y,Mobile,1,1,14.01
TXN-0005158,ST-BRA-001,Central,Y,Credit,4,4,26.65
TXN-0005159,ST-BRA-001,Central,Y,Credit,4,2,39.00
TXN-0005160,ST-BRA-001,Central,Y,Credit,3,3,41.26
TXN-0005161,ST-BRA-001,Central,N,Credit,1,1,12.69
TXN-0005162,ST-BRA-001,Central,N,Debit,3,3,31.53
TXN-0005163,ST-BRA-001,Central,Y,Debit,1,1,11.80
TXN-0005164,ST-BRA-001,Central,Y,Cash,3,3,21.44
TXN-0005165,ST-BRA-001,Central,N,Cash,9,5,74.07
TXN-0005166,ST-BRA-001,Central,Y,Credit,5,2,51.05
TXN-0005167,ST-BRA-001,Central,Y,Debit,1,1,1.85
TXN-0005168,ST-HAM-001,Central,Y,Credit,2,1,21.28
TXN-0005169,ST-HAM-001,Central,Y,Credit,2,1,6.60
TXN-0005170,ST-HAM-001,Central,N,Debit,3,3,18.68
TXN-0005171,ST-HAM-001,Central,Y,Debit,5,3,64.15
TXN-0005172,ST-HAM-001,Central,Y,Credit,4,2,44.01
TXN-0005173,ST-HAM-001,Central,Y,Debit,2,2,16.00
TXN-0005174,ST-HAM-001,Central,Y,Credit,4,2,41.78
TXN-0005175,ST-HAM-001,Central,N,Credit,2,2,32.91
TXN-0005176,ST-KIT-001,Central,N,Credit,7,5,72.69
TXN-0005177,ST-KIT-001,Central,Y,Debit,9,6,63.38
TXN-0005178,ST-KIT-001,Central,Y,Cash,3,2,32.93
TXN-0005179,ST-KIT-001,Central,Y,Credit,3,2,21.61
TXN-0005180,ST-KIT-001,Central,Y,Debit,4,3,34.61
TXN-0005181,ST-KIT-001,Central,Y,Credit,7,3,104.98
TXN-0005182,ST-KIT-001,Central,N,Debit,5,5,53.95
TXN-0005183,ST-KIT-001,Central,Y,Credit,2,2,10.59
TXN-0005184,ST-KIT-001,Central,Y,Cash,6,4,43.21
TXN-0005185,ST-KIT-001,Central,Y,Debit,1,1,2.24
TXN-0005186,ST-KIT-001,Central,Y,Debit,3,2,24.61
TXN-0005187,ST-KIT-001,Central,Y,Debit,11,5,80.77
TXN-0005188,ST-KIT-001,Central,Y,Credit,2,2,12.39
TXN-0005189,ST-LON-001,Central,Y,Debit,2,2,20.95
TXN-0005190,ST-LON-001,Central,Y,Debit,6,6,69.16
TXN-0005191,ST-LON-001,Central,Y,Debit,4,3,52.66
TXN-0005192,ST-LON-001,Central,N,Debit,2,2,15.58
TXN-0005193,ST-LON-001,Central,N,Credit,2,2,9.62
TXN-0005194,ST-LON-001,Central,N,Credit,7,4,75.44
TXN-0005195,ST-LON-001,Central,Y,Credit,2,2,27.49
TXN-0005196,ST-LON-001,Central,Y,Debit,4,2,45.80
TXN-0005197,ST-OTT-001,Eastern,Y,Debit,5,4,39.77
TXN-0005198,ST-OTT-001,Eastern,Y,Credit,5,3,25.09
TXN-0005199,ST-OTT-001,Eastern,N,Credit,2,2,12.69
TXN-0005200,ST-OTT-001,Eastern,N,Debit,3,3,36.50
TXN-0005201,ST-OTT-001,Eastern,Y,Credit,6,4,36.92
TXN-0005202,ST-OTT-001,Eastern,Y,Debit,2,1,4.34
TXN-0005203,ST-OTT-001,Eastern,N,Credit,4,3,28.70
TXN-0005204,ST-OTT-001,Eastern,N,Credit,7,6,41.58
TXN-0005205,ST-OTT-001,Eastern,N,Cash,12,6,75.64
TXN-0005206,ST-OTT-001,Eastern,Y,Credit,2,2,19.52
TXN-0005207,ST-OTT-001,Eastern,Y,Credit,8,4,60.42
TXN-0005208,ST-OTT-002,Eastern,Y,Debit,6,3,34.36
TXN-0005209,ST-OTT-002,Eastern,Y,Credit,6,5,54.28
TXN-0005210,ST-OTT-002,Eastern,Y,Credit,7,5,70.06
TXN-0005211,ST-OTT-002,Eastern,Y,Credit,4,2,48.08
TXN-0005212,ST-OTT-002,Eastern,Y,Credit,5,4,31.09
TXN-0005213,ST-OTT-002,Eastern,Y,Mobile,12,7,93.40
TXN-0005214,ST-OTT-002,Eastern,Y,Debit,5,3,72.47
TXN-0005215,ST-OTT-002,Eastern,N,Credit,2,2,4.72
TXN-0005216,ST-OTT-002,Eastern,Y,Credit,5,2,58.68
TXN-0005217,ST-OTT-002,Eastern,Y,Debit,5,2,44.76
TXN-0005218,ST-OTT-002,Eastern,N,Credit,3,2,8.24
TXN-0005219,ST-OTT-002,Eastern,Y,Debit,1,1,17.61
TXN-0005220,ST-CAL-001,Western,Y,Cash,7,4,89.60
TXN-0005221,ST-CAL-001,Western,N,Credit,5,2,31.38
TXN-0005222,ST-CAL-001,Western,Y,Credit,2,2,5.52
TXN-0005223,ST-CAL-001,Western,N,Debit,8,3,75.77
TXN-0005224,ST-CAL-001,Western,Y,Credit,7,4,74.41
TXN-0005225,ST-CAL-001,Western,Y,Debit,1,1,7.17
TXN-0005226,ST-CAL-001,Western,N,Debit,4,2,34.16
TXN-0005227,ST-CAL-001,Western,Y,Credit,3,2,6.79
TXN-0005228,ST-CAL-001,Western,N,Debit,9,4,80.09
TXN-0005229,ST-CAL-001,Western,N,Credit,6,4,23.09
TXN-0005230,ST-CAL-001,Western,N,Mobile,6,4,49.11
TXN-0005231,ST-CAL-001,Western,Y,Debit,6,4,43.48
TXN-0005232,ST-CAL-001,Western,N,Debit,3,2,27.88
TXN-0005233,ST-CAL-001,Western,N,Debit,9,5,76.82
TXN-0005234,ST-EDM-001,Western,Y,Credit,5,3,42.49
TXN-0005235,ST-EDM-001,Western,Y,Credit,6,4,71.43
TXN-0005236,ST-EDM-001,Western,N,Cash,6,4,72.61
TXN-0005237,ST-EDM-001,Western,Y,Credit,3,2,9.05
TXN-0005238,ST-EDM-001,Western,N,Debit,4,4,27.38
TXN-0005239,ST-EDM-001,Western,N,Credit,2,2,11.77
TXN-0005240,ST-EDM-001,Western,Y,Mobile,5,4,66.89
TXN-0005241,ST-EDM-001,Western,Y,Credit,4,3,36.53
TXN-0005242,ST-EDM-001,Western,Y,Debit,6,3,70.22
TXN-0005243,ST-EDM-001,Western,N,Credit,3,2,22.26
TXN-0005244,ST-EDM-001,Western,N,Debit,5,2,68.54
TXN-0005245,ST-EDM-001,Western,Y,Credit,4,3,44.10
TXN-0005246,ST-TOR-001,Central,Y,Debit,1,1,3.20
TXN-0005247,ST-TOR-001,Central,Y,Debit,3,1,6.84
TXN-0005248,ST-TOR-001,Central,Y,Debit,3,3,18.40
TXN-0005249,ST-TOR-001,Central,Y,Mobile,5,3,58.49
TXN-0005250,ST-TOR-001,Central,Y,Mobile,2,2,10.89
TXN-0005251,ST-TOR-001,Central,N,Credit,2,2,22.08
TXN-0005252,ST-TOR-001,Central,Y,Cash,5,4,19.80
TXN-0005253,ST-TOR-001,Central,Y,Cash,4,3,36.03
TXN-0005254,ST-TOR-001,Central,Y,Mobile,4,3,39.94
TXN-0005255,ST-TOR-001,Central,Y,Debit,2,1,30.26
TXN-0005256,ST-TOR-001,Central,N,Debit,2,1,29.92
TXN-0005257,ST-TOR-001,Central,N,Debit,4,3,32.25
TXN-0005258,ST-TOR-001,Central,Y,Mobile,4,2,21.30
TXN-0005259,ST-TOR-001,Central,Y,Credit,5,3,30.13
TXN-0005260,ST-TOR-001,Central,Y,Credit,3,3,14.48
TXN-0005261,ST-TOR-002,Central,Y,Credit,8,5,80.61
TXN-0005262,ST-TOR-002,Central,Y,Credit,6,4,66.32
TXN-0005263,ST-TOR-002,Central,N,Credit,6,5,49.74
TXN-0005264,ST-TOR-002,Central,N,Cash,6,3,32.66
TXN-0005265,ST-TOR-002,Central,Y,Cash,4,3,29.27
TXN-0005266,ST-TOR-002,Central,N,Debit,5,5,37.80
TXN-0005267,ST-TOR-002,Central,N,Credit,3,2,37.45
TXN-0005268,ST-TOR-002,Central,N,Debit,3,2,27.94
TXN-0005269,ST-TOR-002,Central,Y,Cash,1,1,2.24
TXN-0005270,ST-TOR-002,Central,Y,Credit,3,2,21.51
TXN-0005271,ST-TOR-002,Central,N,Debit,4,3,42.60
TXN-0005272,ST-TOR-002,Central,N,Cash,3,2,17.97
TXN-0005273,ST-SCA-001,Central,N,Debit,10,5,77.20
TXN-0005274,ST-SCA-001,Central,Y,Debit,8,3,100.93
TXN-0005275,ST-SCA-001,Central,Y,Debit,8,5,114.48
TXN-0005276,ST-SCA-001,Central,N,Credit,4,3,39.88
TXN-0005277,ST-SCA-001,Central,Y,Debit,2,2,18.59
TXN-0005278,ST-SCA-001,Central,Y,Credit,3,2,23.77
TXN-0005279,ST-SCA-001,Central,Y,Debit,6,4,78.60
TXN-0005280,ST-SCA-001,Central,Y,Debit,10,4,112.85
TXN-0005281,ST-SCA-001,Central,N,Credit,3,3,26.70
TXN-0005282,ST-SCA-001,Central,Y,Cash,5,4,51.34
TXN-0005283,ST-MIS-001,Central,Y,Mobile,8,3,86.64
TXN-0005284,ST-MIS-001,Central,Y,Credit,9,3,66.81
TXN-0005285,ST-MIS-001,Central,Y,Credit,3,2,43.28
TXN-0005286,ST-MIS-001,Central,Y,Credit,4,4,35.96
TXN-0005287,ST-MIS-001,Central,Y,Debit,1,1,8.59
TXN-0005288,ST-MIS-001,Central,Y,Mobile,1,1,13.03
TXN-0005289,ST-MIS-001,Central,N,Credit,2,2,21.22
TXN-0005290,ST-MIS-001,Central,Y,Debit,3,3,22.55
TXN-0005291,ST-MIS-001,Central,N,Debit,1,1,12.90
TXN-0005292,ST-MIS-001,Central,Y,Credit,3,3,22.85
TXN-0005293,ST-MIS-001,Central,N,Debit,2,2,22.18
TXN-0005294,ST-MIS-001,Central,Y,Credit,2,2,8.08
TXN-0005295,ST-MIS-001,Central,Y,Cash,5,4,34.40
TXN-0005296,ST-MIS-001,Central,Y,Debit,2,2,14.70
TXN-0005297,ST-MIS-001,Central,Y,Debit,4,2,24.70
TXN-0005298,ST-BRA-001,Central,N,Debit,5,2,28.82
TXN-0005299,ST-BRA-001,Central,Y,Credit,3,3,11.05
TXN-0005300,ST-BRA-001,Central,N,Debit,1,1,4.38
TXN-0005301,ST-BRA-001,Central,Y,Debit,3,3,27.69
TXN-0005302,ST-BRA-001,Central,N,Mobile,1,1,13.14
TXN-0005303,ST-BRA-001,Central,Y,Credit,2,2,9.36
TXN-0005304,ST-BRA-001,Central,Y,Credit,1,1,5.57
TXN-0005305,ST-BRA-001,Central,Y,Credit,2,1,23.06
TXN-0005306,ST-BRA-001,Central,Y,Debit,7,5,48.06
TXN-0005307,ST-BRA-001,Central,N,Cash,2,2,23.15
TXN-0005308,ST-HAM-001,Central,Y,Cash,2,2,22.40
TXN-0005309,ST-HAM-001,Central,Y,Credit,8,4,80.80
TXN-0005310,ST-HAM-001,Central,N,Debit,6,3,55.58
TXN-0005311,ST-HAM-001,Central,Y,Credit,7,5,82.60
TXN-0005312,ST-HAM-001,Central,Y,Mobile,8,5,27.58
TXN-0005313,ST-HAM-001,Central,N,Credit,13,6,79.51
TXN-0005314,ST-HAM-001,Central,Y,Mobile,4,3,26.36
TXN-0005315,ST-HAM-001,Central,Y,Credit,9,6,100.72
TXN-0005316,ST-HAM-001,Central,Y,Cash,5,3,37.30
TXN-0005317,ST-KIT-001,Central,Y,Debit,2,1,35.10
TXN-0005318,ST-KIT-001,Central,Y,Credit,6,5,66.40
TXN-0005319,ST-KIT-001,Central,Y,Cash,3,3,26.71
TXN-0005320,ST-KIT-001,Central,N,Credit,6,3,68.05
TXN-0005321,ST-KIT-001,Central,N,Debit,4,3,14.61
TXN-0005322,ST-KIT-001,Central,Y,Credit,2,2,19.28
TXN-0005323,ST-KIT-001,Central,Y,Credit,6,4,50.02
TXN-0005324,ST-KIT-001,Central,Y,Credit,1,1,17.72
TXN-0005325,ST-KIT-001,Central,Y,Credit,4,2,53.67
TXN-0005326,ST-KIT-001,Central,Y,Credit,2,2,29.91
TXN-0005327,ST-KIT-001,Central,Y,Credit,1,1,15.85
TXN-0005328,ST-KIT-001,Central,Y,Debit,5,3,39.98
TXN-0005329,ST-LON-001,Central,N,Debit,4,3,43.64
TXN-0005330,ST-LON-001,Central,Y,Credit,3,2,18.88
TXN-0005331,ST-LON-001,Central,N,Mobile,1,1,13.35
TXN-0005332,ST-LON-001,Central,Y,Debit,1,1,6.07
TXN-0005333,ST-LON-001,Central,Y,Mobile,2,2,23.92
TXN-0005334,ST-LON-001,Central,Y,Credit,5,5,45.30
TXN-0005335,ST-LON-001,Central,N,Credit,4,3,31.28
TXN-0005336,ST-LON-001,Central,N,Credit,5,3,22.92
TXN-0005337,ST-LON-001,Central,Y,Credit,1,1,13.72
TXN-0005338,ST-LON-001,Central,Y,Debit,12,5,96.19
TXN-0005339,ST-LON-001,Central,Y,Credit,7,4,54.80
TXN-0005340,ST-OTT-001,Eastern,N,Cash,6,3,53.30
TXN-0005341,ST-OTT-001,Eastern,Y,Credit,1,1,8.74
TXN-0005342,ST-OTT-001,Eastern,N,Credit,4,3,54.52
TXN-0005343,ST-OTT-001,Eastern,Y,Debit,6,3,50.65
TXN-0005344,ST-OTT-001,Eastern,Y,Credit,6,3,45.89
TXN-0005345,ST-OTT-001,Eastern,Y,Credit,3,2,19.46
TXN-0005346,ST-OTT-001,Eastern,Y,Debit,2,1,3.82
TXN-0005347,ST-OTT-001,Eastern,Y,Credit,10,6,86.59
TXN-0005348,ST-OTT-001,Eastern,Y,Debit,4,2,18.54
TXN-0005349,ST-OTT-001,Eastern,Y,Mobile,4,2,42.58
TXN-0005350,ST-OTT-001,Eastern,Y,Debit,3,2,11.65
TXN-0005351,ST-OTT-001,Eastern,N,Cash,7,4,62.43
TXN-0005352,ST-OTT-001,Eastern,N,Credit,6,4,61.58
TXN-0005353,ST-OTT-002,Eastern,Y,Credit,3,2,37.71
TXN-0005354,ST-OTT-002,Eastern,Y,Credit,2,2,17.69
TXN-0005355,ST-OTT-002,Eastern,Y,Cash,4,3,52.38
TXN-0005356,ST-OTT-002,Eastern,N,Mobile,2,2,8.06
TXN-0005357,ST-OTT-002,Eastern,Y,Cash,5,2,59.56
TXN-0005358,ST-OTT-002,Eastern,Y,Credit,4,2,40.62
TXN-0005359,ST-OTT-002,Eastern,N,Credit,5,4,76.15
TXN-0005360,ST-OTT-002,Eastern,Y,Debit,7,5,69.40
TXN-0005361,ST-OTT-002,Eastern,N,Debit,2,2,22.42
TXN-0005362,ST-OTT-002,Eastern,Y,Debit,6,5,34.02
TXN-0005363,ST-OTT-002,Eastern,N,Credit,3,2,37.40
TXN-0005364,ST-OTT-002,Eastern,N,Mobile,4,3,49.60
TXN-0005365,ST-CAL-001,Western,N,Credit,7,4,67.63
TXN-0005366,ST-CAL-001,Western,Y,Debit,3,3,26.23
TXN-0005367,ST-CAL-001,Western,Y,Credit,4,4,46.24
TXN-0005368,ST-CAL-001,Western,Y,Debit,2,1,30.26
TXN-0005369,ST-CAL-001,Western,N,Credit,2,2,13.77
TXN-0005370,ST-CAL-001,Western,N,Credit,2,1,35.46
TXN-0005371,ST-CAL-001,Western,Y,Credit,2,2,22.58
TXN-0005372,ST-CAL-001,Western,Y,Debit,9,5,108.39
TXN-0005373,ST-CAL-001,Western,Y,Debit,5,3,44.70
TXN-0005374,ST-CAL-001,Western,N,Credit,3,2,34.83
TXN-0005375,ST-EDM-001,Western,Y,Credit,1,1,7.16
TXN-0005376,ST-EDM-001,Western,N,Debit,5,4,66.24
TXN-0005377,ST-EDM-001,Western,Y,Credit,3,1,5.67
TXN-0005378,ST-EDM-001,Western,Y,Cash,1,1,3.25
TXN-0005379,ST-EDM-001,Western,Y,Credit,7,3,65.55
TXN-0005380,ST-EDM-001,Western,Y,Credit,9,5,69.15
TXN-0005381,ST-EDM-001,Western,Y,Cash,1,1,11.03
TXN-0005382,ST-EDM-001,Western,Y,Credit,5,4,37.10
TXN-0005383,ST-EDM-001,Western,Y,Debit,2,1,26.66
TXN-0005384,ST-EDM-001,Western,Y,Credit,6,3,79.56
TXN-0005385,ST-EDM-001,Western,N,Debit,9,6,84.94
TXN-0005386,ST-EDM-001,Western,N,Credit,2,1,23.36
TXN-0005387,ST-EDM-001,Western,N,Credit,5,4,34.09
TXN-0005388,ST-EDM-001,Western,Y,Credit,3,3,14.08
TXN-0005389,ST-EDM-001,Western,Y,Debit,4,3,42.40
TXN-0005390,ST-EDM-001,Western,Y,Credit,3,3,17.85
TXN-0005391,ST-TOR-001,Central,N,Debit,5,4,56.74
TXN-0005392,ST-TOR-001,Central,Y,Credit,4,2,37.74
TXN-0005393,ST-TOR-001,Central,Y,Debit,5,2,63.09
TXN-0005394,ST-TOR-001,Central,Y,Credit,7,5,47.43
TXN-0005395,ST-TOR-001,Central,Y,Credit,7,4,99.15
TXN-0005396,ST-TOR-001,Central,Y,Credit,7,6,65.49
TXN-0005397,ST-TOR-001,Central,N,Credit,2,2,24.05
TXN-0005398,ST-TOR-001,Central,Y,Debit,5,3,41.94
TXN-0005399,ST-TOR-001,Central,N,Credit,3,2,19.72
TXN-0005400,ST-TOR-001,Central,Y,Debit,4,2,47.10
TXN-0005401,ST-TOR-001,Central,N,Cash,5,3,31.11
TXN-0005402,ST-TOR-001,Central,Y,Debit,5,3,75.34
TXN-0005403,ST-TOR-001,Central,Y,Debit,4,2,55.03
TXN-0005404,ST-TOR-001,Central,Y,Debit,7,4,62.05
TXN-0005405,ST-TOR-001,Central,N,Credit,4,2,40.82
TXN-0005406,ST-TOR-001,Central,Y,Debit,5,4,58.87
TXN-0005407,ST-TOR-001,Central,Y,Debit,5,2,68.39
TXN-0005408,ST-TOR-001,Central,Y,Cash,4,4,61.27
TXN-0005409,ST-TOR-001,Central,Y,Credit,3,3,25.70
TXN-0005410,ST-TOR-002,Central,N,Cash,7,5,60.43
TXN-0005411,ST-TOR-002,Central,N,Credit,6,3,60.53
TXN-0005412,ST-TOR-002,Central,Y,Credit,1,1,12.64
TXN-0005413,ST-TOR-002,Central,Y,Credit,6,5,59.25
TXN-0005414,ST-TOR-002,Central,Y,Credit,6,4,58.89
TXN-0005415,ST-TOR-002,Central,Y,Credit,5,4,35.25
TXN-0005416,ST-TOR-002,Central,N,Credit,2,1,8.51
TXN-0005417,ST-TOR-002,Central,N,Debit,3,3,40.22
TXN-0005418,ST-TOR-002,Central,Y,Debit,3,2,34.36
TXN-0005419,ST-TOR-002,Central,Y,Debit,1,1,12.43
TXN-0005420,ST-SCA-001,Central,Y,Debit,2,2,17.18
TXN-0005421,ST-SCA-001,Central,N,Debit,3,3,18.21
TXN-0005422,ST-SCA-001,Central,Y,Debit,1,1,16.22
TXN-0005423,ST-SCA-001,Central,Y,Credit,5,2,78.31
TXN-0005424,ST-SCA-001,Central,Y,Credit,6,4,62.24
TXN-0005425,ST-SCA-001,Central,Y,Debit,10,5,95.27
TXN-0005426,ST-SCA-001,Central,N,Debit,5,2,63.07
TXN-0005427,ST-SCA-001,Central,Y,Debit,5,3,26.51
TXN-0005428,ST-SCA-001,Central,Y,Credit,4,3,20.25
TXN-0005429,ST-MIS-001,Central,Y,Debit,1,1,12.50
TXN-0005430,ST-MIS-001,Central,Y,Credit,4,2,12.89
TXN-0005431,ST-MIS-001,Central,Y,Credit,3,3,34.54
TXN-0005432,ST-MIS-001,Central,Y,Credit,6,4,85.57
TXN-0005433,ST-MIS-001,Central,Y,Credit,3,2,11.53
TXN-0005434,ST-MIS-001,Central,Y,Credit,4,3,34.67
TXN-0005435,ST-MIS-001,Central,Y,Credit,2,2,8.71
TXN-0005436,ST-MIS-001,Central,N,Cash,6,3,47.71
TXN-0005437,ST-MIS-001,Central,Y,Credit,8,6,54.80
TXN-0005438,ST-MIS-001,Central,N,Cash,8,5,46.29
TXN-0005439,ST-MIS-001,Central,N,Credit,6,4,64.36
TXN-0005440,ST-MIS-001,Central,Y,Credit,4,3,29.77
TXN-0005441,ST-MIS-001,Central,N,Debit,1,1,7.97
TXN-0005442,ST-BRA-001,Central,N,Debit,3,1,47.22
TXN-0005443,ST-BRA-001,Central,N,Debit,7,4,83.09
TXN-0005444,ST-BRA-001,Central,Y,Cash,3,3,30.85
TXN-0005445,ST-BRA-001,Central,Y,Debit,3,2,29.36
TXN-0005446,ST-BRA-001,Central,N,Credit,3,2,21.35
TXN-0005447,ST-BRA-001,Central,N,Credit,2,2,26.42
TXN-0005448,ST-BRA-001,Central,Y,Debit,7,3,83.52
TXN-0005449,ST-BRA-001,Central,N,Credit,2,1,8.78
TXN-0005450,ST-BRA-001,Central,N,Credit,3,2,38.40
TXN-0005451,ST-BRA-001,Central,Y,Credit,6,4,37.53
TXN-0005452,ST-BRA-001,Central,Y,Debit,4,2,21.61
TXN-0005453,ST-HAM-001,Central,N,Credit,3,2,19.13
TXN-0005454,ST-HAM-001,Central,Y,Debit,5,4,66.33
TXN-0005455,ST-HAM-001,Central,Y,Mobile,2,1,35.68
TXN-0005456,ST-HAM-001,Central,N,Credit,4,4,40.85
TXN-0005457,ST-HAM-001,Central,N,Credit,2,2,21.79
TXN-0005458,ST-KIT-001,Central,Y,Credit,6,3,31.66
TXN-0005459,ST-KIT-001,Central,Y,Debit,7,4,38.24
TXN-0005460,ST-KIT-001,Central,N,Credit,8,4,72.95
TXN-0005461,ST-KIT-001,Central,N,Credit,9,5,79.46
TXN-0005462,ST-KIT-001,Central,Y,Credit,6,5,41.41
TXN-0005463,ST-KIT-001,Central,Y,Credit,4,3,50.50
TXN-0005464,ST-KIT-001,Central,Y,Cash,6,3,60.48
TXN-0005465,ST-KIT-001,Central,N,Credit,6,5,85.37
TXN-0005466,ST-KIT-001,Central,Y,Credit,3,2,9.83
TXN-0005467,ST-LON-001,Central,Y,Cash,6,3,57.52
TXN-0005468,ST-LON-001,Central,Y,Cash,8,5,107.14
TXN-0005469,ST-LON-001,Central,N,Debit,2,1,25.60
TXN-0005470,ST-LON-001,Central,Y,Credit,11,5,89.02
TXN-0005471,ST-LON-001,Central,Y,Credit,3,2,41.24
TXN-0005472,ST-LON-001,Central,N,Debit,4,2,28.10
TXN-0005473,ST-LON-001,Central,N,Credit,5,2,19.27
TXN-0005474,ST-LON-001,Central,Y,Mobile,2,1,29.10
TXN-0005475,ST-OTT-001,Eastern,Y,Debit,3,2,17.14
TXN-0005476,ST-OTT-001,Eastern,Y,Credit,1,1,5.40
TXN-0005477,ST-OTT-001,Eastern,Y,Credit,7,4,108.15
TXN-0005478,ST-OTT-001,Eastern,N,Cash,8,3,55.78
TXN-0005479,ST-OTT-001,Eastern,N,Debit,6,5,66.78
TXN-0005480,ST-OTT-001,Eastern,Y,Credit,3,3,21.25
TXN-0005481,ST-OTT-001,Eastern,Y,Debit,6,2,86.10
TXN-0005482,ST-OTT-001,Eastern,N,Credit,3,2,42.60
TXN-0005483,ST-OTT-001,Eastern,Y,Debit,2,1,24.98
TXN-0005484,ST-OTT-001,Eastern,N,Credit,1,1,5.41
TXN-0005485,ST-OTT-001,Eastern,Y,Debit,3,2,34.79
TXN-0005486,ST-OTT-001,Eastern,Y,Credit,2,2,21.42
TXN-0005487,ST-OTT-001,Eastern,Y,Debit,4,3,40.41
TXN-0005488,ST-OTT-001,Eastern,N,Debit,5,4,50.24
TXN-0005489,ST-OTT-002,Eastern,Y,Credit,6,3,51.84
TXN-0005490,ST-OTT-002,Eastern,Y,Credit,4,2,42.04
TXN-0005491,ST-OTT-002,Eastern,Y,Debit,3,3,34.44
TXN-0005492,ST-OTT-002,Eastern,Y,Mobile,7,4,70.09
TXN-0005493,ST-OTT-002,Eastern,N,Cash,2,2,10.40
TXN-0005494,ST-OTT-002,Eastern,N,Debit,5,2,16.66
TXN-0005495,ST-OTT-002,Eastern,Y,Credit,6,4,45.47
TXN-0005496,ST-OTT-002,Eastern,Y,Cash,5,3,69.17
TXN-0005497,ST-OTT-002,Eastern,N,Credit,2,2,18.89
TXN-0005498,ST-OTT-002,Eastern,N,Debit,11,6,86.80
TXN-0005499,ST-OTT-002,Eastern,N,Debit,4,3,30.77
TXN-0005500,ST-OTT-002,Eastern,Y,Credit,2,2,18.30
TXN-0005501,ST-CAL-001,Western,Y,Debit,8,2,59.00
TXN-0005502,ST-CAL-001,Western,Y,Cash,7,4,25.26
TXN-0005503,ST-CAL-001,Western,Y,Cash,8,5,85.68
TXN-0005504,ST-CAL-001,Western,N,Debit,2,2,16.57
TXN-0005505,ST-CAL-001,Western,Y,Cash,8,4,112.41
TXN-0005506,ST-CAL-001,Western,Y,Mobile,5,2,51.84
TXN-0005507,ST-CAL-001,Western,N,Cash,9,4,42.86
TXN-0005508,ST-CAL-001,Western,Y,Mobile,12,6,84.64
TXN-0005509,ST-CAL-001,Western,N,Credit,5,3,71.92
TXN-0005510,ST-CAL-001,Western,Y,Mobile,2,1,10.86
TXN-0005511,ST-EDM-001,Western,Y,Credit,4,2,38.46
TXN-0005512,ST-EDM-001,Western,Y,Credit,5,3,43.45
TXN-0005513,ST-EDM-001,Western,Y,Debit,6,5,49.25
TXN-0005514,ST-EDM-001,Western,Y,Credit,1,1,2.23
TXN-0005515,ST-EDM-001,Western,Y,Mobile,3,3,25.59
TXN-0005516,ST-EDM-001,Western,Y,Debit,9,5,96.18
TXN-0005517,ST-EDM-001,Western,Y,Cash,3,2,47.00
TXN-0005518,ST-TOR-001,Central,Y,Credit,3,1,12.75
TXN-0005519,ST-TOR-001,Central,Y,Debit,4,4,24.07
TXN-0005520,ST-TOR-001,Central,Y,Credit,2,1,4.34
TXN-0005521,ST-TOR-001,Central,N,Debit,11,7,128.98
TXN-0005522,ST-TOR-001,Central,Y,Debit,5,3,62.09
TXN-0005523,ST-TOR-001,Central,Y,Credit,4,4,29.14
TXN-0005524,ST-TOR-001,Central,N,Credit,2,2,21.68
TXN-0005525,ST-TOR-001,Central,Y,Credit,2,1,24.58
TXN-0005526,ST-TOR-001,Central,Y,Credit,3,2,19.33
TXN-0005527,ST-TOR-001,Central,Y,Debit,4,3,34.17
TXN-0005528,ST-TOR-001,Central,N,Credit,4,4,40.71
TXN-0005529,ST-TOR-001,Central,Y,Credit,1,1,4.41
TXN-0005530,ST-TOR-001,Central,Y,Cash,4,2,33.62
TXN-0005531,ST-TOR-001,Central,N,Credit,5,3,58.99
TXN-0005532,ST-TOR-001,Central,Y,Cash,3,2,43.27
TXN-0005533,ST-TOR-001,Central,N,Debit,5,3,23.77
TXN-0005534,ST-TOR-001,Central,Y,Mobile,3,2,29.50
TXN-0005535,ST-TOR-001,Central,Y,Mobile,3,3,35.36
TXN-0005536,ST-TOR-001,Central,Y,Debit,1,1,8.72
TXN-0005537,ST-TOR-001,Central,N,Credit,2,2,24.27
TXN-0005538,ST-TOR-001,Central,Y,Credit,4,2,33.61
TXN-0005539,ST-TOR-001,Central,Y,Debit,2,2,15.22
TXN-0005540,ST-TOR-001,Central,Y,Debit,3,2,24.17
TXN-0005541,ST-TOR-001,Central,Y,Cash,5,2,25.36
TXN-0005542,ST-TOR-001,Central,Y,Debit,1,1,10.06
TXN-0005543,ST-TOR-002,Central,Y,Cash,6,4,68.28
TXN-0005544,ST-TOR-002,Central,N,Debit,3,2,14.03
TXN-0005545,ST-TOR-002,Central,Y,Credit,5,3,57.65
TXN-0005546,ST-TOR-002,Central,Y,Debit,8,5,81.67
TXN-0005547,ST-TOR-002,Central,N,Credit,3,2,7.68
TXN-0005548,ST-TOR-002,Central,Y,Debit,4,4,33.74
TXN-0005549,ST-TOR-002,Central,N,Credit,8,5,70.82
TXN-0005550,ST-TOR-002,Central,Y,Cash,3,3,40.01
TXN-0005551,ST-TOR-002,Central,Y,Debit,3,3,26.17
TXN-0005552,ST-TOR-002,Central,Y,Debit,13,6,58.75
TXN-0005553,ST-TOR-002,Central,Y,Credit,7,2,43.18
TXN-0005554,ST-TOR-002,Central,Y,Credit,3,2,34.78
TXN-0005555,ST-TOR-002,Central,Y,Credit,2,2,30.51
TXN-0005556,ST-TOR-002,Central,Y,Credit,8,3,67.48
TXN-0005557,ST-TOR-002,Central,Y,Credit,3,2,12.46
TXN-0005558,ST-TOR-002,Central,N,Debit,3,2,17.57
TXN-0005559,ST-TOR-002,Central,Y,Credit,5,3,57.96
TXN-0005560,ST-TOR-002,Central,N,Credit,6,5,73.66
TXN-0005561,ST-TOR-002,Central,Y,Debit,7,5,54.00
TXN-0005562,ST-TOR-002,Central,Y,Debit,5,4,42.85
TXN-0005563,ST-TOR-002,Central,Y,Credit,2,2,27.16
TXN-0005564,ST-SCA-001,Central,N,Credit,8,3,74.04
TXN-0005565,ST-SCA-001,Central,Y,Cash,2,2,14.17
TXN-0005566,ST-SCA-001,Central,N,Debit,5,3,58.07
TXN-0005567,ST-SCA-001,Central,Y,Debit,4,2,55.26
TXN-0005568,ST-SCA-001,Central,N,Credit,4,4,59.95
TXN-0005569,ST-SCA-001,Central,Y,Credit,5,3,54.26
TXN-0005570,ST-SCA-001,Central,N,Credit,4,2,52.69
TXN-0005571,ST-SCA-001,Central,N,Debit,7,4,94.53
TXN-0005572,ST-SCA-001,Central,N,Debit,4,4,45.17
TXN-0005573,ST-SCA-001,Central,Y,Debit,8,4,51.03
TXN-0005574,ST-SCA-001,Central,N,Cash,4,3,53.96
TXN-0005575,ST-SCA-001,Central,Y,Credit,1,1,10.87
TXN-0005576,ST-SCA-001,Central,Y,Debit,5,2,19.17
TXN-0005577,ST-SCA-001,Central,N,Debit,3,3,26.99
TXN-0005578,ST-SCA-001,Central,N,Credit,6,3,22.12
TXN-0005579,ST-MIS-001,Central,Y,Credit,1,1,16.04
TXN-0005580,ST-MIS-001,Central,Y,Debit,3,2,34.52
TXN-0005581,ST-MIS-001,Central,Y,Cash,8,4,88.95
TXN-0005582,ST-MIS-001,Central,Y,Credit,2,2,10.83
TXN-0005583,ST-MIS-001,Central,Y,Credit,7,4,49.06
TXN-0005584,ST-MIS-001,Central,N,Cash,7,5,82.59
TXN-0005585,ST-MIS-001,Central,N,Debit,4,3,27.17
TXN-0005586,ST-MIS-001,Central,Y,Credit,5,5,25.22
TXN-0005587,ST-MIS-001,Central,Y,Debit,4,2,14.08
TXN-0005588,ST-MIS-001,Central,Y,Credit,4,3,45.51
TXN-0005589,ST-MIS-001,Central,Y,Credit,9,4,93.14
TXN-0005590,ST-MIS-001,Central,N,Cash,2,1,34.78
TXN-0005591,ST-MIS-001,Central,Y,Mobile,2,2,27.89
TXN-0005592,ST-MIS-001,Central,Y,Debit,4,4,42.46
TXN-0005593,ST-MIS-001,Central,N,Debit,3,2,38.59
TXN-0005594,ST-BRA-001,Central,Y,Debit,9,5,41.27
TXN-0005595,ST-BRA-001,Central,N,Cash,2,1,14.42
TXN-0005596,ST-BRA-001,Central,N,Debit,5,4,43.54
TXN-0005597,ST-BRA-001,Central,N,Credit,4,2,61.48
TXN-0005598,ST-BRA-001,Central,Y,Credit,6,4,31.94
TXN-0005599,ST-BRA-001,Central,Y,Debit,4,2,40.10
TXN-0005600,ST-BRA-001,Central,Y,Credit,4,2,54.19
TXN-0005601,ST-BRA-001,Central,N,Cash,4,3,48.25
TXN-0005602,ST-BRA-001,Central,Y,Credit,2,2,14.75
TXN-0005603,ST-BRA-001,Central,Y,Credit,8,5,51.34
TXN-0005604,ST-BRA-001,Central,Y,Credit,7,3,39.02
TXN-0005605,ST-BRA-001,Central,Y,Mobile,1,1,15.13
TXN-0005606,ST-BRA-001,Central,Y,Credit,6,3,79.52
TXN-0005607,ST-BRA-001,Central,Y,Debit,3,3,27.52
TXN-0005608,ST-BRA-001,Central,Y,Cash,5,2,18.55
TXN-0005609,ST-BRA-001,Central,Y,Debit,2,2,23.69
TXN-0005610,ST-BRA-001,Central,Y,Credit,5,3,29.84
TXN-0005611,ST-BRA-001,Central,Y,Debit,3,3,28.45
TXN-0005612,ST-BRA-001,Central,Y,Credit,1,1,18.07
TXN-0005613,ST-BRA-001,Central,Y,Credit,5,3,55.03
TXN-0005614,ST-HAM-001,Central,Y,Cash,4,3,21.29
TXN-0005615,ST-HAM-001,Central,Y,Debit,9,6,77.52
TXN-0005616,ST-HAM-001,Central,Y,Debit,4,3,26.09
TXN-0005617,ST-HAM-001,Central,Y,Credit,5,3,31.13
TXN-0005618,ST-HAM-001,Central,N,Mobile,7,5,66.86
TXN-0005619,ST-HAM-001,Central,Y,Credit,1,1,1.96
TXN-0005620,ST-HAM-001,Central,N,Debit,4,2,53.60
TXN-0005621,ST-HAM-001,Central,Y,Credit,5,3,60.22
TXN-0005622,ST-HAM-001,Central,N,Cash,4,3,43.27
TXN-0005623,ST-HAM-001,Central,Y,Credit,7,4,56.82
TXN-0005624,ST-HAM-001,Central,N,Credit,3,2,20.47
TXN-0005625,ST-HAM-001,Central,N,Debit,4,3,36.84
TXN-0005626,ST-HAM-001,Central,Y,Debit,4,3,38.23
TXN-0005627,ST-HAM-001,Central,N,Credit,2,2,22.97
TXN-0005628,ST-HAM-001,Central,N,Credit,9,6,77.03
TXN-0005629,ST-KIT-001,Central,Y,Debit,4,2,12.98
TXN-0005630,ST-KIT-001,Central,Y,Credit,2,2,29.33
TXN-0005631,ST-KIT-001,Central,N,Credit,3,2,35.29
TXN-0005632,ST-KIT-001,Central,Y,Debit,5,5,66.07
TXN-0005633,ST-KIT-001,Central,Y,Debit,8,6,78.03
TXN-0005634,ST-KIT-001,Central,N,Cash,9,4,50.07
TXN-0005635,ST-KIT-001,Central,Y,Debit,1,1,2.17
TXN-0005636,ST-KIT-001,Central,Y,Debit,6,5,35.16
TXN-0005637,ST-KIT-001,Central,N,Debit,5,3,69.30
TXN-0005638,ST-KIT-001,Central,N,Credit,6,4,67.28
TXN-0005639,ST-KIT-001,Central,N,Credit,4,3,25.74
TXN-0005640,ST-LON-001,Central,N,Credit,4,3,11.91
TXN-0005641,ST-LON-001,Central,N,Credit,4,3,31.27
TXN-0005642,ST-LON-001,Central,Y,Credit,2,2,17.50
TXN-0005643,ST-LON-001,Central,Y,Credit,3,2,13.03
TXN-0005644,ST-LON-001,Central,N,Debit,2,2,27.53
TXN-0005645,ST-LON-001,Central,N,Credit,4,3,52.24
TXN-0005646,ST-LON-001,Central,Y,Cash,2,2,16.57
TXN-0005647,ST-LON-001,Central,N,Debit,5,3,62.16
TXN-0005648,ST-LON-001,Central,N,Mobile,6,6,67.29
TXN-0005649,ST-LON-001,Central,Y,Cash,5,2,40.96
TXN-0005650,ST-LON-001,Central,Y,Mobile,2,2,16.27
TXN-0005651,ST-LON-001,Central,Y,Credit,4,3,32.66
TXN-0005652,ST-LON-001,Central,N,Credit,2,2,17.77
TXN-0005653,ST-LON-001,Central,Y,Credit,1,1,1.87
TXN-0005654,ST-LON-001,Central,Y,Credit,1,1,2.24
TXN-0005655,ST-OTT-001,Eastern,Y,Debit,8,5,36.43
TXN-0005656,ST-OTT-001,Eastern,Y,Credit,5,4,36.51
TXN-0005657,ST-OTT-001,Eastern,Y,Credit,7,4,84.33
TXN-0005658,ST-OTT-001,Eastern,Y,Debit,8,4,105.41
TXN-0005659,ST-OTT-001,Eastern,Y,Credit,5,4,41.14
TXN-0005660,ST-OTT-001,Eastern,Y,Debit,5,3,54.99
TXN-0005661,ST-OTT-001,Eastern,Y,Cash,1,1,8.76
TXN-0005662,ST-OTT-001,Eastern,Y,Debit,6,4,31.85
TXN-0005663,ST-OTT-001,Eastern,Y,Credit,3,2,26.07
TXN-0005664,ST-OTT-001,Eastern,Y,Cash,6,5,63.07
TXN-0005665,ST-OTT-001,Eastern,Y,Mobile,4,2,21.28
TXN-0005666,ST-OTT-001,Eastern,Y,Credit,7,4,73.94
TXN-0005667,ST-OTT-001,Eastern,Y,Cash,4,3,38.33
TXN-0005668,ST-OTT-001,Eastern,Y,Debit,7,4,85.62
TXN-0005669,ST-OTT-002,Eastern,Y,Credit,6,5,84.46
TXN-0005670,ST-OTT-002,Eastern,Y,Credit,9,3,99.12
TXN-0005671,ST-OTT-002,Eastern,Y,Debit,7,3,90.95
TXN-0005672,ST-OTT-002,Eastern,N,Credit,5,3,43.69
TXN-0005673,ST-OTT-002,Eastern,Y,Credit,10,7,111.13
TXN-0005674,ST-OTT-002,Eastern,N,Credit,2,2,12.64
TXN-0005675,ST-OTT-002,Eastern,Y,Mobile,3,2,38.64
TXN-0005676,ST-OTT-002,Eastern,Y,Debit,3,3,11.46
TXN-0005677,ST-OTT-002,Eastern,N,Credit,2,2,23.75
TXN-0005678,ST-OTT-002,Eastern,N,Debit,4,2,66.95
TXN-0005679,ST-OTT-002,Eastern,Y,Credit,5,2,68.41
TXN-0005680,ST-OTT-002,Eastern,Y,Credit,8,5,84.05
TXN-0005681,ST-OTT-002,Eastern,Y,Debit,8,5,63.47
TXN-0005682,ST-OTT-002,Eastern,N,Debit,6,3,69.49
TXN-0005683,ST-OTT-002,Eastern,N,Credit,5,4,53.69
TXN-0005684,ST-CAL-001,Western,N,Cash,4,2,63.53
TXN-0005685,ST-CAL-001,Western,N,Debit,4,2,66.94
TXN-0005686,ST-CAL-001,Western,N,Credit,7,5,75.76
TXN-0005687,ST-CAL-001,Western,Y,Credit,1,1,10.90
TXN-0005688,ST-CAL-001,Western,Y,Debit,3,2,50.22
TXN-0005689,ST-CAL-001,Western,Y,Credit,6,2,79.50
TXN-0005690,ST-CAL-001,Western,N,Credit,5,3,55.04
TXN-0005691,ST-CAL-001,Western,Y,Debit,1,1,4.28
TXN-0005692,ST-CAL-001,Western,Y,Mobile,5,3,37.11
TXN-0005693,ST-CAL-001,Western,Y,Cash,4,2,33.46
TXN-0005694,ST-CAL-001,Western,N,Credit,7,5,75.24
TXN-0005695,ST-CAL-001,Western,Y,Credit,1,1,3.25
TXN-0005696,ST-CAL-001,Western,Y,Debit,4,2,20.24
TXN-0005697,ST-CAL-001,Western,Y,Credit,4,3,25.83
TXN-0005698,ST-EDM-001,Western,Y,Credit,1,1,2.57
TXN-0005699,ST-EDM-001,Western,N,Cash,8,3,64.92
TXN-0005700,ST-EDM-001,Western,Y,Cash,3,1,31.14
TXN-0005701,ST-EDM-001,Western,Y,Cash,1,1,5.49
TXN-0005702,ST-EDM-001,Western,N,Credit,5,2,49.61
TXN-0005703,ST-EDM-001,Western,Y,Credit,5,2,23.15
TXN-0005704,ST-EDM-001,Western,N,Credit,7,6,64.46
TXN-0005705,ST-EDM-001,Western,Y,Credit,5,4,40.48
TXN-0005706,ST-EDM-001,Western,Y,Debit,4,4,16.12
TXN-0005707,ST-EDM-001,Western,Y,Credit,9,5,110.46
TXN-0005708,ST-EDM-001,Western,N,Cash,7,4,67.30
TXN-0005709,ST-EDM-001,Western,N,Credit,12,7,120.11
TXN-0005710,ST-EDM-001,Western,Y,Credit,1,1,3.13
TXN-0005711,ST-EDM-001,Western,Y,Debit,3,2,11.62
TXN-0005712,ST-TOR-001,Central,Y,Debit,5,3,46.51
TXN-0005713,ST-TOR-001,Central,Y,Debit,3,2,31.16
TXN-0005714,ST-TOR-001,Central,Y,Credit,1,1,11.68
TXN-0005715,ST-TOR-001,Central,Y,Debit,5,4,39.66
TXN-0005716,ST-TOR-001,Central,Y,Debit,5,4,36.42
TXN-0005717,ST-TOR-001,Central,Y,Debit,6,4,51.20
TXN-0005718,ST-TOR-001,Central,Y,Credit,2,1,22.46
TXN-0005719,ST-TOR-001,Central,Y,Debit,6,4,86.41
TXN-0005720,ST-TOR-001,Central,Y,Credit,2,1,23.46
TXN-0005721,ST-TOR-001,Central,N,Credit,3,2,24.00
TXN-0005722,ST-TOR-002,Central,Y,Credit,1,1,11.76
TXN-0005723,ST-TOR-002,Central,Y,Debit,1,1,12.35
TXN-0005724,ST-TOR-002,Central,Y,Credit,8,5,68.51
TXN-0005725,ST-TOR-002,Central,Y,Credit,2,2,25.26
TXN-0005726,ST-TOR-002,Central,Y,Debit,4,3,29.83
TXN-0005727,ST-TOR-002,Central,Y,Cash,10,7,111.15
TXN-0005728,ST-TOR-002,Central,Y,Debit,6,3,28.71
TXN-0005729,ST-TOR-002,Central,Y,Debit,7,4,41.71
TXN-0005730,ST-TOR-002,Central,Y,Debit,6,4,35.54
TXN-0005731,ST-TOR-002,Central,N,Credit,5,4,50.25
TXN-0005732,ST-TOR-002,Central,Y,Debit,4,2,26.53
TXN-0005733,ST-TOR-002,Central,Y,Cash,1,1,10.57
TXN-0005734,ST-TOR-002,Central,N,Credit,9,4,104.59
TXN-0005735,ST-TOR-002,Central,Y,Cash,5,2,68.55
TXN-0005736,ST-TOR-002,Central,Y,Credit,3,2,37.58
TXN-0005737,ST-SCA-001,Central,N,Credit,2,2,26.12
TXN-0005738,ST-SCA-001,Central,N,Credit,6,6,48.39
TXN-0005739,ST-SCA-001,Central,N,Credit,3,3,29.62
TXN-0005740,ST-SCA-001,Central,N,Cash,4,3,39.80
TXN-0005741,ST-SCA-001,Central,N,Credit,6,3,83.20
TXN-0005742,ST-SCA-001,Central,Y,Cash,9,7,84.12
TXN-0005743,ST-SCA-001,Central,Y,Credit,4,3,52.49
TXN-0005744,ST-SCA-001,Central,N,Mobile,1,1,13.75
TXN-0005745,ST-SCA-001,Central,Y,Cash,6,2,38.64
TXN-0005746,ST-SCA-001,Central,Y,Mobile,2,2,20.28
TXN-0005747,ST-SCA-001,Central,Y,Debit,2,1,6.32
TXN-0005748,ST-SCA-001,Central,Y,Credit,5,3,45.20
TXN-0005749,ST-SCA-001,Central,Y,Debit,3,3,21.28
TXN-0005750,ST-SCA-001,Central,N,Credit,6,3,15.56
TXN-0005751,ST-MIS-001,Central,N,Debit,2,2,11.61
TXN-0005752,ST-MIS-001,Central,Y,Debit,2,2,24.69
TXN-0005753,ST-MIS-001,Central,Y,Credit,5,3,67.66
TXN-0005754,ST-MIS-001,Central,Y,Cash,2,2,17.56
TXN-0005755,ST-MIS-001,Central,Y,Credit,3,3,24.06
TXN-0005756,ST-MIS-001,Central,N,Credit,2,2,13.76
TXN-0005757,ST-MIS-001,Central,Y,Credit,10,4,111.46
TXN-0005758,ST-MIS-001,Central,N,Cash,2,2,18.51
TXN-0005759,ST-MIS-001,Central,Y,Debit,11,5,107.51
TXN-0005760,ST-MIS-001,Central,N,Debit,4,2,16.08
TXN-0005761,ST-MIS-001,Central,Y,Debit,3,3,8.71
TXN-0005762,ST-MIS-001,Central,Y,Credit,9,4,64.08
TXN-0005763,ST-MIS-001,Central,Y,Cash,8,4,59.78
TXN-0005764,ST-MIS-001,Central,N,Debit,3,3,32.04
TXN-0005765,ST-BRA-001,Central,N,Credit,2,2,17.05
TXN-0005766,ST-BRA-001,Central,Y,Cash,10,5,63.09
TXN-0005767,ST-BRA-001,Central,N,Credit,4,3,29.74
TXN-0005768,ST-BRA-001,Central,N,Debit,4,3,59.70
TXN-0005769,ST-BRA-001,Central,Y,Debit,3,2,28.24
TXN-0005770,ST-BRA-001,Central,Y,Debit,5,4,60.42
TXN-0005771,ST-BRA-001,Central,Y,Credit,7,3,71.22
TXN-0005772,ST-BRA-001,Central,Y,Mobile,5,3,54.75
TXN-0005773,ST-BRA-001,Central,N,Credit,3,3,40.98
TXN-0005774,ST-HAM-001,Central,Y,Debit,7,4,70.76
TXN-0005775,ST-HAM-001,Central,Y,Credit,4,3,53.92
TXN-0005776,ST-HAM-001,Central,Y,Credit,7,4,97.55
TXN-0005777,ST-HAM-001,Central,Y,Debit,8,6,79.94
TXN-0005778,ST-HAM-001,Central,Y,Debit,4,2,16.69
TXN-0005779,ST-HAM-001,Central,Y,Debit,9,5,102.56
TXN-0005780,ST-HAM-001,Central,Y,Cash,7,4,76.36
TXN-0005781,ST-HAM-001,Central,Y,Debit,3,2,19.11
TXN-0005782,ST-HAM-001,Central,Y,Credit,2,1,29.72
TXN-0005783,ST-HAM-001,Central,Y,Credit,7,4,64.11
TXN-0005784,ST-HAM-001,Central,Y,Mobile,10,4,85.94
TXN-0005785,ST-HAM-001,Central,Y,Credit,3,3,20.61
TXN-0005786,ST-HAM-001,Central,Y,Credit,3,3,34.07
TXN-0005787,ST-KIT-001,Central,Y,Credit,8,4,72.33
TXN-0005788,ST-KIT-001,Central,Y,Debit,6,4,74.56
TXN-0005789,ST-KIT-001,Central,Y,Credit,1,1,5.51
TXN-0005790,ST-KIT-001,Central,Y,Debit,5,4,41.49
TXN-0005791,ST-KIT-001,Central,N,Debit,1,1,5.40
TXN-0005792,ST-KIT-001,Central,N,Debit,7,2,54.64
TXN-0005793,ST-KIT-001,Central,Y,Credit,8,5,89.60
TXN-0005794,ST-KIT-001,Central,Y,Credit,1,1,8.49
TXN-0005795,ST-KIT-001,Central,Y,Credit,4,3,15.52
TXN-0005796,ST-KIT-001,Central,Y,Cash,6,5,62.30
TXN-0005797,ST-LON-001,Central,Y,Credit,5,3,68.06
TXN-0005798,ST-LON-001,Central,N,Debit,3,2,18.56
TXN-0005799,ST-LON-001,Central,Y,Credit,1,1,16.90
TXN-0005800,ST-LON-001,Central,Y,Debit,5,3,60.12
TXN-0005801,ST-LON-001,Central,Y,Debit,5,4,53.39
TXN-0005802,ST-LON-001,Central,Y,Debit,4,2,21.98
TXN-0005803,ST-LON-001,Central,Y,Debit,2,2,8.67
TXN-0005804,ST-LON-001,Central,Y,Credit,6,4,51.39
TXN-0005805,ST-LON-001,Central,Y,Debit,7,5,56.68
TXN-0005806,ST-OTT-001,Eastern,Y,Debit,7,5,37.09
TXN-0005807,ST-OTT-001,Eastern,N,Debit,9,5,91.28
TXN-0005808,ST-OTT-001,Eastern,N,Debit,9,7,51.13
TXN-0005809,ST-OTT-001,Eastern,Y,Mobile,6,5,35.85
TXN-0005810,ST-OTT-001,Eastern,N,Debit,2,2,16.59
TXN-0005811,ST-OTT-001,Eastern,N,Credit,12,7,97.71
TXN-0005812,ST-OTT-001,Eastern,Y,Debit,2,2,18.22
TXN-0005813,ST-OTT-001,Eastern,Y,Credit,2,2,32.33
TXN-0005814,ST-OTT-001,Eastern,Y,Credit,11,5,105.41
TXN-0005815,ST-OTT-001,Eastern,Y,Credit,10,5,115.16
TXN-0005816,ST-OTT-001,Eastern,N,Debit,2,2,16.16
TXN-0005817,ST-OTT-001,Eastern,N,Debit,4,2,22.41
TXN-0005818,ST-OTT-001,Eastern,Y,Credit,5,4,36.14
TXN-0005819,ST-OTT-001,Eastern,Y,Debit,2,2,23.93
TXN-0005820,ST-OTT-001,Eastern,N,Debit,7,5,60.61
TXN-0005821,ST-OTT-001,Eastern,Y,Credit,2,2,15.69
TXN-0005822,ST-OTT-001,Eastern,N,Mobile,4,2,46.27
TXN-0005823,ST-OTT-001,Eastern,N,Credit,2,1,14.22
TXN-0005824,ST-OTT-001,Eastern,Y,Debit,4,4,24.16
TXN-0005825,ST-OTT-001,Eastern,Y,Credit,8,3,72.43
TXN-0005826,ST-OTT-001,Eastern,N,Credit,9,5,50.08
TXN-0005827,ST-OTT-002,Eastern,Y,Debit,5,4,25.77
TXN-0005828,ST-OTT-002,Eastern,Y,Cash,2,2,19.68
TXN-0005829,ST-OTT-002,Eastern,N,Credit,7,5,81.05
TXN-0005830,ST-OTT-002,Eastern,N,Debit,2,2,10.45
TXN-0005831,ST-OTT-002,Eastern,Y,Debit,4,4,33.67
TXN-0005832,ST-OTT-002,Eastern,N,Debit,6,4,35.65
TXN-0005833,ST-OTT-002,Eastern,Y,Debit,5,3,49.84
TXN-0005834,ST-OTT-002,Eastern,Y,Debit,6,4,50.86
TXN-0005835,ST-OTT-002,Eastern,Y,Credit,5,2,48.05
TXN-0005836,ST-OTT-002,Eastern,Y,Debit,12,5,97.01
TXN-0005837,ST-OTT-002,Eastern,Y,Credit,4,3,35.81
TXN-0005838,ST-OTT-002,Eastern,Y,Debit,2,2,8.57
TXN-0005839,ST-OTT-002,Eastern,N,Credit,6,4,54.87
TXN-0005840,ST-CAL-001,Western,Y,Credit,4,2,52.58
TXN-0005841,ST-CAL-001,Western,N,Credit,9,5,96.99
TXN-0005842,ST-CAL-001,Western,Y,Cash,5,2,55.28
TXN-0005843,ST-CAL-001,Western,Y,Cash,9,6,79.06
TXN-0005844,ST-CAL-001,Western,N,Debit,2,1,32.80
TXN-0005845,ST-CAL-001,Western,Y,Credit,2,1,32.42
TXN-0005846,ST-CAL-001,Western,N,Credit,5,3,59.48
TXN-0005847,ST-CAL-001,Western,Y,Cash,4,2,59.46
TXN-0005848,ST-CAL-001,Western,Y,Credit,3,3,34.01
TXN-0005849,ST-CAL-001,Western,N,Credit,5,3,57.43
TXN-0005850,ST-CAL-001,Western,Y,Debit,5,3,32.34
TXN-0005851,ST-CAL-001,Western,Y,Credit,4,3,35.91
TXN-0005852,ST-CAL-001,Western,Y,Debit,4,2,13.00
TXN-0005853,ST-CAL-001,Western,Y,Debit,3,3,31.92
TXN-0005854,ST-CAL-001,Western,Y,Credit,4,2,38.95
TXN-0005855,ST-CAL-001,Western,Y,Mobile,9,3,66.36
TXN-0005856,ST-CAL-001,Western,Y,Debit,5,3,56.52
TXN-0005857,ST-EDM-001,Western,Y,Debit,8,3,94.88
TXN-0005858,ST-EDM-001,Western,Y,Mobile,3,2,30.57
TXN-0005859,ST-EDM-001,Western,Y,Credit,2,2,17.19
TXN-0005860,ST-EDM-001,Western,Y,Credit,1,1,14.95
TXN-0005861,ST-EDM-001,Western,Y,Credit,6,3,54.84
TXN-0005862,ST-EDM-001,Western,N,Cash,3,2,47.46
TXN-0005863,ST-EDM-001,Western,N,Credit,4,3,28.11
TXN-0005864,ST-EDM-001,Western,N,Cash,5,3,27.73
TXN-0005865,ST-EDM-001,Western,N,Debit,2,2,22.88
TXN-0005866,ST-EDM-001,Western,N,Debit,3,3,28.58
TXN-0005867,ST-EDM-001,Western,Y,Debit,6,5,52.90
TXN-0005868,ST-EDM-001,Western,Y,Debit,3,2,20.86
TXN-0005869,ST-EDM-001,Western,Y,Debit,4,3,45.56
TXN-0005870,ST-EDM-001,Western,Y,Cash,4,3,34.14
TXN-0005871,ST-EDM-001,Western,Y,Credit,9,5,47.49
TXN-0005872,ST-EDM-001,Western,Y,Credit,4,4,38.93
TXN-0005873,ST-EDM-001,Western,Y,Credit,2,2,24.79
TXN-0005874,ST-EDM-001,Western,N,Credit,4,4,40.77
TXN-0005875,ST-EDM-001,Western,Y,Debit,4,3,31.42
TXN-0005876,ST-EDM-001,Western,Y,Credit,10,3,78.92
TXN-0005877,ST-EDM-001,Western,N,Credit,5,2,84.89
TXN-0005878,ST-EDM-001,Western,Y,Credit,4,3,41.87
TXN-0005879,ST-EDM-001,Western,N,Debit,2,2,12.15
TXN-0005880,ST-EDM-001,Western,Y,Debit,9,5,80.51
TXN-0005881,ST-TOR-001,Central,Y,Credit,3,3,19.92
TXN-0005882,ST-TOR-001,Central,Y,Mobile,1,1,17.72
TXN-0005883,ST-TOR-001,Central,Y,Cash,7,4,43.60
TXN-0005884,ST-TOR-001,Central,Y,Credit,5,2,27.89
TXN-0005885,ST-TOR-001,Central,Y,Credit,4,4,37.85
TXN-0005886,ST-TOR-001,Central,N,Credit,4,4,57.29
TXN-0005887,ST-TOR-001,Central,Y,Credit,3,3,40.53
TXN-0005888,ST-TOR-001,Central,Y,Debit,3,3,33.83
TXN-0005889,ST-TOR-001,Central,N,Credit,5,3,23.82
TXN-0005890,ST-TOR-002,Central,Y,Cash,6,3,40.78
TXN-0005891,ST-TOR-002,Central,Y,Cash,8,5,57.00
TXN-0005892,ST-TOR-002,Central,N,Debit,5,4,32.17
TXN-0005893,ST-TOR-002,Central,Y,Cash,4,1,21.56
TXN-0005894,ST-TOR-002,Central,Y,Mobile,4,3,12.84
TXN-0005895,ST-TOR-002,Central,Y,Credit,1,1,5.21
TXN-0005896,ST-TOR-002,Central,Y,Mobile,1,1,11.61
TXN-0005897,ST-TOR-002,Central,N,Debit,1,1,15.75
TXN-0005898,ST-TOR-002,Central,Y,Credit,5,5,55.78
TXN-0005899,ST-TOR-002,Central,Y,Credit,3,2,34.01
TXN-0005900,ST-TOR-002,Central,Y,Debit,7,4,49.93
TXN-0005901,ST-TOR-002,Central,N,Debit,8,4,124.71
TXN-0005902,ST-TOR-002,Central,N,Debit,3,3,15.92
TXN-0005903,ST-TOR-002,Central,Y,Cash,3,3,38.31
TXN-0005904,ST-SCA-001,Central,Y,Credit,4,4,45.54
TXN-0005905,ST-SCA-001,Central,N,Debit,6,3,44.78
TXN-0005906,ST-SCA-001,Central,Y,Credit,7,4,56.43
TXN-0005907,ST-SCA-001,Central,Y,Credit,1,1,5.26
TXN-0005908,ST-SCA-001,Central,Y,Credit,7,4,86.73
TXN-0005909,ST-SCA-001,Central,Y,Debit,2,1,4.56
TXN-0005910,ST-SCA-001,Central,N,Cash,8,7,72.30
TXN-0005911,ST-SCA-001,Central,Y,Debit,3,3,22.80
TXN-0005912,ST-SCA-001,Central,Y,Credit,5,3,61.90
TXN-0005913,ST-SCA-001,Central,N,Credit,2,2,22.85
TXN-0005914,ST-SCA-001,Central,N,Cash,6,3,35.44
TXN-0005915,ST-SCA-001,Central,N,Debit,7,4,37.93
TXN-0005916,ST-MIS-001,Central,Y,Credit,2,1,23.64
TXN-0005917,ST-MIS-001,Central,Y,Cash,4,2,45.64
TXN-0005918,ST-MIS-001,Central,Y,Credit,6,3,91.65
TXN-0005919,ST-MIS-001,Central,Y,Credit,5,3,33.35
TXN-0005920,ST-MIS-001,Central,Y,Cash,1,1,13.12
TXN-0005921,ST-MIS-001,Central,Y,Debit,3,3,39.80
TXN-0005922,ST-MIS-001,Central,N,Credit,6,5,63.14
TXN-0005923,ST-MIS-001,Central,N,Credit,3,2,36.50
TXN-0005924,ST-MIS-001,Central,Y,Mobile,7,4,87.25
TXN-0005925,ST-MIS-001,Central,Y,Debit,7,6,37.25
TXN-0005926,ST-MIS-001,Central,N,Cash,5,3,23.89
TXN-0005927,ST-MIS-001,Central,N,Debit,1,1,14.56
TXN-0005928,ST-MIS-001,Central,N,Credit,4,2,55.84
TXN-0005929,ST-MIS-001,Central,Y,Credit,9,4,86.93
TXN-0005930,ST-MIS-001,Central,Y,Credit,8,3,66.79
TXN-0005931,ST-MIS-001,Central,N,Debit,13,6,93.76
TXN-0005932,ST-BRA-001,Central,Y,Credit,2,1,24.58
TXN-0005933,ST-BRA-001,Central,Y,Debit,2,2,28.08
TXN-0005934,ST-BRA-001,Central,Y,Credit,4,4,58.20
TXN-0005935,ST-BRA-001,Central,Y,Credit,3,3,31.53
TXN-0005936,ST-BRA-001,Central,N,Debit,5,2,56.20
TXN-0005937,ST-BRA-001,Central,N,Credit,7,4,50.10
TXN-0005938,ST-BRA-001,Central,Y,Credit,1,1,4.39
TXN-0005939,ST-BRA-001,Central,Y,Debit,8,3,65.31
TXN-0005940,ST-BRA-001,Central,N,Debit,1,1,3.31
TXN-0005941,ST-BRA-001,Central,Y,Credit,2,1,30.50
TXN-0005942,ST-BRA-001,Central,Y,Credit,6,2,47.18
TXN-0005943,ST-BRA-001,Central,Y,Credit,1,1,7.75
TXN-0005944,ST-BRA-001,Central,N,Credit,4,3,43.01
TXN-0005945,ST-BRA-001,Central,Y,Credit,2,2,15.66
TXN-0005946,ST-BRA-001,Central,Y,Credit,7,4,84.01
TXN-0005947,ST-BRA-001,Central,Y,Cash,5,2,31.31
TXN-0005948,ST-HAM-001,Central,N,Credit,3,2,20.57
TXN-0005949,ST-HAM-001,Central,Y,Credit,1,1,15.13
TXN-0005950,ST-HAM-001,Central,N,Debit,5,3,48.16
TXN-0005951,ST-HAM-001,Central,N,Debit,3,3,27.03
TXN-0005952,ST-HAM-001,Central,Y,Debit,1,1,4.43
TXN-0005953,ST-HAM-001,Central,Y,Credit,2,2,27.62
TXN-0005954,ST-HAM-001,Central,N,Credit,1,1,4.26
TXN-0005955,ST-HAM-001,Central,Y,Debit,1,1,14.93
TXN-0005956,ST-HAM-001,Central,Y,Cash,4,3,42.53
TXN-0005957,ST-KIT-001,Central,N,Debit,3,3,33.68
TXN-0005958,ST-KIT-001,Central,Y,Cash,6,3,13.30
TXN-0005959,ST-KIT-001,Central,Y,Credit,4,2,60.00
TXN-0005960,ST-KIT-001,Central,Y,Credit,2,2,15.85
TXN-0005961,ST-KIT-001,Central,Y,Cash,3,2,28.83
TXN-0005962,ST-KIT-001,Central,Y,Debit,5,3,33.89
TXN-0005963,ST-KIT-001,Central,Y,Credit,1,1,11.89
TXN-0005964,ST-KIT-001,Central,N,Credit,4,3,66.06
TXN-0005965,ST-KIT-001,Central,Y,Debit,7,4,69.36
TXN-0005966,ST-KIT-001,Central,Y,Debit,5,3,43.87
TXN-0005967,ST-LON-001,Central,Y,Debit,1,1,3.14
TXN-0005968,ST-LON-001,Central,Y,Credit,9,6,70.50
TXN-0005969,ST-LON-001,Central,N,Debit,1,1,7.05
TXN-0005970,ST-LON-001,Central,N,Credit,7,4,71.99
TXN-0005971,ST-LON-001,Central,Y,Cash,6,3,60.27
TXN-0005972,ST-LON-001,Central,Y,Debit,1,1,3.29
TXN-0005973,ST-LON-001,Central,Y,Debit,15,6,87.96
TXN-0005974,ST-LON-001,Central,Y,Cash,10,4,51.30
TXN-0005975,ST-LON-001,Central,Y,Credit,3,2,35.34
TXN-0005976,ST-LON-001,Central,Y,Cash,3,3,22.83
TXN-0005977,ST-LON-001,Central,Y,Credit,7,4,90.89
TXN-0005978,ST-OTT-001,Eastern,Y,Credit,5,4,46.68
TXN-0005979,ST-OTT-001,Eastern,Y,Debit,4,3,24.11
TXN-0005980,ST-OTT-001,Eastern,Y,Mobile,3,2,12.36
TXN-0005981,ST-OTT-001,Eastern,N,Credit,4,3,30.79
TXN-0005982,ST-OTT-001,Eastern,Y,Credit,4,4,30.55
TXN-0005983,ST-OTT-001,Eastern,N,Credit,4,3,36.04
TXN-0005984,ST-OTT-001,Eastern,N,Credit,7,5,85.53
TXN-0005985,ST-OTT-001,Eastern,N,Credit,5,3,20.16
TXN-0005986,ST-OTT-001,Eastern,Y,Debit,4,3,32.76
TXN-0005987,ST-OTT-001,Eastern,Y,Debit,1,1,10.84
TXN-0005988,ST-OTT-001,Eastern,Y,Debit,4,3,32.28
TXN-0005989,ST-OTT-001,Eastern,Y,Credit,1,1,7.26
TXN-0005990,ST-OTT-001,Eastern,Y,Cash,8,4,40.84
TXN-0005991,ST-OTT-001,Eastern,Y,Credit,3,3,37.93
TXN-0005992,ST-OTT-002,Eastern,N,Debit,5,3,46.87
TXN-0005993,ST-OTT-002,Eastern,Y,Debit,4,4,21.81
TXN-0005994,ST-OTT-002,Eastern,N,Debit,7,3,96.38
TXN-0005995,ST-OTT-002,Eastern,N,Debit,2,2,32.00
TXN-0005996,ST-OTT-002,Eastern,Y,Debit,2,2,23.48
TXN-0005997,ST-OTT-002,Eastern,N,Credit,10,5,100.58
TXN-0005998,ST-OTT-002,Eastern,N,Debit,3,2,24.80
TXN-0005999,ST-OTT-002,Eastern,Y,Credit,5,3,39.48
TXN-0006000,ST-OTT-002,Eastern,Y,Mobile,9,5,51.66
TXN-0006001,ST-OTT-002,Eastern,Y,Cash,5,4,46.50
TXN-0006002,ST-OTT-002,Eastern,Y,Mobile,9,4,46.76
TXN-0006003,ST-OTT-002,Eastern,Y,Debit,3,2,21.80
TXN-0006004,ST-OTT-002,Eastern,Y,Credit,4,3,22.11
TXN-0006005,ST-OTT-002,Eastern,N,Cash,2,1,4.52
TXN-0006006,ST-OTT-002,Eastern,Y,Credit,3,3,35.88
TXN-0006007,ST-OTT-002,Eastern,Y,Debit,10,6,62.23
TXN-0006008,ST-OTT-002,Eastern,Y,Debit,4,2,52.57
TXN-0006009,ST-OTT-002,Eastern,N,Mobile,5,3,60.70
TXN-0006010,ST-CAL-001,Western,Y,Cash,6,5,53.58
TXN-0006011,ST-CAL-001,Western,Y,Cash,4,2,15.31
TXN-0006012,ST-CAL-001,Western,N,Debit,4,3,50.97
TXN-0006013,ST-CAL-001,Western,N,Credit,5,2,74.55
TXN-0006014,ST-CAL-001,Western,Y,Credit,5,3,21.54
TXN-0006015,ST-CAL-001,Western,Y,Cash,6,3,56.76
TXN-0006016,ST-CAL-001,Western,N,Debit,9,4,88.19
TXN-0006017,ST-CAL-001,Western,Y,Cash,2,1,30.34
TXN-0006018,ST-CAL-001,Western,N,Mobile,6,4,25.59
TXN-0006019,ST-CAL-001,Western,N,Credit,4,3,34.42
TXN-0006020,ST-CAL-001,Western,Y,Credit,9,5,84.93
TXN-0006021,ST-CAL-001,Western,Y,Credit,5,3,55.15
TXN-0006022,ST-CAL-001,Western,Y,Debit,7,4,68.72
TXN-0006023,ST-CAL-001,Western,Y,Debit,12,6,61.82
TXN-0006024,ST-CAL-001,Western,Y,Mobile,6,3,22.85
TXN-0006025,ST-CAL-001,Western,Y,Credit,12,6,87.34
TXN-0006026,ST-CAL-001,Western,N,Mobile,7,3,65.24
TXN-0006027,ST-CAL-001,Western,N,Cash,1,1,17.60
TXN-0006028,ST-CAL-001,Western,Y,Credit,6,3,61.54
TXN-0006029,ST-CAL-001,Western,Y,Credit,2,2,17.94
TXN-0006030,ST-CAL-001,Western,N,Debit,3,2,16.76
TXN-0006031,ST-CAL-001,Western,N,Mobile,4,2,62.40
TXN-0006032,ST-CAL-001,Western,N,Debit,8,3,80.80
TXN-0006033,ST-EDM-001,Western,Y,Mobile,2,2,17.66
TXN-0006034,ST-EDM-001,Western,N,Cash,4,2,35.74
TXN-0006035,ST-EDM-001,Western,N,Credit,3,2,39.61
TXN-0006036,ST-EDM-001,Western,Y,Debit,5,4,53.09
TXN-0006037,ST-EDM-001,Western,N,Mobile,9,6,68.01
TXN-0006038,ST-EDM-001,Western,N,Credit,2,1,27.28
TXN-0006039,ST-EDM-001,Western,N,Cash,5,4,42.08
TXN-0006040,ST-EDM-001,Western,Y,Credit,5,2,69.76
TXN-0006041,ST-EDM-001,Western,Y,Credit,6,6,39.47
TXN-0006042,ST-EDM-001,Western,Y,Debit,10,5,112.08
TXN-0006043,ST-EDM-001,Western,Y,Credit,3,3,38.13
TXN-0006044,ST-EDM-001,Western,Y,Debit,5,3,28.66
TXN-0006045,ST-TOR-001,Central,N,Cash,8,4,84.56
TXN-0006046,ST-TOR-001,Central,Y,Credit,4,3,44.75
TXN-0006047,ST-TOR-001,Central,Y,Debit,3,3,36.05
TXN-0006048,ST-TOR-001,Central,N,Debit,5,5,28.89
TXN-0006049,ST-TOR-001,Central,Y,Cash,3,3,31.22
TXN-0006050,ST-TOR-001,Central,Y,Cash,7,4,68.22
TXN-0006051,ST-TOR-001,Central,Y,Cash,2,1,12.14
TXN-0006052,ST-TOR-001,Central,N,Debit,3,2,40.98
TXN-0006053,ST-TOR-001,Central,Y,Debit,2,1,6.04
TXN-0006054,ST-TOR-001,Central,N,Debit,12,5,97.68
TXN-0006055,ST-TOR-001,Central,Y,Debit,4,3,42.72
TXN-0006056,ST-TOR-001,Central,Y,Debit,1,1,13.61
TXN-0006057,ST-TOR-001,Central,Y,Debit,3,3,20.44
TXN-0006058,ST-TOR-001,Central,Y,Credit,6,4,47.36
TXN-0006059,ST-TOR-001,Central,Y,Credit,5,3,48.73
TXN-0006060,ST-TOR-001,Central,Y,Debit,1,1,3.24
TXN-0006061,ST-TOR-002,Central,Y,Debit,3,2,14.38
TXN-0006062,ST-TOR-002,Central,N,Credit,9,4,106.03
TXN-0006063,ST-TOR-002,Central,Y,Credit,7,4,67.60
TXN-0006064,ST-TOR-002,Central,Y,Cash,2,2,24.88
TXN-0006065,ST-TOR-002,Central,Y,Credit,6,4,81.65
TXN-0006066,ST-TOR-002,Central,Y,Credit,5,3,47.66
TXN-0006067,ST-TOR-002,Central,N,Cash,7,5,108.31
TXN-0006068,ST-TOR-002,Central,N,Credit,6,3,75.25
TXN-0006069,ST-TOR-002,Central,Y,Cash,6,4,70.49
TXN-0006070,ST-TOR-002,Central,Y,Debit,5,3,33.81
TXN-0006071,ST-TOR-002,Central,Y,Mobile,5,2,68.74
TXN-0006072,ST-TOR-002,Central,Y,Credit,2,2,19.02
TXN-0006073,ST-TOR-002,Central,N,Debit,2,1,14.18
TXN-0006074,ST-TOR-002,Central,N,Mobile,4,3,45.84
TXN-0006075,ST-SCA-001,Central,Y,Debit,4,4,26.14
TXN-0006076,ST-SCA-001,Central,Y,Debit,3,2,49.14
TXN-0006077,ST-SCA-001,Central,Y,Credit,1,1,5.42
TXN-0006078,ST-SCA-001,Central,N,Debit,3,3,17.16
TXN-0006079,ST-SCA-001,Central,Y,Cash,8,5,92.27
TXN-0006080,ST-SCA-001,Central,Y,Credit,2,2,10.73
TXN-0006081,ST-SCA-001,Central,Y,Credit,4,4,30.91
TXN-0006082,ST-SCA-001,Central,Y,Credit,10,5,45.77
TXN-0006083,ST-MIS-001,Central,Y,Credit,3,2,28.07
TXN-0006084,ST-MIS-001,Central,N,Credit,4,3,38.13
TXN-0006085,ST-MIS-001,Central,Y,Credit,2,2,26.23
TXN-0006086,ST-MIS-001,Central,Y,Debit,5,4,50.44
TXN-0006087,ST-MIS-001,Central,N,Debit,4,2,41.44
TXN-0006088,ST-MIS-001,Central,Y,Debit,3,2,46.91
TXN-0006089,ST-MIS-001,Central,Y,Credit,2,2,18.16
TXN-0006090,ST-MIS-001,Central,Y,Cash,4,3,15.08
TXN-0006091,ST-MIS-001,Central,Y,Debit,3,3,25.21
TXN-0006092,ST-MIS-001,Central,Y,Debit,7,5,80.09
TXN-0006093,ST-MIS-001,Central,N,Credit,5,2,12.94
TXN-0006094,ST-MIS-001,Central,Y,Mobile,4,3,35.02
TXN-0006095,ST-BRA-001,Central,Y,Debit,5,3,57.09
TXN-0006096,ST-BRA-001,Central,N,Cash,5,4,63.63
TXN-0006097,ST-BRA-001,Central,N,Credit,5,2,29.32
TXN-0006098,ST-BRA-001,Central,Y,Credit,1,1,14.64
TXN-0006099,ST-BRA-001,Central,N,Cash,5,3,42.12
TXN-0006100,ST-BRA-001,Central,Y,Credit,3,2,40.35
TXN-0006101,ST-BRA-001,Central,Y,Credit,8,7,76.69
TXN-0006102,ST-BRA-001,Central,N,Credit,3,2,19.04
TXN-0006103,ST-BRA-001,Central,N,Debit,5,5,24.13
TXN-0006104,ST-BRA-001,Central,Y,Debit,5,3,54.58
TXN-0006105,ST-BRA-001,Central,N,Credit,3,3,34.61
TXN-0006106,ST-BRA-001,Central,Y,Credit,2,2,27.06
TXN-0006107,ST-BRA-001,Central,Y,Mobile,2,2,16.63
TXN-0006108,ST-BRA-001,Central,Y,Mobile,4,3,30.05
TXN-0006109,ST-BRA-001,Central,Y,Credit,2,2,16.39
TXN-0006110,ST-HAM-001,Central,N,Debit,2,2,25.91
TXN-0006111,ST-HAM-001,Central,Y,Debit,3,1,44.94
TXN-0006112,ST-HAM-001,Central,Y,Credit,6,3,25.43
TXN-0006113,ST-HAM-001,Central,Y,Cash,1,1,6.40
TXN-0006114,ST-HAM-001,Central,Y,Debit,5,5,37.38
TXN-0006115,ST-HAM-001,Central,Y,Credit,2,2,24.22
TXN-0006116,ST-HAM-001,Central,Y,Credit,8,6,89.90
TXN-0006117,ST-HAM-001,Central,N,Cash,4,4,34.58
TXN-0006118,ST-HAM-001,Central,Y,Credit,7,3,84.58
TXN-0006119,ST-HAM-001,Central,Y,Debit,3,2,14.52
TXN-0006120,ST-HAM-001,Central,Y,Debit,6,2,39.84
TXN-0006121,ST-HAM-001,Central,N,Debit,7,4,56.82
TXN-0006122,ST-HAM-001,Central,Y,Credit,2,2,25.82
TXN-0006123,ST-HAM-001,Central,Y,Credit,2,2,15.08
TXN-0006124,ST-KIT-001,Central,N,Debit,3,3,19.17
TXN-0006125,ST-KIT-001,Central,N,Debit,3,3,38.41
TXN-0006126,ST-KIT-001,Central,Y,Mobile,4,2,19.14
TXN-0006127,ST-KIT-001,Central,N,Debit,1,1,13.33
TXN-0006128,ST-KIT-001,Central,Y,Cash,10,5,88.01
TXN-0006129,ST-KIT-001,Central,Y,Credit,6,4,55.34
TXN-0006130,ST-KIT-001,Central,Y,Credit,3,2,30.27
TXN-0006131,ST-KIT-001,Central,N,Cash,2,2,13.98
TXN-0006132,ST-KIT-001,Central,N,Debit,4,3,38.27
TXN-0006133,ST-KIT-001,Central,Y,Mobile,1,1,13.10
TXN-0006134,ST-KIT-001,Central,N,Credit,4,4,31.28
TXN-0006135,ST-KIT-001,Central,Y,Credit,3,3,7.48
TXN-0006136,ST-KIT-001,Central,N,Mobile,8,5,35.99
TXN-0006137,ST-KIT-001,Central,Y,Mobile,4,3,44.18
TXN-0006138,ST-KIT-001,Central,Y,Mobile,6,4,53.29
TXN-0006139,ST-LON-001,Central,N,Mobile,4,3,52.49
TXN-0006140,ST-LON-001,Central,Y,Debit,3,2,16.44
TXN-0006141,ST-LON-001,Central,Y,Credit,3,2,17.81
TXN-0006142,ST-LON-001,Central,N,Credit,1,1,11.24
TXN-0006143,ST-LON-001,Central,Y,Debit,5,2,36.86
TXN-0006144,ST-LON-001,Central,Y,Cash,7,6,69.71
TXN-0006145,ST-LON-001,Central,N,Cash,3,3,40.94
TXN-0006146,ST-LON-001,Central,Y,Mobile,3,2,41.37
TXN-0006147,ST-LON-001,Central,Y,Cash,2,2,22.08
TXN-0006148,ST-OTT-001,Eastern,N,Debit,3,2,33.71
TXN-0006149,ST-OTT-001,Eastern,Y,Credit,5,4,55.80
TXN-0006150,ST-OTT-001,Eastern,Y,Debit,7,3,58.48
TXN-0006151,ST-OTT-001,Eastern,Y,Credit,2,2,30.47
TXN-0006152,ST-OTT-001,Eastern,Y,Debit,2,2,21.42
TXN-0006153,ST-OTT-001,Eastern,Y,Mobile,4,3,47.36
TXN-0006154,ST-OTT-001,Eastern,Y,Credit,3,2,35.44
TXN-0006155,ST-OTT-001,Eastern,Y,Mobile,8,4,87.77
TXN-0006156,ST-OTT-001,Eastern,Y,Credit,6,5,67.70
TXN-0006157,ST-OTT-001,Eastern,Y,Credit,6,4,66.66
TXN-0006158,ST-OTT-001,Eastern,Y,Cash,2,2,28.59
TXN-0006159,ST-OTT-001,Eastern,Y,Debit,13,7,80.06
TXN-0006160,ST-OTT-001,Eastern,Y,Credit,6,3,77.62
TXN-0006161,ST-OTT-001,Eastern,N,Debit,8,3,123.05
TXN-0006162,ST-OTT-001,Eastern,Y,Cash,2,2,19.87
TXN-0006163,ST-OTT-001,Eastern,Y,Credit,7,4,68.80
TXN-0006164,ST-OTT-001,Eastern,Y,Cash,4,2,37.12
TXN-0006165,ST-OTT-001,Eastern,Y,Credit,2,2,18.71
TXN-0006166,ST-OTT-001,Eastern,N,Mobile,5,4,62.86
TXN-0006167,ST-OTT-001,Eastern,Y,Debit,3,3,23.99
TXN-0006168,ST-OTT-002,Eastern,N,Credit,2,2,28.62
TXN-0006169,ST-OTT-002,Eastern,Y,Credit,6,3,74.68
TXN-0006170,ST-OTT-002,Eastern,Y,Mobile,4,3,49.70
TXN-0006171,ST-OTT-002,Eastern,N,Cash,5,5,48.29
TXN-0006172,ST-OTT-002,Eastern,N,Credit,7,4,55.61
TXN-0006173,ST-OTT-002,Eastern,Y,Credit,3,2,40.62
TXN-0006174,ST-OTT-002,Eastern,Y,Cash,3,2,17.08
TXN-0006175,ST-OTT-002,Eastern,Y,Credit,6,2,60.06
TXN-0006176,ST-OTT-002,Eastern,Y,Debit,4,3,26.86
TXN-0006177,ST-OTT-002,Eastern,N,Debit,2,2,7.45
TXN-0006178,ST-CAL-001,Western,Y,Debit,8,4,77.80
TXN-0006179,ST-CAL-001,Western,N,Credit,14,7,168.48
TXN-0006180,ST-CAL-001,Western,Y,Credit,8,5,72.00
TXN-0006181,ST-CAL-001,Western,Y,Debit,5,4,52.80
TXN-0006182,ST-CAL-001,Western,Y,Credit,7,2,30.27
TXN-0006183,ST-CAL-001,Western,N,Debit,3,2,17.46
TXN-0006184,ST-CAL-001,Western,N,Credit,13,7,162.82
TXN-0006185,ST-CAL-001,Western,N,Mobile,5,3,24.50
TXN-0006186,ST-CAL-001,Western,N,Mobile,3,1,41.64
TXN-0006187,ST-CAL-001,Western,Y,Debit,4,3,32.98
TXN-0006188,ST-CAL-001,Western,Y,Credit,7,4,71.70
TXN-0006189,ST-CAL-001,Western,Y,Credit,2,2,20.14
TXN-0006190,ST-CAL-001,Western,N,Debit,6,4,55.95
TXN-0006191,ST-CAL-001,Western,N,Debit,3,2,14.45
TXN-0006192,ST-CAL-001,Western,Y,Mobile,4,2,42.60
TXN-0006193,ST-CAL-001,Western,N,Debit,5,2,50.64
TXN-0006194,ST-CAL-001,Western,Y,Debit,6,3,73.06
TXN-0006195,ST-EDM-001,Western,N,Debit,2,2,6.26
TXN-0006196,ST-EDM-001,Western,N,Debit,3,3,8.71
TXN-0006197,ST-EDM-001,Western,N,Credit,2,2,18.75
TXN-0006198,ST-EDM-001,Western,N,Credit,7,5,37.88
TXN-0006199,ST-EDM-001,Western,Y,Credit,1,1,12.69
TXN-0006200,ST-EDM-001,Western,N,Cash,4,2,45.06
TXN-0006201,ST-EDM-001,Western,N,Debit,5,2,74.36
TXN-0006202,ST-EDM-001,Western,Y,Credit,5,2,53.89
TXN-0006203,ST-EDM-001,Western,Y,Mobile,4,3,27.79
TXN-0006204,ST-EDM-001,Western,N,Credit,2,2,22.95
TXN-0006205,ST-EDM-001,Western,Y,Credit,5,5,24.87
TXN-0006206,ST-EDM-001,Western,Y,Debit,4,3,45.11
TXN-0006207,ST-EDM-001,Western,Y,Mobile,7,2,73.47
TXN-0006208,ST-EDM-001,Western,N,Credit,7,5,82.29
TXN-0006209,ST-TOR-001,Central,Y,Debit,8,6,39.20
TXN-0006210,ST-TOR-001,Central,Y,Cash,2,2,11.68
TXN-0006211,ST-TOR-001,Central,N,Credit,5,4,38.17
TXN-0006212,ST-TOR-001,Central,N,Credit,5,4,41.71
TXN-0006213,ST-TOR-001,Central,N,Credit,7,2,45.30
TXN-0006214,ST-TOR-001,Central,Y,Credit,4,3,27.06
TXN-0006215,ST-TOR-001,Central,Y,Debit,4,2,23.83
TXN-0006216,ST-TOR-001,Central,N,Cash,1,1,4.37
TXN-0006217,ST-TOR-001,Central,Y,Credit,3,2,15.85
TXN-0006218,ST-TOR-001,Central,N,Cash,12,6,100.40
TXN-0006219,ST-TOR-001,Central,N,Credit,1,1,15.01
TXN-0006220,ST-TOR-001,Central,Y,Credit,8,5,69.50
TXN-0006221,ST-TOR-001,Central,Y,Cash,4,3,50.53
TXN-0006222,ST-TOR-001,Central,N,Credit,12,6,83.55
TXN-0006223,ST-TOR-001,Central,Y,Cash,1,1,5.08
TXN-0006224,ST-TOR-002,Central,N,Debit,4,2,20.87
TXN-0006225,ST-TOR-002,Central,Y,Debit,8,6,85.58
TXN-0006226,ST-TOR-002,Central,Y,Credit,6,4,36.26
TXN-0006227,ST-TOR-002,Central,N,Debit,3,1,38.31
TXN-0006228,ST-TOR-002,Central,N,Cash,3,2,18.18
TXN-0006229,ST-TOR-002,Central,Y,Debit,3,3,29.28
TXN-0006230,ST-TOR-002,Central,N,Credit,10,6,66.11
TXN-0006231,ST-TOR-002,Central,Y,Cash,6,5,49.80
TXN-0006232,ST-TOR-002,Central,N,Debit,7,4,79.59
TXN-0006233,ST-TOR-002,Central,Y,Cash,5,4,33.45
TXN-0006234,ST-SCA-001,Central,N,Credit,6,2,79.22
TXN-0006235,ST-SCA-001,Central,Y,Debit,2,2,9.67
TXN-0006236,ST-SCA-001,Central,N,Credit,5,4,34.94
TXN-0006237,ST-SCA-001,Central,Y,Debit,8,6,65.64
TXN-0006238,ST-SCA-001,Central,Y,Credit,1,1,13.91
TXN-0006239,ST-SCA-001,Central,Y,Debit,2,2,7.53
TXN-0006240,ST-SCA-001,Central,Y,Mobile,1,1,9.75
TXN-0006241,ST-SCA-001,Central,N,Mobile,10,6,110.98
TXN-0006242,ST-SCA-001,Central,Y,Debit,2,1,24.18
TXN-0006243,ST-SCA-001,Central,Y,Debit,8,4,94.66
TXN-0006244,ST-SCA-001,Central,Y,Credit,6,4,56.58
TXN-0006245,ST-SCA-001,Central,N,Debit,2,1,30.80
TXN-0006246,ST-SCA-001,Central,Y,Debit,5,3,57.77
TXN-0006247,ST-SCA-001,Central,Y,Debit,2,2,23.35
TXN-0006248,ST-SCA-001,Central,Y,Debit,4,3,40.35
TXN-0006249,ST-SCA-001,Central,Y,Credit,9,5,79.06
TXN-0006250,ST-SCA-001,Central,N,Debit,2,2,19.19
TXN-0006251,ST-MIS-001,Central,Y,Debit,12,7,87.60
TXN-0006252,ST-MIS-001,Central,Y,Cash,7,5,69.37
TXN-0006253,ST-MIS-001,Central,Y,Credit,2,2,8.59
TXN-0006254,ST-MIS-001,Central,Y,Debit,8,5,94.92
TXN-0006255,ST-MIS-001,Central,Y,Credit,4,3,53.90
TXN-0006256,ST-MIS-001,Central,Y,Credit,1,1,12.06
TXN-0006257,ST-MIS-001,Central,Y,Cash,2,2,9.29
TXN-0006258,ST-MIS-001,Central,Y,Debit,1,1,12.91
TXN-0006259,ST-BRA-001,Central,N,Credit,1,1,12.10
TXN-0006260,ST-BRA-001,Central,Y,Mobile,4,3,42.96
TXN-0006261,ST-BRA-001,Central,Y,Cash,5,4,58.71
TXN-0006262,ST-BRA-001,Central,Y,Credit,4,3,33.85
TXN-0006263,ST-BRA-001,Central,Y,Debit,11,6,132.28
TXN-0006264,ST-BRA-001,Central,Y,Debit,6,2,32.37
TXN-0006265,ST-BRA-001,Central,N,Credit,4,2,36.42
TXN-0006266,ST-BRA-001,Central,Y,Credit,5,4,34.53
TXN-0006267,ST-BRA-001,Central,N,Debit,4,3,31.23
TXN-0006268,ST-BRA-001,Central,N,Credit,4,3,50.49
TXN-0006269,ST-BRA-001,Central,Y,Credit,7,3,88.07
TXN-0006270,ST-BRA-001,Central,Y,Debit,2,2,17.46
TXN-0006271,ST-HAM-001,Central,Y,Credit,3,2,40.68
TXN-0006272,ST-HAM-001,Central,Y,Credit,2,1,14.52
TXN-0006273,ST-HAM-001,Central,Y,Debit,5,4,40.05
TXN-0006274,ST-HAM-001,Central,Y,Debit,8,7,67.48
TXN-0006275,ST-HAM-001,Central,Y,Debit,4,3,43.71
TXN-0006276,ST-HAM-001,Central,N,Debit,5,2,56.97
TXN-0006277,ST-HAM-001,Central,Y,Credit,2,1,12.88
TXN-0006278,ST-HAM-001,Central,Y,Cash,6,3,26.97
TXN-0006279,ST-HAM-001,Central,Y,Credit,2,2,18.10
TXN-0006280,ST-HAM-001,Central,Y,Credit,4,2,20.72
TXN-0006281,ST-HAM-001,Central,Y,Credit,12,6,129.15
TXN-0006282,ST-KIT-001,Central,N,Debit,3,1,9.63
TXN-0006283,ST-KIT-001,Central,Y,Cash,3,3,44.97
TXN-0006284,ST-KIT-001,Central,Y,Cash,6,4,60.10
TXN-0006285,ST-KIT-001,Central,N,Mobile,4,2,26.66
TXN-0006286,ST-KIT-001,Central,Y,Credit,1,1,13.08
TXN-0006287,ST-KIT-001,Central,Y,Cash,9,4,99.24
TXN-0006288,ST-KIT-001,Central,Y,Credit,3,2,6.72
TXN-0006289,ST-KIT-001,Central,N,Debit,3,3,31.04
TXN-0006290,ST-KIT-001,Central,Y,Debit,8,5,62.58
TXN-0006291,ST-KIT-001,Central,Y,Debit,5,3,17.66
TXN-0006292,ST-KIT-001,Central,Y,Debit,6,3,84.12
TXN-0006293,ST-KIT-001,Central,Y,Credit,2,2,28.86
TXN-0006294,ST-KIT-001,Central,Y,Cash,4,2,24.53
TXN-0006295,ST-KIT-001,Central,N,Credit,2,1,14.24
TXN-0006296,ST-KIT-001,Central,Y,Credit,2,2,10.62
TXN-0006297,ST-KIT-001,Central,N,Mobile,5,3,55.21
TXN-0006298,ST-LON-001,Central,Y,Credit,4,3,13.67
TXN-0006299,ST-LON-001,Central,Y,Cash,5,2,54.01
TXN-0006300,ST-LON-001,Central,Y,Mobile,7,3,41.92
TXN-0006301,ST-LON-001,Central,N,Credit,7,5,72.28
TXN-0006302,ST-LON-001,Central,Y,Credit,9,4,77.00
TXN-0006303,ST-LON-001,Central,Y,Debit,6,4,49.45
TXN-0006304,ST-LON-001,Central,Y,Cash,2,2,12.09
TXN-0006305,ST-LON-001,Central,N,Debit,5,3,30.55
TXN-0006306,ST-LON-001,Central,N,Debit,4,3,33.69
TXN-0006307,ST-LON-001,Central,N,Credit,5,3,55.38
TXN-0006308,ST-LON-001,Central,Y,Credit,8,4,74.44
TXN-0006309,ST-LON-001,Central,N,Credit,3,3,24.76
TXN-0006310,ST-OTT-001,Eastern,Y,Credit,6,3,38.47
TXN-0006311,ST-OTT-001,Eastern,Y,Cash,4,4,55.75
TXN-0006312,ST-OTT-001,Eastern,N,Credit,5,4,59.98
TXN-0006313,ST-OTT-001,Eastern,Y,Credit,2,2,18.14
TXN-0006314,ST-OTT-001,Eastern,N,Credit,5,3,27.51
TXN-0006315,ST-OTT-001,Eastern,Y,Credit,6,4,69.28
TXN-0006316,ST-OTT-001,Eastern,Y,Credit,2,2,15.03
TXN-0006317,ST-OTT-001,Eastern,N,Cash,2,1,8.66
TXN-0006318,ST-OTT-001,Eastern,N,Debit,8,4,75.68
TXN-0006319,ST-OTT-001,Eastern,Y,Credit,1,1,7.11
TXN-0006320,ST-OTT-002,Eastern,Y,Credit,6,4,53.68
TXN-0006321,ST-OTT-002,Eastern,N,Credit,4,4,50.96
TXN-0006322,ST-OTT-002,Eastern,Y,Debit,3,2,21.41
TXN-0006323,ST-OTT-002,Eastern,Y,Credit,8,4,97.01
TXN-0006324,ST-OTT-002,Eastern,Y,Mobile,3,2,45.10
TXN-0006325,ST-OTT-002,Eastern,Y,Credit,10,5,96.41
TXN-0006326,ST-CAL-001,Western,N,Credit,9,6,86.41
TXN-0006327,ST-CAL-001,Western,Y,Credit,5,3,54.96
TXN-0006328,ST-CAL-001,Western,Y,Cash,8,3,104.77
TXN-0006329,ST-CAL-001,Western,N,Credit,6,3,32.46
TXN-0006330,ST-CAL-001,Western,Y,Credit,3,2,15.97
TXN-0006331,ST-CAL-001,Western,Y,Debit,1,1,5.53
TXN-0006332,ST-CAL-001,Western,Y,Debit,6,3,38.21
TXN-0006333,ST-CAL-001,Western,N,Debit,6,4,59.93
TXN-0006334,ST-CAL-001,Western,Y,Debit,8,4,91.67
TXN-0006335,ST-CAL-001,Western,Y,Mobile,2,2,14.98
TXN-0006336,ST-CAL-001,Western,Y,Debit,7,4,100.92
TXN-0006337,ST-CAL-001,Western,Y,Debit,2,2,29.28
TXN-0006338,ST-CAL-001,Western,N,Credit,5,2,14.72
TXN-0006339,ST-CAL-001,Western,Y,Cash,6,4,65.98
TXN-0006340,ST-CAL-001,Western,Y,Credit,2,2,17.03
TXN-0006341,ST-EDM-001,Western,Y,Credit,3,3,35.63
TXN-0006342,ST-EDM-001,Western,Y,Debit,3,2,46.37
TXN-0006343,ST-EDM-001,Western,Y,Debit,8,5,72.63
TXN-0006344,ST-EDM-001,Western,Y,Credit,1,1,1.85
TXN-0006345,ST-EDM-001,Western,Y,Cash,3,2,28.33
TXN-0006346,ST-EDM-001,Western,Y,Debit,1,1,1.93
TXN-0006347,ST-EDM-001,Western,Y,Credit,9,5,69.27
TXN-0006348,ST-EDM-001,Western,Y,Credit,4,4,35.03
TXN-0006349,ST-EDM-001,Western,Y,Debit,3,2,20.44
TXN-0006350,ST-EDM-001,Western,Y,Credit,13,7,139.10
TXN-0006351,ST-EDM-001,Western,Y,Credit,6,4,67.13
TXN-0006352,ST-EDM-001,Western,Y,Credit,5,2,49.82
TXN-0006353,ST-TOR-001,Central,Y,Credit,4,4,39.31
TXN-0006354,ST-TOR-001,Central,Y,Credit,3,3,35.39
TXN-0006355,ST-TOR-001,Central,Y,Debit,6,4,67.29
TXN-0006356,ST-TOR-001,Central,N,Cash,6,4,62.38
TXN-0006357,ST-TOR-001,Central,Y,Debit,8,5,88.73
TXN-0006358,ST-TOR-001,Central,Y,Credit,5,2,71.67
TXN-0006359,ST-TOR-001,Central,N,Debit,4,3,46.08
TXN-0006360,ST-TOR-001,Central,Y,Credit,1,1,2.30
TXN-0006361,ST-TOR-001,Central,Y,Credit,7,4,68.78
TXN-0006362,ST-TOR-001,Central,Y,Cash,1,1,11.03
TXN-0006363,ST-TOR-002,Central,Y,Credit,5,3,58.03
TXN-0006364,ST-TOR-002,Central,N,Debit,4,4,46.35
TXN-0006365,ST-TOR-002,Central,N,Debit,3,3,17.91
TXN-0006366,ST-TOR-002,Central,Y,Debit,1,1,3.19
TXN-0006367,ST-TOR-002,Central,Y,Debit,8,4,76.86
TXN-0006368,ST-SCA-001,Central,Y,Debit,7,5,42.25
TXN-0006369,ST-SCA-001,Central,Y,Cash,3,3,11.73
TXN-0006370,ST-SCA-001,Central,Y,Debit,5,4,64.87
TXN-0006371,ST-SCA-001,Central,N,Credit,6,3,76.07
TXN-0006372,ST-SCA-001,Central,Y,Debit,3,2,49.38
TXN-0006373,ST-MIS-001,Central,Y,Credit,7,6,51.54
TXN-0006374,ST-MIS-001,Central,N,Credit,7,5,30.12
TXN-0006375,ST-MIS-001,Central,Y,Debit,9,6,80.99
TXN-0006376,ST-MIS-001,Central,N,Credit,5,3,39.40
TXN-0006377,ST-MIS-001,Central,Y,Credit,5,3,49.01
TXN-0006378,ST-MIS-001,Central,N,Credit,6,3,49.56
TXN-0006379,ST-MIS-001,Central,Y,Cash,2,2,19.46
TXN-0006380,ST-MIS-001,Central,N,Credit,5,3,38.33
TXN-0006381,ST-MIS-001,Central,Y,Credit,2,2,24.90
TXN-0006382,ST-MIS-001,Central,Y,Credit,4,3,43.69
TXN-0006383,ST-MIS-001,Central,N,Credit,1,1,14.55
TXN-0006384,ST-MIS-001,Central,Y,Cash,4,3,18.64
TXN-0006385,ST-MIS-001,Central,N,Debit,8,4,81.40
TXN-0006386,ST-MIS-001,Central,N,Debit,6,4,28.28
TXN-0006387,ST-MIS-001,Central,Y,Cash,2,2,20.06
TXN-0006388,ST-MIS-001,Central,Y,Debit,11,6,119.53
TXN-0006389,ST-BRA-001,Central,N,Credit,3,2,9.51
TXN-0006390,ST-BRA-001,Central,Y,Credit,3,2,43.90
TXN-0006391,ST-BRA-001,Central,Y,Cash,2,2,11.32
TXN-0006392,ST-BRA-001,Central,Y,Credit,10,4,80.29
TXN-0006393,ST-BRA-001,Central,Y,Mobile,6,4,69.72
TXN-0006394,ST-BRA-001,Central,N,Debit,1,1,11.31
TXN-0006395,ST-BRA-001,Central,N,Credit,6,4,44.04
TXN-0006396,ST-BRA-001,Central,Y,Mobile,6,4,37.26
TXN-0006397,ST-BRA-001,Central,Y,Debit,5,4,48.93
TXN-0006398,ST-HAM-001,Central,N,Debit,8,3,63.79
TXN-0006399,ST-HAM-001,Central,N,Credit,2,1,21.02
TXN-0006400,ST-HAM-001,Central,Y,Credit,3,2,33.40
TXN-0006401,ST-HAM-001,Central,Y,Debit,4,3,51.18
TXN-0006402,ST-HAM-001,Central,Y,Credit,3,2,23.66
TXN-0006403,ST-HAM-001,Central,Y,Credit,5,3,47.56
TXN-0006404,ST-HAM-001,Central,N,Credit,3,3,42.47
TXN-0006405,ST-HAM-001,Central,Y,Credit,3,3,31.14
TXN-0006406,ST-HAM-001,Central,Y,Debit,3,1,15.42
TXN-0006407,ST-HAM-001,Central,N,Credit,3,3,26.03
TXN-0006408,ST-HAM-001,Central,N,Debit,3,2,11.09
TXN-0006409,ST-HAM-001,Central,N,Debit,3,2,28.60
TXN-0006410,ST-HAM-001,Central,N,Debit,11,5,74.91
TXN-0006411,ST-KIT-001,Central,Y,Debit,4,3,30.02
TXN-0006412,ST-KIT-001,Central,N,Cash,3,3,21.68
TXN-0006413,ST-KIT-001,Central,Y,Debit,6,3,72.41
TXN-0006414,ST-KIT-001,Central,N,Cash,3,2,34.37
TXN-0006415,ST-KIT-001,Central,Y,Credit,3,3,35.51
TXN-0006416,ST-KIT-001,Central,N,Mobile,5,4,46.93
TXN-0006417,ST-KIT-001,Central,Y,Mobile,6,2,21.57
TXN-0006418,ST-KIT-001,Central,Y,Credit,3,3,23.78
TXN-0006419,ST-KIT-001,Central,Y,Cash,7,4,68.06
TXN-0006420,ST-KIT-001,Central,Y,Cash,10,6,101.93
TXN-0006421,ST-KIT-001,Central,Y,Debit,3,2,50.56
TXN-0006422,ST-LON-001,Central,N,Credit,4,4,50.60
TXN-0006423,ST-LON-001,Central,Y,Credit,4,4,39.43
TXN-0006424,ST-LON-001,Central,Y,Credit,5,4,65.32
TXN-0006425,ST-LON-001,Central,N,Debit,5,3,47.89
TXN-0006426,ST-LON-001,Central,Y,Debit,2,2,21.91
TXN-0006427,ST-LON-001,Central,Y,Mobile,2,2,9.42
TXN-0006428,ST-LON-001,Central,Y,Cash,3,2,33.84
TXN-0006429,ST-LON-001,Central,Y,Debit,1,1,3.36
TXN-0006430,ST-LON-001,Central,Y,Debit,4,3,48.46
TXN-0006431,ST-OTT-001,Eastern,N,Credit,4,3,22.25
TXN-0006432,ST-OTT-001,Eastern,Y,Debit,5,3,58.07
TXN-0006433,ST-OTT-001,Eastern,Y,Credit,7,4,57.53
TXN-0006434,ST-OTT-001,Eastern,N,Credit,6,4,27.56
TXN-0006435,ST-OTT-001,Eastern,Y,Credit,4,2,49.78
TXN-0006436,ST-OTT-001,Eastern,N,Credit,3,1,37.41
TXN-0006437,ST-OTT-001,Eastern,Y,Debit,10,6,88.34
TXN-0006438,ST-OTT-001,Eastern,N,Debit,6,4,84.09
TXN-0006439,ST-OTT-002,Eastern,Y,Debit,9,4,112.53
TXN-0006440,ST-OTT-002,Eastern,Y,Debit,3,2,11.81
TXN-0006441,ST-OTT-002,Eastern,N,Credit,10,6,88.74
TXN-0006442,ST-OTT-002,Eastern,Y,Credit,4,3,45.31
TXN-0006443,ST-OTT-002,Eastern,Y,Credit,1,1,12.21
TXN-0006444,ST-OTT-002,Eastern,Y,Debit,10,5,138.64
TXN-0006445,ST-OTT-002,Eastern,Y,Debit,5,2,63.57
TXN-0006446,ST-OTT-002,Eastern,Y,Debit,3,2,15.16
TXN-0006447,ST-OTT-002,Eastern,Y,Debit,3,2,11.74
TXN-0006448,ST-OTT-002,Eastern,Y,Cash,4,2,32.96
TXN-0006449,ST-OTT-002,Eastern,N,Credit,6,4,56.16
TXN-0006450,ST-OTT-002,Eastern,Y,Cash,3,3,27.35
TXN-0006451,ST-OTT-002,Eastern,Y,Credit,6,4,43.74
TXN-0006452,ST-OTT-002,Eastern,Y,Debit,3,2,44.56
TXN-0006453,ST-CAL-001,Western,Y,Credit,3,2,39.23
TXN-0006454,ST-CAL-001,Western,Y,Credit,2,1,35.84
TXN-0006455,ST-CAL-001,Western,Y,Credit,1,1,15.92
TXN-0006456,ST-CAL-001,Western,Y,Debit,6,3,66.69
TXN-0006457,ST-CAL-001,Western,Y,Mobile,5,2,21.57
TXN-0006458,ST-CAL-001,Western,Y,Debit,13,6,77.55
TXN-0006459,ST-CAL-001,Western,N,Credit,3,2,27.31
TXN-0006460,ST-CAL-001,Western,N,Credit,5,3,49.38
TXN-0006461,ST-CAL-001,Western,Y,Debit,1,1,3.14
TXN-0006462,ST-CAL-001,Western,N,Credit,3,2,39.78
TXN-0006463,ST-CAL-001,Western,Y,Mobile,4,2,27.76
TXN-0006464,ST-CAL-001,Western,Y,Credit,3,2,15.44
TXN-0006465,ST-CAL-001,Western,N,Credit,9,4,110.54
TXN-0006466,ST-CAL-001,Western,Y,Cash,4,3,45.58
TXN-0006467,ST-CAL-001,Western,N,Debit,9,5,68.08
TXN-0006468,ST-CAL-001,Western,Y,Debit,4,2,44.78
TXN-0006469,ST-CAL-001,Western,N,Debit,5,3,45.46
TXN-0006470,ST-CAL-001,Western,N,Mobile,4,3,11.76
TXN-0006471,ST-CAL-001,Western,Y,Debit,12,4,122.39
TXN-0006472,ST-CAL-001,Western,Y,Mobile,4,2,50.96
TXN-0006473,ST-CAL-001,Western,N,Debit,4,3,46.71
TXN-0006474,ST-EDM-001,Western,Y,Debit,3,3,24.87
TXN-0006475,ST-EDM-001,Western,Y,Debit,2,1,6.68
TXN-0006476,ST-EDM-001,Western,Y,Credit,3,3,36.78
TXN-0006477,ST-EDM-001,Western,N,Debit,2,1,11.12
TXN-0006478,ST-EDM-001,Western,N,Credit,1,1,5.31
TXN-0006479,ST-EDM-001,Western,N,Cash,1,1,15.62
TXN-0006480,ST-EDM-001,Western,N,Credit,6,3,48.85
TXN-0006481,ST-EDM-001,Western,Y,Credit,6,3,39.40
TXN-0006482,ST-EDM-001,Western,Y,Credit,3,3,32.87
TXN-0006483,ST-EDM-001,Western,Y,Credit,3,2,12.11
TXN-0006484,ST-EDM-001,Western,Y,Credit,7,4,45.98
TXN-0006485,ST-EDM-001,Western,Y,Credit,3,3,34.35
TXN-0006486,ST-TOR-001,Central,Y,Debit,6,4,38.52
TXN-0006487,ST-TOR-001,Central,Y,Credit,7,5,82.29
TXN-0006488,ST-TOR-001,Central,N,Credit,6,3,39.24
TXN-0006489,ST-TOR-001,Central,N,Debit,3,3,33.08
TXN-0006490,ST-TOR-001,Central,N,Debit,4,2,51.12
TXN-0006491,ST-TOR-001,Central,N,Debit,5,2,69.40
TXN-0006492,ST-TOR-001,Central,Y,Credit,3,2,25.42
TXN-0006493,ST-TOR-001,Central,Y,Credit,7,3,47.88
TXN-0006494,ST-TOR-001,Central,Y,Debit,10,5,86.27
TXN-0006495,ST-TOR-002,Central,Y,Credit,5,3,31.57
TXN-0006496,ST-TOR-002,Central,N,Mobile,9,6,74.31
TXN-0006497,ST-TOR-002,Central,Y,Credit,9,5,104.76
TXN-0006498,ST-TOR-002,Central,N,Credit,7,3,62.58
TXN-0006499,ST-TOR-002,Central,N,Credit,6,2,85.68
TXN-0006500,ST-TOR-002,Central,N,Credit,6,4,26.15
TXN-0006501,ST-TOR-002,Central,N,Credit,7,3,21.95
TXN-0006502,ST-TOR-002,Central,Y,Credit,1,1,12.10
TXN-0006503,ST-TOR-002,Central,N,Cash,1,1,15.29
TXN-0006504,ST-TOR-002,Central,Y,Debit,4,2,56.02
TXN-0006505,ST-SCA-001,Central,Y,Credit,2,2,14.57
TXN-0006506,ST-SCA-001,Central,Y,Mobile,6,4,43.03
TXN-0006507,ST-SCA-001,Central,N,Debit,8,5,57.38
TXN-0006508,ST-SCA-001,Central,Y,Debit,6,4,39.59
TXN-0006509,ST-SCA-001,Central,N,Debit,16,7,183.16
TXN-0006510,ST-SCA-001,Central,Y,Credit,1,1,14.90
TXN-0006511,ST-SCA-001,Central,Y,Credit,6,6,60.75
TXN-0006512,ST-SCA-001,Central,N,Cash,10,5,89.87
TXN-0006513,ST-SCA-001,Central,Y,Credit,5,3,66.79
TXN-0006514,ST-SCA-001,Central,Y,Debit,5,4,65.08
TXN-0006515,ST-SCA-001,Central,Y,Credit,11,7,124.07
TXN-0006516,ST-SCA-001,Central,Y,Credit,1,1,10.49
TXN-0006517,ST-SCA-001,Central,Y,Credit,3,2,42.14
TXN-0006518,ST-SCA-001,Central,Y,Credit,2,2,13.89
TXN-0006519,ST-SCA-001,Central,Y,Credit,4,2,58.75
TXN-0006520,ST-MIS-001,Central,Y,Debit,2,1,6.04
TXN-0006521,ST-MIS-001,Central,Y,Mobile,1,1,2.17
TXN-0006522,ST-MIS-001,Central,N,Debit,11,6,94.23
TXN-0006523,ST-MIS-001,Central,Y,Debit,1,1,8.61
TXN-0006524,ST-MIS-001,Central,Y,Credit,5,3,54.47
TXN-0006525,ST-MIS-001,Central,N,Credit,8,5,86.34
TXN-0006526,ST-MIS-001,Central,N,Mobile,6,3,51.38
TXN-0006527,ST-MIS-001,Central,Y,Mobile,3,2,16.33
TXN-0006528,ST-MIS-001,Central,Y,Credit,8,5,62.73
TXN-0006529,ST-MIS-001,Central,Y,Credit,6,4,76.30
TXN-0006530,ST-MIS-001,Central,N,Credit,3,2,9.62
TXN-0006531,ST-MIS-001,Central,Y,Credit,6,4,54.39
TXN-0006532,ST-MIS-001,Central,Y,Mobile,4,4,29.45
TXN-0006533,ST-MIS-001,Central,N,Credit,2,2,30.48
TXN-0006534,ST-MIS-001,Central,Y,Debit,2,1,22.50
TXN-0006535,ST-MIS-001,Central,Y,Mobile,5,4,32.90
TXN-0006536,ST-BRA-001,Central,Y,Credit,1,1,5.33
TXN-0006537,ST-BRA-001,Central,N,Debit,6,3,40.91
TXN-0006538,ST-BRA-001,Central,N,Debit,6,2,86.80
TXN-0006539,ST-BRA-001,Central,Y,Debit,5,3,65.18
TXN-0006540,ST-BRA-001,Central,Y,Credit,5,4,46.27
TXN-0006541,ST-BRA-001,Central,Y,Credit,1,1,15.66
TXN-0006542,ST-BRA-001,Central,N,Debit,4,3,29.17
TXN-0006543,ST-BRA-001,Central,Y,Credit,5,4,51.51
TXN-0006544,ST-BRA-001,Central,Y,Credit,3,2,18.94
TXN-0006545,ST-BRA-001,Central,Y,Debit,4,3,34.88
TXN-0006546,ST-BRA-001,Central,Y,Credit,2,2,10.55
TXN-0006547,ST-BRA-001,Central,Y,Debit,1,1,2.17
TXN-0006548,ST-BRA-001,Central,N,Cash,4,2,42.86
TXN-0006549,ST-HAM-001,Central,N,Credit,4,3,45.61
TXN-0006550,ST-HAM-001,Central,Y,Credit,2,1,9.76
TXN-0006551,ST-HAM-001,Central,N,Credit,3,2,22.92
TXN-0006552,ST-HAM-001,Central,N,Credit,1,1,15.73
TXN-0006553,ST-HAM-001,Central,Y,Debit,8,4,61.33
TXN-0006554,ST-HAM-001,Central,Y,Credit,8,4,91.27
TXN-0006555,ST-HAM-001,Central,Y,Cash,2,2,14.86
TXN-0006556,ST-HAM-001,Central,Y,Credit,8,4,71.51
TXN-0006557,ST-KIT-001,Central,Y,Debit,4,3,48.83
TXN-0006558,ST-KIT-001,Central,Y,Credit,5,3,53.59
TXN-0006559,ST-KIT-001,Central,N,Debit,9,4,86.85
TXN-0006560,ST-KIT-001,Central,N,Debit,4,3,22.56
TXN-0006561,ST-KIT-001,Central,N,Credit,7,4,52.52
TXN-0006562,ST-KIT-001,Central,Y,Debit,10,5,125.85
TXN-0006563,ST-KIT-001,Central,N,Credit,3,2,30.92
TXN-0006564,ST-KIT-001,Central,Y,Debit,2,2,13.91
TXN-0006565,ST-KIT-001,Central,Y,Debit,8,4,37.16
TXN-0006566,ST-KIT-001,Central,Y,Debit,1,1,2.30
TXN-0006567,ST-KIT-001,Central,Y,Credit,3,3,21.73
TXN-0006568,ST-KIT-001,Central,N,Debit,5,3,45.06
TXN-0006569,ST-LON-001,Central,Y,Cash,6,3,48.21
TXN-0006570,ST-LON-001,Central,N,Credit,3,3,19.14
TXN-0006571,ST-LON-001,Central,Y,Cash,4,3,25.99
TXN-0006572,ST-LON-001,Central,Y,Debit,3,3,28.53
TXN-0006573,ST-LON-001,Central,Y,Debit,5,3,21.02
TXN-0006574,ST-LON-001,Central,Y,Debit,5,4,56.54
TXN-0006575,ST-LON-001,Central,Y,Credit,6,3,78.20
TXN-0006576,ST-LON-001,Central,Y,Credit,5,4,66.59
TXN-0006577,ST-OTT-001,Eastern,Y,Credit,7,5,33.21
TXN-0006578,ST-OTT-001,Eastern,Y,Credit,6,3,50.53
TXN-0006579,ST-OTT-001,Eastern,N,Mobile,3,3,24.55
TXN-0006580,ST-OTT-001,Eastern,N,Mobile,2,1,18.31
TXN-0006581,ST-OTT-001,Eastern,N,Credit,3,3,29.04
TXN-0006582,ST-OTT-001,Eastern,Y,Debit,1,1,11.95
TXN-0006583,ST-OTT-001,Eastern,Y,Credit,5,3,65.39
TXN-0006584,ST-OTT-001,Eastern,Y,Cash,4,3,49.25
TXN-0006585,ST-OTT-001,Eastern,Y,Debit,8,4,87.39
TXN-0006586,ST-OTT-001,Eastern,Y,Credit,5,3,66.99
TXN-0006587,ST-OTT-001,Eastern,Y,Credit,4,3,20.73
TXN-0006588,ST-OTT-001,Eastern,Y,Credit,2,1,25.52
TXN-0006589,ST-OTT-001,Eastern,Y,Credit,4,3,28.41
TXN-0006590,ST-OTT-001,Eastern,N,Cash,6,4,80.32
TXN-0006591,ST-OTT-001,Eastern,N,Cash,2,2,20.61
TXN-0006592,ST-OTT-002,Eastern,N,Credit,2,1,23.02
TXN-0006593,ST-OTT-002,Eastern,Y,Credit,7,3,90.10
TXN-0006594,ST-OTT-002,Eastern,Y,Debit,4,3,38.03
TXN-0006595,ST-OTT-002,Eastern,Y,Debit,5,3,39.26
TXN-0006596,ST-OTT-002,Eastern,Y,Debit,3,3,27.22
TXN-0006597,ST-OTT-002,Eastern,N,Debit,5,3,51.13
TXN-0006598,ST-CAL-001,Western,Y,Credit,6,4,53.90
TXN-0006599,ST-CAL-001,Western,Y,Debit,5,3,67.23
TXN-0006600,ST-CAL-001,Western,Y,Credit,5,3,30.06
TXN-0006601,ST-CAL-001,Western,Y,Credit,4,2,18.52
TXN-0006602,ST-CAL-001,Western,Y,Cash,12,5,97.49
TXN-0006603,ST-CAL-001,Western,N,Credit,4,3,29.34
TXN-0006604,ST-CAL-001,Western,Y,Mobile,3,3,30.26
TXN-0006605,ST-CAL-001,Western,Y,Debit,2,2,22.34
TXN-0006606,ST-CAL-001,Western,Y,Cash,1,1,7.27
TXN-0006607,ST-CAL-001,Western,Y,Debit,5,4,59.43
TXN-0006608,ST-CAL-001,Western,Y,Debit,14,7,140.35
TXN-0006609,ST-CAL-001,Western,N,Credit,3,2,24.66
TXN-0006610,ST-CAL-001,Western,Y,Debit,4,3,35.11
TXN-0006611,ST-EDM-001,Western,N,Debit,2,2,23.37
TXN-0006612,ST-EDM-001,Western,N,Credit,3,3,22.91
TXN-0006613,ST-EDM-001,Western,N,Debit,7,5,57.78
TXN-0006614,ST-EDM-001,Western,Y,Credit,2,2,15.89
TXN-0006615,ST-EDM-001,Western,Y,Mobile,12,5,57.87
TXN-0006616,ST-EDM-001,Western,Y,Credit,2,2,15.42
TXN-0006617,ST-TOR-001,Central,Y,Debit,6,3,55.90
TXN-0006618,ST-TOR-001,Central,Y,Debit,7,3,93.36
TXN-0006619,ST-TOR-001,Central,N,Debit,2,2,25.00
TXN-0006620,ST-TOR-001,Central,N,Debit,3,2,13.90
TXN-0006621,ST-TOR-001,Central,N,Credit,2,2,19.34
TXN-0006622,ST-TOR-001,Central,Y,Cash,10,6,83.40
TXN-0006623,ST-TOR-001,Central,Y,Credit,1,1,2.25
TXN-0006624,ST-TOR-001,Central,N,Mobile,5,4,41.13
TXN-0006625,ST-TOR-001,Central,N,Credit,10,4,123.26
TXN-0006626,ST-TOR-001,Central,Y,Cash,3,3,27.75
TXN-0006627,ST-TOR-001,Central,Y,Credit,6,4,54.95
TXN-0006628,ST-TOR-001,Central,Y,Debit,2,1,25.16
TXN-0006629,ST-TOR-001,Central,Y,Debit,2,2,26.96
TXN-0006630,ST-TOR-001,Central,Y,Mobile,2,2,16.18
TXN-0006631,ST-TOR-001,Central,Y,Credit,8,4,52.45
TXN-0006632,ST-TOR-001,Central,N,Credit,6,2,95.73
TXN-0006633,ST-TOR-002,Central,Y,Cash,4,3,25.25
TXN-0006634,ST-TOR-002,Central,Y,Credit,2,1,14.12
TXN-0006635,ST-TOR-002,Central,Y,Debit,8,5,74.76
TXN-0006636,ST-TOR-002,Central,Y,Debit,2,1,24.26
TXN-0006637,ST-TOR-002,Central,Y,Credit,4,3,31.63
TXN-0006638,ST-TOR-002,Central,Y,Cash,8,4,87.04
TXN-0006639,ST-TOR-002,Central,N,Debit,2,2,24.85
TXN-0006640,ST-TOR-002,Central,Y,Mobile,8,6,73.52
TXN-0006641,ST-TOR-002,Central,N,Credit,8,5,97.52
TXN-0006642,ST-TOR-002,Central,Y,Credit,3,2,43.78
TXN-0006643,ST-TOR-002,Central,N,Cash,7,4,84.63
TXN-0006644,ST-TOR-002,Central,N,Debit,3,2,27.16
TXN-0006645,ST-SCA-001,Central,Y,Credit,2,2,17.98
TXN-0006646,ST-SCA-001,Central,Y,Credit,5,5,73.01
TXN-0006647,ST-SCA-001,Central,Y,Credit,1,1,3.18
TXN-0006648,ST-SCA-001,Central,N,Debit,13,6,112.73
TXN-0006649,ST-SCA-001,Central,Y,Debit,6,5,53.05
TXN-0006650,ST-SCA-001,Central,Y,Credit,2,2,9.22
TXN-0006651,ST-SCA-001,Central,Y,Debit,5,4,45.12
TXN-0006652,ST-SCA-001,Central,N,Mobile,12,6,107.47
TXN-0006653,ST-SCA-001,Central,Y,Cash,9,3,46.60
TXN-0006654,ST-SCA-001,Central,N,Debit,5,4,30.78
TXN-0006655,ST-SCA-001,Central,Y,Debit,4,3,41.55
TXN-0006656,ST-SCA-001,Central,Y,Mobile,10,5,112.55
TXN-0006657,ST-SCA-001,Central,Y,Cash,12,4,105.37
TXN-0006658,ST-SCA-001,Central,Y,Credit,4,4,26.04
TXN-0006659,ST-SCA-001,Central,Y,Cash,2,2,13.79
TXN-0006660,ST-MIS-001,Central,Y,Credit,2,2,17.37
TXN-0006661,ST-MIS-001,Central,Y,Cash,4,3,37.75
TXN-0006662,ST-MIS-001,Central,Y,Credit,6,4,74.35
TXN-0006663,ST-MIS-001,Central,Y,Credit,4,4,47.21
TXN-0006664,ST-MIS-001,Central,Y,Credit,6,3,87.70
TXN-0006665,ST-MIS-001,Central,N,Credit,3,2,16.75
TXN-0006666,ST-MIS-001,Central,N,Credit,4,2,10.60
TXN-0006667,ST-MIS-001,Central,Y,Debit,2,2,30.16
TXN-0006668,ST-MIS-001,Central,Y,Credit,7,3,49.38
TXN-0006669,ST-MIS-001,Central,Y,Credit,5,2,76.72
TXN-0006670,ST-MIS-001,Central,Y,Credit,4,3,21.04
TXN-0006671,ST-MIS-001,Central,N,Debit,5,4,47.26
TXN-0006672,ST-BRA-001,Central,Y,Debit,4,2,30.88
TXN-0006673,ST-BRA-001,Central,Y,Credit,1,1,5.06
TXN-0006674,ST-BRA-001,Central,N,Mobile,4,2,17.71
TXN-0006675,ST-BRA-001,Central,Y,Credit,3,3,20.66
TXN-0006676,ST-BRA-001,Central,Y,Cash,3,3,18.55
TXN-0006677,ST-BRA-001,Central,Y,Credit,7,3,86.06
TXN-0006678,ST-BRA-001,Central,Y,Cash,5,4,43.03
TXN-0006679,ST-BRA-001,Central,Y,Credit,8,5,95.82
TXN-0006680,ST-BRA-001,Central,N,Debit,2,2,23.93
TXN-0006681,ST-BRA-001,Central,N,Credit,2,2,17.11
TXN-0006682,ST-BRA-001,Central,N,Credit,1,1,16.29
TXN-0006683,ST-BRA-001,Central,N,Debit,8,5,68.40
TXN-0006684,ST-BRA-001,Central,Y,Cash,2,2,14.40
TXN-0006685,ST-BRA-001,Central,N,Debit,8,4,99.76
TXN-0006686,ST-HAM-001,Central,Y,Debit,3,1,38.07
TXN-0006687,ST-HAM-001,Central,Y,Debit,7,6,53.38
TXN-0006688,ST-HAM-001,Central,Y,Credit,5,5,51.13
TXN-0006689,ST-HAM-001,Central,Y,Credit,3,1,15.93
TXN-0006690,ST-HAM-001,Central,N,Cash,8,4,86.81
TXN-0006691,ST-HAM-001,Central,Y,Credit,2,2,19.47
TXN-0006692,ST-HAM-001,Central,N,Debit,3,2,32.52
TXN-0006693,ST-HAM-001,Central,Y,Debit,2,2,28.75
TXN-0006694,ST-HAM-001,Central,Y,Credit,2,2,19.89
TXN-0006695,ST-HAM-001,Central,N,Debit,7,3,90.78
TXN-0006696,ST-HAM-001,Central,Y,Debit,4,3,28.89
TXN-0006697,ST-HAM-001,Central,N,Credit,1,1,2.23
TXN-0006698,ST-HAM-001,Central,Y,Debit,7,4,59.60
TXN-0006699,ST-HAM-001,Central,Y,Debit,7,4,82.56
TXN-0006700,ST-KIT-001,Central,N,Debit,5,2,76.65
TXN-0006701,ST-KIT-001,Central,N,Debit,3,2,24.27
TXN-0006702,ST-KIT-001,Central,Y,Credit,1,1,2.22
TXN-0006703,ST-KIT-001,Central,Y,Credit,5,3,37.14
TXN-0006704,ST-KIT-001,Central,Y,Cash,10,7,124.47
TXN-0006705,ST-KIT-001,Central,Y,Credit,4,3,47.76
TXN-0006706,ST-KIT-001,Central,Y,Debit,9,4,34.07
TXN-0006707,ST-KIT-001,Central,Y,Debit,5,4,53.04
TXN-0006708,ST-KIT-001,Central,Y,Credit,5,4,40.57
TXN-0006709,ST-KIT-001,Central,Y,Debit,4,4,27.23
TXN-0006710,ST-KIT-001,Central,Y,Credit,7,2,69.12
TXN-0006711,ST-KIT-001,Central,N,Credit,2,1,12.68
TXN-0006712,ST-KIT-001,Central,N,Debit,7,3,94.59
TXN-0006713,ST-KIT-001,Central,Y,Credit,8,5,94.39
TXN-0006714,ST-KIT-001,Central,Y,Debit,5,5,58.62
TXN-0006715,ST-LON-001,Central,Y,Cash,5,3,34.90
TXN-0006716,ST-LON-001,Central,Y,Debit,4,3,15.25
TXN-0006717,ST-LON-001,Central,N,Mobile,8,5,79.46
TXN-0006718,ST-LON-001,Central,Y,Credit,12,5,104.40
TXN-0006719,ST-LON-001,Central,Y,Credit,3,1,43.32
TXN-0006720,ST-LON-001,Central,Y,Cash,2,2,23.15
TXN-0006721,ST-LON-001,Central,Y,Cash,6,4,29.32
TXN-0006722,ST-LON-001,Central,Y,Cash,8,4,98.50
TXN-0006723,ST-LON-001,Central,Y,Mobile,4,3,47.07
TXN-0006724,ST-LON-001,Central,Y,Cash,6,4,42.89
TXN-0006725,ST-LON-001,Central,N,Credit,2,2,22.95
TXN-0006726,ST-OTT-001,Eastern,Y,Credit,4,4,32.87
TXN-0006727,ST-OTT-001,Eastern,Y,Mobile,8,3,118.48
TXN-0006728,ST-OTT-001,Eastern,Y,Debit,6,5,23.36
TXN-0006729,ST-OTT-001,Eastern,Y,Debit,5,2,65.24
TXN-0006730,ST-OTT-001,Eastern,N,Debit,3,1,21.18
TXN-0006731,ST-OTT-001,Eastern,Y,Credit,3,3,25.63
TXN-0006732,ST-OTT-001,Eastern,Y,Debit,10,6,80.26
TXN-0006733,ST-OTT-001,Eastern,N,Debit,6,4,54.47
TXN-0006734,ST-OTT-001,Eastern,N,Mobile,3,2,27.77
TXN-0006735,ST-OTT-001,Eastern,N,Cash,6,3,64.58
TXN-0006736,ST-OTT-001,Eastern,Y,Credit,2,2,10.97
TXN-0006737,ST-OTT-001,Eastern,Y,Credit,4,4,39.24
TXN-0006738,ST-OTT-001,Eastern,Y,Mobile,2,2,17.88
TXN-0006739,ST-OTT-001,Eastern,N,Credit,5,4,28.63
TXN-0006740,ST-OTT-001,Eastern,N,Cash,9,5,57.56
TXN-0006741,ST-OTT-001,Eastern,Y,Debit,6,3,44.26
TXN-0006742,ST-OTT-001,Eastern,N,Cash,8,5,38.42
TXN-0006743,ST-OTT-001,Eastern,N,Debit,6,5,63.70
TXN-0006744,ST-OTT-001,Eastern,Y,Cash,3,3,33.33
TXN-0006745,ST-OTT-001,Eastern,N,Cash,7,4,63.33
TXN-0006746,ST-OTT-001,Eastern,N,Debit,10,5,94.49
TXN-0006747,ST-OTT-001,Eastern,Y,Mobile,4,3,48.88
TXN-0006748,ST-OTT-002,Eastern,Y,Credit,10,6,88.99
TXN-0006749,ST-OTT-002,Eastern,N,Debit,2,2,15.96
TXN-0006750,ST-OTT-002,Eastern,Y,Credit,4,2,43.20
TXN-0006751,ST-OTT-002,Eastern,Y,Cash,4,2,56.41
TXN-0006752,ST-OTT-002,Eastern,Y,Cash,6,3,26.56
TXN-0006753,ST-OTT-002,Eastern,N,Credit,8,4,86.36
TXN-0006754,ST-OTT-002,Eastern,Y,Debit,3,2,19.40
TXN-0006755,ST-OTT-002,Eastern,Y,Debit,5,4,53.94
TXN-0006756,ST-OTT-002,Eastern,N,Debit,12,6,126.79
TXN-0006757,ST-OTT-002,Eastern,Y,Debit,9,4,105.71
TXN-0006758,ST-OTT-002,Eastern,N,Credit,5,4,45.51
TXN-0006759,ST-OTT-002,Eastern,N,Debit,5,2,59.36
TXN-0006760,ST-OTT-002,Eastern,Y,Credit,1,1,11.60
TXN-0006761,ST-OTT-002,Eastern,N,Debit,8,4,76.43
TXN-0006762,ST-CAL-001,Western,Y,Cash,4,2,24.61
TXN-0006763,ST-CAL-001,Western,Y,Credit,2,1,14.26
TXN-0006764,ST-CAL-001,Western,Y,Cash,2,2,11.17
TXN-0006765,ST-CAL-001,Western,Y,Credit,8,4,29.11
TXN-0006766,ST-CAL-001,Western,Y,Credit,2,1,6.78
TXN-0006767,ST-CAL-001,Western,N,Debit,4,2,13.35
TXN-0006768,ST-CAL-001,Western,Y,Debit,8,5,95.32
TXN-0006769,ST-CAL-001,Western,N,Debit,3,2,27.30
TXN-0006770,ST-CAL-001,Western,Y,Credit,7,5,46.87
TXN-0006771,ST-CAL-001,Western,Y,Credit,3,2,38.72
TXN-0006772,ST-CAL-001,Western,N,Credit,8,4,93.19
TXN-0006773,ST-EDM-001,Western,Y,Cash,5,4,29.75
TXN-0006774,ST-EDM-001,Western,Y,Debit,2,2,5.35
TXN-0006775,ST-EDM-001,Western,N,Debit,3,2,33.81
TXN-0006776,ST-EDM-001,Western,Y,Credit,2,1,22.58
TXN-0006777,ST-EDM-001,Western,Y,Credit,3,2,25.07
TXN-0006778,ST-EDM-001,Western,Y,Credit,4,2,26.67
TXN-0006779,ST-EDM-001,Western,Y,Cash,1,1,12.65
TXN-0006780,ST-EDM-001,Western,Y,Mobile,5,3,58.85
TXN-0006781,ST-EDM-001,Western,N,Credit,3,2,29.22
TXN-0006782,ST-EDM-001,Western,Y,Credit,2,2,20.94
TXN-0006783,ST-EDM-001,Western,N,Cash,5,2,71.16
TXN-0006784,ST-TOR-001,Central,Y,Debit,9,7,71.04
TXN-0006785,ST-TOR-001,Central,Y,Debit,4,3,42.00
TXN-0006786,ST-TOR-001,Central,Y,Debit,7,4,77.06
TXN-0006787,ST-TOR-001,Central,N,Debit,12,5,97.95
TXN-0006788,ST-TOR-001,Central,N,Credit,1,1,12.23
TXN-0006789,ST-TOR-001,Central,N,Debit,11,5,82.34
TXN-0006790,ST-TOR-001,Central,Y,Credit,2,2,30.95
TXN-0006791,ST-TOR-001,Central,Y,Cash,2,2,19.46
TXN-0006792,ST-TOR-001,Central,N,Debit,4,2,17.11
TXN-0006793,ST-TOR-001,Central,Y,Credit,6,4,87.40
TXN-0006794,ST-TOR-001,Central,N,Credit,6,4,52.01
TXN-0006795,ST-TOR-001,Central,Y,Credit,7,5,50.80
TXN-0006796,ST-TOR-001,Central,Y,Credit,4,3,34.34
TXN-0006797,ST-TOR-001,Central,N,Debit,11,5,101.77
TXN-0006798,ST-TOR-002,Central,Y,Mobile,3,3,24.26
TXN-0006799,ST-TOR-002,Central,Y,Credit,4,2,55.96
TXN-0006800,ST-TOR-002,Central,N,Credit,6,3,36.05
TXN-0006801,ST-TOR-002,Central,Y,Credit,8,6,79.54
TXN-0006802,ST-TOR-002,Central,N,Debit,8,4,87.70
TXN-0006803,ST-TOR-002,Central,N,Credit,3,1,37.29
TXN-0006804,ST-TOR-002,Central,Y,Credit,5,2,43.81
TXN-0006805,ST-TOR-002,Central,Y,Credit,1,1,13.51
TXN-0006806,ST-TOR-002,Central,N,Cash,6,5,71.14
TXN-0006807,ST-TOR-002,Central,Y,Credit,3,3,28.69
TXN-0006808,ST-TOR-002,Central,Y,Debit,3,3,17.43
TXN-0006809,ST-TOR-002,Central,N,Debit,8,4,75.25
TXN-0006810,ST-TOR-002,Central,N,Mobile,6,3,19.93
TXN-0006811,ST-TOR-002,Central,Y,Mobile,1,1,12.38
TXN-0006812,ST-TOR-002,Central,Y,Cash,7,5,77.66
TXN-0006813,ST-TOR-002,Central,Y,Cash,4,2,23.25
TXN-0006814,ST-TOR-002,Central,Y,Debit,4,2,24.94
TXN-0006815,ST-TOR-002,Central,Y,Mobile,7,5,88.34
TXN-0006816,ST-TOR-002,Central,Y,Cash,6,4,55.04
TXN-0006817,ST-SCA-001,Central,Y,Debit,6,4,58.18
TXN-0006818,ST-SCA-001,Central,Y,Credit,3,3,30.22
TXN-0006819,ST-SCA-001,Central,Y,Cash,2,1,8.46
TXN-0006820,ST-SCA-001,Central,Y,Mobile,5,4,50.41
TXN-0006821,ST-SCA-001,Central,Y,Credit,9,5,93.82
TXN-0006822,ST-SCA-001,Central,Y,Credit,3,2,17.88
TXN-0006823,ST-SCA-001,Central,Y,Debit,6,5,45.38
TXN-0006824,ST-SCA-001,Central,N,Credit,5,2,42.65
TXN-0006825,ST-SCA-001,Central,Y,Debit,6,4,44.66
TXN-0006826,ST-SCA-001,Central,Y,Cash,6,6,47.01
TXN-0006827,ST-SCA-001,Central,Y,Debit,3,2,44.09
TXN-0006828,ST-SCA-001,Central,N,Debit,4,4,42.30
TXN-0006829,ST-SCA-001,Central,Y,Debit,8,3,22.48
TXN-0006830,ST-SCA-001,Central,Y,Credit,3,2,15.40
TXN-0006831,ST-SCA-001,Central,Y,Credit,4,4,50.94
TXN-0006832,ST-SCA-001,Central,Y,Debit,4,2,56.98
TXN-0006833,ST-SCA-001,Central,N,Credit,6,3,63.28
TXN-0006834,ST-MIS-001,Central,N,Debit,6,3,48.92
TXN-0006835,ST-MIS-001,Central,Y,Debit,2,2,6.45
TXN-0006836,ST-MIS-001,Central,N,Debit,9,4,95.43
TXN-0006837,ST-MIS-001,Central,Y,Mobile,3,2,14.96
TXN-0006838,ST-MIS-001,Central,Y,Credit,8,6,81.30
TXN-0006839,ST-MIS-001,Central,N,Credit,7,5,33.93
TXN-0006840,ST-MIS-001,Central,Y,Credit,3,1,9.72
TXN-0006841,ST-MIS-001,Central,Y,Credit,1,1,15.94
TXN-0006842,ST-MIS-001,Central,Y,Debit,8,4,78.46
TXN-0006843,ST-MIS-001,Central,N,Credit,5,3,28.46
TXN-0006844,ST-MIS-001,Central,N,Credit,4,3,57.04
TXN-0006845,ST-MIS-001,Central,N,Cash,1,1,3.26
TXN-0006846,ST-MIS-001,Central,N,Cash,6,3,48.18
TXN-0006847,ST-MIS-001,Central,Y,Debit,17,7,145.95
TXN-0006848,ST-MIS-001,Central,N,Cash,2,2,11.62
TXN-0006849,ST-BRA-001,Central,Y,Credit,6,4,60.13
TXN-0006850,ST-BRA-001,Central,Y,Cash,2,2,8.76
TXN-0006851,ST-BRA-001,Central,N,Mobile,8,4,115.82
TXN-0006852,ST-BRA-001,Central,Y,Cash,4,4,54.97
TXN-0006853,ST-BRA-001,Central,Y,Debit,7,5,71.15
TXN-0006854,ST-BRA-001,Central,N,Cash,3,3,34.24
TXN-0006855,ST-BRA-001,Central,Y,Mobile,2,2,17.83
TXN-0006856,ST-BRA-001,Central,Y,Debit,5,2,59.71
TXN-0006857,ST-BRA-001,Central,Y,Debit,1,1,12.16
TXN-0006858,ST-BRA-001,Central,Y,Debit,5,2,38.76
TXN-0006859,ST-BRA-001,Central,N,Cash,6,4,49.30
TXN-0006860,ST-BRA-001,Central,N,Debit,5,3,31.36
TXN-0006861,ST-BRA-001,Central,N,Credit,1,1,8.88
TXN-0006862,ST-BRA-001,Central,Y,Credit,3,3,31.09
TXN-0006863,ST-HAM-001,Central,Y,Credit,4,3,37.90
TXN-0006864,ST-HAM-001,Central,Y,Credit,5,3,67.46
TXN-0006865,ST-HAM-001,Central,Y,Debit,3,3,33.95
TXN-0006866,ST-HAM-001,Central,Y,Cash,8,3,65.55
TXN-0006867,ST-HAM-001,Central,Y,Cash,3,2,42.49
TXN-0006868,ST-HAM-001,Central,N,Mobile,3,1,51.81
TXN-0006869,ST-HAM-001,Central,Y,Debit,2,2,21.79
TXN-0006870,ST-HAM-001,Central,N,Cash,6,4,60.02
TXN-0006871,ST-HAM-001,Central,Y,Cash,6,4,58.30
TXN-0006872,ST-HAM-001,Central,N,Debit,3,2,26.33
TXN-0006873,ST-HAM-001,Central,N,Debit,5,2,48.59
TXN-0006874,ST-KIT-001,Central,Y,Debit,3,2,8.58
TXN-0006875,ST-KIT-001,Central,Y,Cash,6,5,53.60
TXN-0006876,ST-KIT-001,Central,Y,Credit,3,1,52.65
TXN-0006877,ST-KIT-001,Central,N,Credit,2,2,14.08
TXN-0006878,ST-KIT-001,Central,N,Mobile,4,2,20.63
TXN-0006879,ST-KIT-001,Central,N,Debit,1,1,17.13
TXN-0006880,ST-KIT-001,Central,Y,Debit,6,6,50.96
TXN-0006881,ST-KIT-001,Central,Y,Debit,1,1,5.46
TXN-0006882,ST-KIT-001,Central,Y,Debit,5,5,52.54
TXN-0006883,ST-KIT-001,Central,N,Cash,7,4,79.67
TXN-0006884,ST-KIT-001,Central,N,Credit,8,7,76.24
TXN-0006885,ST-KIT-001,Central,Y,Debit,5,3,44.15
TXN-0006886,ST-LON-001,Central,Y,Debit,10,6,73.57
TXN-0006887,ST-LON-001,Central,Y,Credit,8,7,93.17
TXN-0006888,ST-LON-001,Central,Y,Debit,4,3,38.52
TXN-0006889,ST-LON-001,Central,Y,Credit,1,1,11.30
TXN-0006890,ST-LON-001,Central,Y,Credit,8,6,60.59
TXN-0006891,ST-LON-001,Central,N,Mobile,2,2,16.29
TXN-0006892,ST-LON-001,Central,N,Debit,3,2,42.70
TXN-0006893,ST-LON-001,Central,N,Credit,5,3,39.90
TXN-0006894,ST-LON-001,Central,Y,Mobile,3,2,9.84
TXN-0006895,ST-LON-001,Central,Y,Credit,4,4,19.31
TXN-0006896,ST-LON-001,Central,N,Debit,5,3,60.85
TXN-0006897,ST-LON-001,Central,Y,Debit,4,3,34.82
TXN-0006898,ST-LON-001,Central,Y,Mobile,7,3,87.80
TXN-0006899,ST-LON-001,Central,Y,Credit,3,3,41.62
TXN-0006900,ST-LON-001,Central,N,Credit,5,4,45.64
TXN-0006901,ST-OTT-001,Eastern,Y,Debit,3,3,42.22
TXN-0006902,ST-OTT-001,Eastern,Y,Mobile,3,3,40.64
TXN-0006903,ST-OTT-001,Eastern,Y,Credit,4,4,29.02
TXN-0006904,ST-OTT-001,Eastern,Y,Debit,3,2,13.89
TXN-0006905,ST-OTT-001,Eastern,Y,Debit,5,4,39.66
TXN-0006906,ST-OTT-001,Eastern,Y,Debit,5,4,58.51
TXN-0006907,ST-OTT-001,Eastern,Y,Mobile,6,3,30.22
TXN-0006908,ST-OTT-001,Eastern,Y,Credit,10,6,83.76
TXN-0006909,ST-OTT-001,Eastern,Y,Credit,3,1,26.16
TXN-0006910,ST-OTT-001,Eastern,Y,Credit,11,7,90.99
TXN-0006911,ST-OTT-001,Eastern,Y,Mobile,11,6,98.18
TXN-0006912,ST-OTT-001,Eastern,Y,Debit,3,3,23.82
TXN-0006913,ST-OTT-001,Eastern,N,Cash,4,3,40.09
TXN-0006914,ST-OTT-001,Eastern,Y,Debit,4,4,37.76
TXN-0006915,ST-OTT-001,Eastern,Y,Cash,6,3,22.69
TXN-0006916,ST-OTT-001,Eastern,N,Credit,5,3,40.76
TXN-0006917,ST-OTT-001,Eastern,Y,Credit,1,1,5.54
TXN-0006918,ST-OTT-002,Eastern,Y,Credit,2,1,32.16
TXN-0006919,ST-OTT-002,Eastern,N,Mobile,2,2,22.75
TXN-0006920,ST-OTT-002,Eastern,Y,Cash,6,6,47.41
TXN-0006921,ST-OTT-002,Eastern,Y,Cash,3,3,27.10
TXN-0006922,ST-OTT-002,Eastern,Y,Debit,2,2,23.41
TXN-0006923,ST-OTT-002,Eastern,Y,Debit,2,2,23.13
TXN-0006924,ST-OTT-002,Eastern,N,Debit,1,1,5.04
TXN-0006925,ST-OTT-002,Eastern,Y,Debit,7,5,61.87
TXN-0006926,ST-OTT-002,Eastern,Y,Debit,8,6,73.26
TXN-0006927,ST-CAL-001,Western,Y,Credit,5,3,62.60
TXN-0006928,ST-CAL-001,Western,N,Debit,3,2,44.41
TXN-0006929,ST-CAL-001,Western,Y,Debit,2,2,17.15
TXN-0006930,ST-CAL-001,Western,Y,Cash,3,1,25.65
TXN-0006931,ST-CAL-001,Western,Y,Mobile,6,4,67.26
TXN-0006932,ST-CAL-001,Western,Y,Credit,2,1,14.30
TXN-0006933,ST-CAL-001,Western,N,Credit,5,3,24.60
TXN-0006934,ST-CAL-001,Western,Y,Debit,6,4,27.04
TXN-0006935,ST-CAL-001,Western,Y,Credit,2,2,24.19
TXN-0006936,ST-CAL-001,Western,Y,Debit,7,5,67.45
TXN-0006937,ST-CAL-001,Western,Y,Credit,2,1,29.90
TXN-0006938,ST-CAL-001,Western,Y,Debit,5,3,32.40
TXN-0006939,ST-CAL-001,Western,Y,Debit,5,4,62.95
TXN-0006940,ST-CAL-001,Western,Y,Credit,1,1,13.00
TXN-0006941,ST-CAL-001,Western,N,Credit,1,1,13.79
TXN-0006942,ST-CAL-001,Western,Y,Credit,3,3,42.22
TXN-0006943,ST-CAL-001,Western,N,Debit,7,4,61.49
TXN-0006944,ST-CAL-001,Western,Y,Cash,8,4,74.05
TXN-0006945,ST-CAL-001,Western,Y,Credit,9,6,90.27
TXN-0006946,ST-CAL-001,Western,Y,Credit,2,1,26.94
TXN-0006947,ST-CAL-001,Western,Y,Debit,2,2,25.05
TXN-0006948,ST-EDM-001,Western,Y,Debit,5,4,31.48
TXN-0006949,ST-EDM-001,Western,Y,Credit,4,3,48.92
TXN-0006950,ST-EDM-001,Western,Y,Cash,5,2,57.67
TXN-0006951,ST-EDM-001,Western,N,Credit,8,6,58.47
TXN-0006952,ST-EDM-001,Western,N,Credit,1,1,12.00
TXN-0006953,ST-EDM-001,Western,Y,Credit,1,1,7.07
TXN-0006954,ST-EDM-001,Western,Y,Debit,3,3,20.11
TXN-0006955,ST-EDM-001,Western,Y,Debit,6,5,63.72
TXN-0006956,ST-EDM-001,Western,Y,Credit,3,3,23.12
TXN-0006957,ST-EDM-001,Western,Y,Debit,6,2,38.06
TXN-0006958,ST-EDM-001,Western,Y,Credit,3,2,41.36
TXN-0006959,ST-EDM-001,Western,Y,Credit,4,2,50.71
TXN-0006960,ST-EDM-001,Western,Y,Debit,9,6,49.97
TXN-0006961,ST-EDM-001,Western,N,Debit,4,3,34.46
TXN-0006962,ST-EDM-001,Western,Y,Debit,4,3,37.57
TXN-0006963,ST-TOR-001,Central,Y,Credit,2,2,19.83
TXN-0006964,ST-TOR-001,Central,N,Credit,2,2,13.71
TXN-0006965,ST-TOR-001,Central,N,Debit,9,5,72.96
TXN-0006966,ST-TOR-001,Central,Y,Credit,5,2,31.75
TXN-0006967,ST-TOR-001,Central,Y,Credit,4,3,48.76
TXN-0006968,ST-TOR-001,Central,N,Credit,4,3,33.30
TXN-0006969,ST-TOR-001,Central,N,Debit,5,2,70.45
TXN-0006970,ST-TOR-001,Central,N,Credit,5,4,38.43
TXN-0006971,ST-TOR-001,Central,Y,Debit,4,2,18.36
TXN-0006972,ST-TOR-001,Central,Y,Debit,2,2,17.99
TXN-0006973,ST-TOR-001,Central,Y,Debit,9,5,64.14
TXN-0006974,ST-TOR-001,Central,Y,Debit,6,3,71.63
TXN-0006975,ST-TOR-001,Central,Y,Cash,3,3,23.48
TXN-0006976,ST-TOR-002,Central,N,Debit,4,3,29.01
TXN-0006977,ST-TOR-002,Central,Y,Credit,3,2,30.09
TXN-0006978,ST-TOR-002,Central,Y,Debit,5,4,43.67
TXN-0006979,ST-TOR-002,Central,N,Debit,1,1,12.37
TXN-0006980,ST-TOR-002,Central,Y,Credit,2,2,12.00
TXN-0006981,ST-TOR-002,Central,Y,Credit,4,3,35.98
TXN-0006982,ST-TOR-002,Central,Y,Credit,1,1,14.89
TXN-0006983,ST-TOR-002,Central,Y,Debit,4,2,21.16
TXN-0006984,ST-TOR-002,Central,Y,Credit,3,3,12.81
TXN-0006985,ST-TOR-002,Central,N,Credit,4,2,8.99
TXN-0006986,ST-TOR-002,Central,N,Cash,1,1,7.08
TXN-0006987,ST-TOR-002,Central,Y,Debit,4,3,28.07
TXN-0006988,ST-TOR-002,Central,N,Credit,8,6,84.95
TXN-0006989,ST-TOR-002,Central,N,Credit,7,5,79.34
TXN-0006990,ST-SCA-001,Central,Y,Credit,2,2,18.42
TXN-0006991,ST-SCA-001,Central,N,Credit,7,5,63.00
TXN-0006992,ST-SCA-001,Central,Y,Credit,4,1,58.84
TXN-0006993,ST-SCA-001,Central,Y,Debit,6,3,48.49
TXN-0006994,ST-SCA-001,Central,Y,Credit,3,3,23.49
TXN-0006995,ST-SCA-001,Central,N,Debit,4,3,25.00
TXN-0006996,ST-SCA-001,Central,Y,Debit,5,3,45.04
TXN-0006997,ST-SCA-001,Central,Y,Debit,5,3,53.95
TXN-0006998,ST-SCA-001,Central,Y,Mobile,5,3,16.90
TXN-0006999,ST-MIS-001,Central,Y,Credit,5,3,30.30
TXN-0007000,ST-MIS-001,Central,Y,Credit,8,4,41.99
TXN-0007001,ST-MIS-001,Central,N,Credit,3,3,28.94
TXN-0007002,ST-MIS-001,Central,Y,Credit,7,3,67.56
TXN-0007003,ST-MIS-001,Central,Y,Credit,4,2,43.30
TXN-0007004,ST-MIS-001,Central,Y,Mobile,6,4,20.30
TXN-0007005,ST-MIS-001,Central,Y,Credit,8,5,70.89
TXN-0007006,ST-MIS-001,Central,Y,Credit,4,4,24.36
TXN-0007007,ST-MIS-001,Central,Y,Credit,4,4,44.41
TXN-0007008,ST-MIS-001,Central,Y,Debit,3,3,29.50
TXN-0007009,ST-MIS-001,Central,Y,Debit,1,1,2.58
TXN-0007010,ST-MIS-001,Central,Y,Debit,1,1,15.33
TXN-0007011,ST-MIS-001,Central,Y,Credit,9,4,85.87
TXN-0007012,ST-MIS-001,Central,N,Credit,5,4,39.00
TXN-0007013,ST-MIS-001,Central,Y,Credit,5,3,53.11
TXN-0007014,ST-BRA-001,Central,Y,Credit,6,5,71.84
TXN-0007015,ST-BRA-001,Central,Y,Debit,6,4,63.23
TXN-0007016,ST-BRA-001,Central,Y,Debit,5,3,50.78
TXN-0007017,ST-BRA-001,Central,Y,Credit,2,2,18.27
TXN-0007018,ST-BRA-001,Central,Y,Debit,6,5,80.96
TXN-0007019,ST-BRA-001,Central,Y,Credit,1,1,10.19
TXN-0007020,ST-BRA-001,Central,N,Debit,4,3,30.23
TXN-0007021,ST-BRA-001,Central,Y,Debit,9,5,41.68
TXN-0007022,ST-BRA-001,Central,N,Mobile,5,3,51.28
TXN-0007023,ST-BRA-001,Central,N,Debit,5,4,47.19
TXN-0007024,ST-BRA-001,Central,N,Debit,7,4,48.01
TXN-0007025,ST-BRA-001,Central,N,Credit,12,7,97.07
TXN-0007026,ST-BRA-001,Central,N,Debit,6,4,32.22
TXN-0007027,ST-HAM-001,Central,Y,Credit,4,4,39.82
TXN-0007028,ST-HAM-001,Central,Y,Credit,5,3,37.15
TXN-0007029,ST-HAM-001,Central,Y,Debit,5,4,41.40
TXN-0007030,ST-HAM-001,Central,Y,Debit,2,2,21.52
TXN-0007031,ST-HAM-001,Central,Y,Debit,11,4,75.01
TXN-0007032,ST-HAM-001,Central,Y,Cash,2,2,5.52
TXN-0007033,ST-HAM-001,Central,Y,Credit,2,2,24.56
TXN-0007034,ST-HAM-001,Central,Y,Debit,6,3,67.98
TXN-0007035,ST-KIT-001,Central,Y,Credit,4,3,10.48
TXN-0007036,ST-KIT-001,Central,Y,Debit,3,2,21.01
TXN-0007037,ST-KIT-001,Central,Y,Credit,6,4,60.06
TXN-0007038,ST-KIT-001,Central,N,Debit,7,5,56.32
TXN-0007039,ST-KIT-001,Central,N,Credit,15,7,179.64
TXN-0007040,ST-KIT-001,Central,Y,Mobile,7,5,67.65
TXN-0007041,ST-KIT-001,Central,Y,Debit,8,5,61.60
TXN-0007042,ST-KIT-001,Central,Y,Credit,4,2,29.81
TXN-0007043,ST-KIT-001,Central,Y,Cash,7,2,19.41
TXN-0007044,ST-LON-001,Central,N,Credit,7,3,46.34
TXN-0007045,ST-LON-001,Central,N,Credit,7,2,19.44
TXN-0007046,ST-LON-001,Central,Y,Cash,6,4,56.87
TXN-0007047,ST-OTT-001,Eastern,N,Credit,10,6,104.56
TXN-0007048,ST-OTT-001,Eastern,N,Debit,3,1,41.46
TXN-0007049,ST-OTT-001,Eastern,N,Credit,4,2,35.82
TXN-0007050,ST-OTT-001,Eastern,Y,Credit,4,4,29.41
TXN-0007051,ST-OTT-001,Eastern,Y,Debit,4,3,31.20
TXN-0007052,ST-OTT-001,Eastern,Y,Cash,2,1,27.22
TXN-0007053,ST-OTT-001,Eastern,N,Debit,8,5,72.36
TXN-0007054,ST-OTT-001,Eastern,Y,Debit,7,4,85.06
TXN-0007055,ST-OTT-001,Eastern,Y,Cash,4,3,42.57
TXN-0007056,ST-OTT-001,Eastern,Y,Debit,7,4,68.51
TXN-0007057,ST-OTT-001,Eastern,N,Debit,2,2,33.52
TXN-0007058,ST-OTT-001,Eastern,N,Credit,6,3,42.82
TXN-0007059,ST-OTT-001,Eastern,Y,Debit,4,2,53.86
TXN-0007060,ST-OTT-001,Eastern,Y,Credit,2,1,26.70
TXN-0007061,ST-OTT-002,Eastern,Y,Credit,3,3,31.88
TXN-0007062,ST-OTT-002,Eastern,Y,Debit,4,4,28.63
TXN-0007063,ST-OTT-002,Eastern,Y,Debit,3,3,27.47
TXN-0007064,ST-OTT-002,Eastern,Y,Cash,7,3,109.77
TXN-0007065,ST-OTT-002,Eastern,Y,Debit,6,3,64.83
TXN-0007066,ST-OTT-002,Eastern,N,Credit,7,4,62.83
TXN-0007067,ST-OTT-002,Eastern,Y,Credit,6,4,92.72
TXN-0007068,ST-CAL-001,Western,Y,Credit,8,5,84.56
TXN-0007069,ST-CAL-001,Western,N,Credit,3,2,36.37
TXN-0007070,ST-CAL-001,Western,N,Credit,14,5,168.31
TXN-0007071,ST-CAL-001,Western,Y,Debit,9,4,110.44
TXN-0007072,ST-CAL-001,Western,N,Credit,1,1,12.35
TXN-0007073,ST-CAL-001,Western,Y,Debit,5,4,56.78
TXN-0007074,ST-CAL-001,Western,Y,Credit,3,3,30.37
TXN-0007075,ST-CAL-001,Western,Y,Credit,5,5,37.19
TXN-0007076,ST-CAL-001,Western,N,Debit,4,3,23.07
TXN-0007077,ST-CAL-001,Western,N,Mobile,5,2,12.30
TXN-0007078,ST-CAL-001,Western,Y,Debit,3,3,14.71
TXN-0007079,ST-CAL-001,Western,Y,Cash,5,3,21.09
TXN-0007080,ST-CAL-001,Western,N,Credit,4,2,15.57
TXN-0007081,ST-EDM-001,Western,Y,Credit,9,6,62.10
TXN-0007082,ST-EDM-001,Western,Y,Debit,2,2,14.60
TXN-0007083,ST-EDM-001,Western,Y,Debit,12,6,75.42
TXN-0007084,ST-EDM-001,Western,Y,Credit,11,6,119.84
TXN-0007085,ST-EDM-001,Western,Y,Mobile,3,2,29.63
TXN-0007086,ST-EDM-001,Western,Y,Cash,12,7,91.09
TXN-0007087,ST-EDM-001,Western,Y,Cash,7,5,67.16
TXN-0007088,ST-EDM-001,Western,N,Debit,7,5,56.00
TXN-0007089,ST-EDM-001,Western,Y,Credit,6,3,65.39
TXN-0007090,ST-EDM-001,Western,N,Credit,2,1,6.86
TXN-0007091,ST-EDM-001,Western,Y,Credit,6,3,65.46
TXN-0007092,ST-TOR-001,Central,Y,Debit,2,2,28.73
TXN-0007093,ST-TOR-001,Central,N,Mobile,3,2,9.75
TXN-0007094,ST-TOR-001,Central,Y,Credit,1,1,2.27
TXN-0007095,ST-TOR-001,Central,Y,Debit,1,1,12.23
TXN-0007096,ST-TOR-001,Central,Y,Debit,3,2,19.89
TXN-0007097,ST-TOR-001,Central,Y,Debit,1,1,8.72
TXN-0007098,ST-TOR-001,Central,N,Debit,4,3,28.12
TXN-0007099,ST-TOR-001,Central,Y,Credit,3,3,15.23
TXN-0007100,ST-TOR-001,Central,N,Debit,4,2,52.75
TXN-0007101,ST-TOR-001,Central,N,Debit,1,1,7.90
TXN-0007102,ST-TOR-001,Central,Y,Credit,4,3,28.91
TXN-0007103,ST-TOR-001,Central,Y,Credit,3,2,44.72
TXN-0007104,ST-TOR-001,Central,Y,Debit,4,3,11.72
TXN-0007105,ST-TOR-001,Central,N,Credit,9,4,121.56
TXN-0007106,ST-TOR-001,Central,Y,Debit,5,4,26.08
TXN-0007107,ST-TOR-001,Central,Y,Credit,2,2,27.65
TXN-0007108,ST-TOR-001,Central,Y,Debit,11,6,94.98
TXN-0007109,ST-TOR-001,Central,N,Credit,5,3,21.44
TXN-0007110,ST-TOR-001,Central,N,Debit,2,1,8.58
TXN-0007111,ST-TOR-002,Central,Y,Credit,3,2,15.41
TXN-0007112,ST-TOR-002,Central,Y,Debit,3,3,26.94
TXN-0007113,ST-TOR-002,Central,Y,Debit,4,3,22.91
TXN-0007114,ST-TOR-002,Central,Y,Debit,3,3,25.59
TXN-0007115,ST-TOR-002,Central,N,Debit,8,4,62.96
TXN-0007116,ST-TOR-002,Central,N,Cash,3,3,34.54
TXN-0007117,ST-TOR-002,Central,N,Credit,6,3,55.17
TXN-0007118,ST-TOR-002,Central,N,Debit,3,2,30.06
TXN-0007119,ST-TOR-002,Central,Y,Mobile,6,2,28.20
TXN-0007120,ST-TOR-002,Central,Y,Credit,5,4,30.16
TXN-0007121,ST-TOR-002,Central,N,Credit,5,3,64.88
TXN-0007122,ST-TOR-002,Central,Y,Credit,6,4,48.85
TXN-0007123,ST-TOR-002,Central,Y,Debit,2,1,12.50
TXN-0007124,ST-TOR-002,Central,N,Cash,10,4,91.02
TXN-0007125,ST-TOR-002,Central,N,Debit,6,5,65.94
TXN-0007126,ST-TOR-002,Central,Y,Cash,3,2,37.66
TXN-0007127,ST-TOR-002,Central,N,Debit,7,5,68.60
TXN-0007128,ST-SCA-001,Central,N,Debit,9,5,71.77
TXN-0007129,ST-SCA-001,Central,N,Credit,5,2,36.20
TXN-0007130,ST-SCA-001,Central,Y,Debit,3,2,36.79
TXN-0007131,ST-SCA-001,Central,Y,Debit,6,3,47.83
TXN-0007132,ST-SCA-001,Central,Y,Credit,12,6,86.95
TXN-0007133,ST-SCA-001,Central,N,Cash,1,1,15.15
TXN-0007134,ST-SCA-001,Central,N,Cash,1,1,11.28
TXN-0007135,ST-MIS-001,Central,Y,Debit,9,5,42.60
TXN-0007136,ST-MIS-001,Central,Y,Credit,1,1,3.27
TXN-0007137,ST-MIS-001,Central,N,Debit,2,2,18.75
TXN-0007138,ST-MIS-001,Central,N,Credit,2,2,10.41
TXN-0007139,ST-MIS-001,Central,Y,Credit,5,4,43.57
TXN-0007140,ST-MIS-001,Central,N,Debit,5,2,20.81
TXN-0007141,ST-MIS-001,Central,Y,Credit,2,2,15.88
TXN-0007142,ST-MIS-001,Central,Y,Mobile,1,1,7.11
TXN-0007143,ST-MIS-001,Central,Y,Credit,9,4,61.77
TXN-0007144,ST-MIS-001,Central,Y,Credit,6,4,62.63
TXN-0007145,ST-MIS-001,Central,Y,Debit,10,4,92.22
TXN-0007146,ST-BRA-001,Central,N,Debit,3,2,21.58
TXN-0007147,ST-BRA-001,Central,N,Credit,4,3,21.93
TXN-0007148,ST-BRA-001,Central,Y,Credit,4,2,47.31
TXN-0007149,ST-BRA-001,Central,Y,Credit,3,1,13.05
TXN-0007150,ST-BRA-001,Central,Y,Credit,3,2,19.80
TXN-0007151,ST-BRA-001,Central,Y,Credit,9,5,101.69
TXN-0007152,ST-BRA-001,Central,N,Debit,1,1,5.63
TXN-0007153,ST-HAM-001,Central,Y,Mobile,6,4,65.26
TXN-0007154,ST-HAM-001,Central,Y,Credit,5,4,48.90
TXN-0007155,ST-HAM-001,Central,Y,Debit,3,2,24.30
TXN-0007156,ST-HAM-001,Central,Y,Credit,8,4,77.55
TXN-0007157,ST-HAM-001,Central,N,Debit,4,2,51.88
TXN-0007158,ST-HAM-001,Central,Y,Credit,6,4,58.43
TXN-0007159,ST-HAM-001,Central,Y,Credit,8,6,95.15
TXN-0007160,ST-HAM-001,Central,Y,Cash,8,5,91.17
TXN-0007161,ST-HAM-001,Central,Y,Debit,3,1,49.38
TXN-0007162,ST-HAM-001,Central,N,Debit,1,1,8.57
TXN-0007163,ST-HAM-001,Central,Y,Mobile,5,4,52.35
TXN-0007164,ST-KIT-001,Central,Y,Debit,8,5,72.57
TXN-0007165,ST-KIT-001,Central,Y,Mobile,3,1,32.61
TXN-0007166,ST-KIT-001,Central,Y,Credit,4,1,12.92
TXN-0007167,ST-KIT-001,Central,N,Cash,4,1,48.16
TXN-0007168,ST-KIT-001,Central,Y,Credit,6,3,30.26
TXN-0007169,ST-KIT-001,Central,Y,Cash,5,3,61.71
TXN-0007170,ST-KIT-001,Central,Y,Debit,2,2,27.64
TXN-0007171,ST-KIT-001,Central,Y,Credit,6,3,65.89
TXN-0007172,ST-KIT-001,Central,N,Debit,13,6,106.43
TXN-0007173,ST-KIT-001,Central,Y,Cash,3,3,36.57
TXN-0007174,ST-KIT-001,Central,Y,Debit,4,3,42.19
TXN-0007175,ST-LON-001,Central,Y,Cash,1,1,15.12
TXN-0007176,ST-LON-001,Central,N,Debit,5,3,44.40
TXN-0007177,ST-LON-001,Central,Y,Credit,7,6,62.41
TXN-0007178,ST-LON-001,Central,Y,Debit,1,1,3.33
TXN-0007179,ST-LON-001,Central,Y,Mobile,4,3,45.43
TXN-0007180,ST-LON-001,Central,Y,Credit,6,3,81.79
TXN-0007181,ST-LON-001,Central,Y,Debit,4,3,30.83
TXN-0007182,ST-LON-001,Central,N,Credit,2,1,28.84
TXN-0007183,ST-OTT-001,Eastern,Y,Debit,4,3,34.76
TXN-0007184,ST-OTT-001,Eastern,Y,Debit,3,1,38.82
TXN-0007185,ST-OTT-001,Eastern,Y,Debit,5,3,10.96
TXN-0007186,ST-OTT-001,Eastern,Y,Debit,1,1,13.26
TXN-0007187,ST-OTT-001,Eastern,Y,Credit,6,4,59.15
TXN-0007188,ST-OTT-001,Eastern,Y,Cash,2,1,25.02
TXN-0007189,ST-OTT-001,Eastern,N,Debit,4,3,41.74
TXN-0007190,ST-OTT-001,Eastern,Y,Debit,7,5,49.97
TXN-0007191,ST-OTT-001,Eastern,Y,Debit,6,3,70.01
TXN-0007192,ST-OTT-001,Eastern,Y,Credit,4,3,49.88
TXN-0007193,ST-OTT-001,Eastern,N,Credit,7,4,54.54
TXN-0007194,ST-OTT-001,Eastern,N,Credit,5,4,30.57
TXN-0007195,ST-OTT-001,Eastern,N,Debit,4,3,22.66
TXN-0007196,ST-OTT-001,Eastern,Y,Debit,4,2,44.29
TXN-0007197,ST-OTT-001,Eastern,Y,Debit,6,5,58.43
TXN-0007198,ST-OTT-001,Eastern,N,Credit,2,2,11.83
TXN-0007199,ST-OTT-001,Eastern,Y,Debit,3,3,35.00
TXN-0007200,ST-OTT-001,Eastern,Y,Credit,4,3,19.27
TXN-0007201,ST-OTT-002,Eastern,N,Debit,7,6,46.89
TXN-0007202,ST-OTT-002,Eastern,Y,Debit,3,2,13.15
TXN-0007203,ST-OTT-002,Eastern,N,Cash,3,2,22.11
TXN-0007204,ST-OTT-002,Eastern,N,Debit,2,2,19.50
TXN-0007205,ST-OTT-002,Eastern,Y,Mobile,3,2,38.66
TXN-0007206,ST-OTT-002,Eastern,Y,Debit,7,5,41.31
TXN-0007207,ST-OTT-002,Eastern,N,Debit,3,1,37.44
TXN-0007208,ST-OTT-002,Eastern,Y,Debit,5,3,60.61
TXN-0007209,ST-CAL-001,Western,Y,Credit,4,1,53.64
TXN-0007210,ST-CAL-001,Western,Y,Debit,6,3,75.11
TXN-0007211,ST-CAL-001,Western,Y,Credit,6,4,73.68
TXN-0007212,ST-CAL-001,Western,Y,Debit,8,5,81.74
TXN-0007213,ST-CAL-001,Western,N,Credit,5,3,54.59
TXN-0007214,ST-CAL-001,Western,Y,Credit,2,2,16.91
TXN-0007215,ST-CAL-001,Western,N,Credit,3,2,38.60
TXN-0007216,ST-CAL-001,Western,Y,Credit,4,3,27.37
TXN-0007217,ST-CAL-001,Western,Y,Mobile,6,4,48.09
TXN-0007218,ST-CAL-001,Western,N,Credit,2,2,8.74
TXN-0007219,ST-CAL-001,Western,Y,Debit,1,1,14.06
TXN-0007220,ST-CAL-001,Western,N,Debit,11,5,117.45
TXN-0007221,ST-CAL-001,Western,Y,Credit,10,4,34.85
TXN-0007222,ST-CAL-001,Western,N,Credit,6,3,57.69
TXN-0007223,ST-EDM-001,Western,N,Debit,2,2,8.21
TXN-0007224,ST-EDM-001,Western,Y,Debit,4,2,60.46
TXN-0007225,ST-EDM-001,Western,N,Credit,1,1,13.47
TXN-0007226,ST-EDM-001,Western,Y,Credit,1,1,12.83
TXN-0007227,ST-EDM-001,Western,Y,Credit,4,4,41.57
TXN-0007228,ST-EDM-001,Western,Y,Credit,7,4,88.12
TXN-0007229,ST-EDM-001,Western,Y,Debit,5,2,71.20
TXN-0007230,ST-EDM-001,Western,Y,Debit,4,3,45.46
TXN-0007231,ST-EDM-001,Western,Y,Credit,5,3,33.79
TXN-0007232,ST-EDM-001,Western,Y,Credit,11,7,62.30
TXN-0007233,ST-EDM-001,Western,Y,Credit,2,2,14.34
TXN-0007234,ST-EDM-001,Western,Y,Debit,6,3,67.21
TXN-0007235,ST-EDM-001,Western,Y,Mobile,7,4,72.71
TXN-0007236,ST-EDM-001,Western,Y,Debit,4,3,51.66
TXN-0007237,ST-TOR-001,Central,Y,Debit,4,2,44.56
TXN-0007238,ST-TOR-001,Central,Y,Debit,4,3,51.14
TXN-0007239,ST-TOR-001,Central,N,Debit,5,4,42.42
TXN-0007240,ST-TOR-001,Central,Y,Credit,7,4,92.72
TXN-0007241,ST-TOR-001,Central,N,Debit,5,4,58.44
TXN-0007242,ST-TOR-001,Central,Y,Credit,11,6,81.19
TXN-0007243,ST-TOR-001,Central,N,Credit,4,3,27.77
TXN-0007244,ST-TOR-001,Central,Y,Credit,5,2,73.75
TXN-0007245,ST-TOR-001,Central,N,Cash,3,2,32.60
TXN-0007246,ST-TOR-001,Central,N,Debit,1,1,3.29
TXN-0007247,ST-TOR-001,Central,Y,Debit,2,1,4.48
TXN-0007248,ST-TOR-001,Central,Y,Debit,6,4,38.08
TXN-0007249,ST-TOR-001,Central,N,Debit,8,4,59.90
TXN-0007250,ST-TOR-001,Central,Y,Credit,2,1,31.08
TXN-0007251,ST-TOR-001,Central,N,Debit,3,2,34.78
TXN-0007252,ST-TOR-001,Central,Y,Mobile,6,4,56.84
TXN-0007253,ST-TOR-001,Central,Y,Credit,6,4,45.40
TXN-0007254,ST-TOR-002,Central,Y,Debit,3,2,25.54
TXN-0007255,ST-TOR-002,Central,N,Credit,7,4,79.97
TXN-0007256,ST-TOR-002,Central,Y,Cash,2,2,18.62
TXN-0007257,ST-TOR-002,Central,Y,Mobile,2,2,24.62
TXN-0007258,ST-TOR-002,Central,N,Credit,3,2,41.37
TXN-0007259,ST-TOR-002,Central,Y,Debit,2,2,29.03
TXN-0007260,ST-TOR-002,Central,Y,Credit,7,3,47.45
TXN-0007261,ST-TOR-002,Central,Y,Debit,6,4,63.41
TXN-0007262,ST-TOR-002,Central,Y,Debit,6,4,34.06
TXN-0007263,ST-TOR-002,Central,Y,Credit,7,5,79.16
TXN-0007264,ST-TOR-002,Central,Y,Cash,3,2,28.16
TXN-0007265,ST-TOR-002,Central,Y,Cash,9,6,78.72
TXN-0007266,ST-TOR-002,Central,N,Credit,3,3,17.14
TXN-0007267,ST-TOR-002,Central,Y,Credit,5,2,24.74
TXN-0007268,ST-TOR-002,Central,Y,Credit,8,3,95.70
TXN-0007269,ST-TOR-002,Central,N,Credit,5,2,70.91
TXN-0007270,ST-TOR-002,Central,N,Debit,2,2,22.54
TXN-0007271,ST-TOR-002,Central,Y,Debit,4,3,33.20
TXN-0007272,ST-SCA-001,Central,N,Credit,7,5,65.75
TXN-0007273,ST-SCA-001,Central,N,Debit,3,2,24.38
TXN-0007274,ST-SCA-001,Central,Y,Credit,6,4,77.07
TXN-0007275,ST-SCA-001,Central,Y,Debit,7,6,74.02
TXN-0007276,ST-SCA-001,Central,Y,Debit,6,5,42.99
TXN-0007277,ST-SCA-001,Central,N,Mobile,2,2,17.75
TXN-0007278,ST-SCA-001,Central,N,Cash,2,2,17.23
TXN-0007279,ST-SCA-001,Central,Y,Credit,3,2,25.56
TXN-0007280,ST-SCA-001,Central,Y,Mobile,9,6,81.82
TXN-0007281,ST-SCA-001,Central,Y,Debit,4,3,13.24
TXN-0007282,ST-SCA-001,Central,Y,Debit,4,2,52.76
TXN-0007283,ST-SCA-001,Central,N,Credit,6,5,56.47
TXN-0007284,ST-MIS-001,Central,N,Credit,9,5,93.48
TXN-0007285,ST-MIS-001,Central,N,Credit,6,4,36.01
TXN-0007286,ST-MIS-001,Central,Y,Mobile,6,4,46.40
TXN-0007287,ST-MIS-001,Central,Y,Debit,1,1,16.05
TXN-0007288,ST-MIS-001,Central,Y,Cash,4,3,43.34
TXN-0007289,ST-MIS-001,Central,N,Credit,8,6,60.35
TXN-0007290,ST-MIS-001,Central,Y,Credit,3,2,35.72
TXN-0007291,ST-MIS-001,Central,Y,Credit,3,2,28.61
TXN-0007292,ST-MIS-001,Central,N,Credit,2,2,21.73
TXN-0007293,ST-MIS-001,Central,Y,Credit,5,3,53.34
TXN-0007294,ST-MIS-001,Central,Y,Cash,4,4,40.13
TXN-0007295,ST-MIS-001,Central,N,Debit,2,2,5.43
TXN-0007296,ST-MIS-001,Central,Y,Debit,2,1,26.84
TXN-0007297,ST-MIS-001,Central,Y,Credit,3,3,29.83
TXN-0007298,ST-MIS-001,Central,Y,Credit,4,3,26.50
TXN-0007299,ST-BRA-001,Central,N,Mobile,2,2,24.50
TXN-0007300,ST-BRA-001,Central,N,Credit,6,4,44.79
TXN-0007301,ST-BRA-001,Central,Y,Credit,3,2,24.82
TXN-0007302,ST-BRA-001,Central,Y,Credit,2,2,26.36
TXN-0007303,ST-BRA-001,Central,Y,Debit,6,4,48.75
TXN-0007304,ST-BRA-001,Central,N,Debit,8,4,29.41
TXN-0007305,ST-BRA-001,Central,N,Credit,4,2,49.74
TXN-0007306,ST-BRA-001,Central,Y,Debit,6,4,43.85
TXN-0007307,ST-BRA-001,Central,Y,Cash,5,3,59.93
TXN-0007308,ST-BRA-001,Central,Y,Credit,1,1,9.95
TXN-0007309,ST-BRA-001,Central,N,Cash,3,1,44.07
TXN-0007310,ST-BRA-001,Central,Y,Credit,8,5,79.26
TXN-0007311,ST-BRA-001,Central,Y,Credit,3,1,37.86
TXN-0007312,ST-BRA-001,Central,Y,Debit,6,4,52.64
TXN-0007313,ST-BRA-001,Central,Y,Credit,2,1,6.66
TXN-0007314,ST-HAM-001,Central,Y,Credit,3,2,25.50
TXN-0007315,ST-HAM-001,Central,Y,Debit,3,3,27.96
TXN-0007316,ST-HAM-001,Central,N,Credit,7,4,57.24
TXN-0007317,ST-HAM-001,Central,Y,Mobile,7,4,50.70
TXN-0007318,ST-HAM-001,Central,Y,Credit,7,5,51.13
TXN-0007319,ST-HAM-001,Central,Y,Debit,3,3,20.10
TXN-0007320,ST-HAM-001,Central,Y,Debit,13,7,148.45
TXN-0007321,ST-HAM-001,Central,Y,Credit,2,2,10.65
TXN-0007322,ST-HAM-001,Central,N,Cash,2,2,21.16
TXN-0007323,ST-HAM-001,Central,Y,Cash,3,3,43.11
TXN-0007324,ST-HAM-001,Central,N,Debit,6,3,74.13
TXN-0007325,ST-HAM-001,Central,Y,Credit,4,4,36.20
TXN-0007326,ST-HAM-001,Central,Y,Debit,4,2,41.05
TXN-0007327,ST-HAM-001,Central,Y,Cash,3,2,13.17
TXN-0007328,ST-HAM-001,Central,N,Credit,4,2,56.88
TXN-0007329,ST-HAM-001,Central,N,Mobile,2,1,6.68
TXN-0007330,ST-KIT-001,Central,Y,Debit,2,2,30.80
TXN-0007331,ST-KIT-001,Central,Y,Debit,2,2,10.62
TXN-0007332,ST-KIT-001,Central,Y,Credit,4,2,22.10
TXN-0007333,ST-KIT-001,Central,N,Credit,3,3,44.39
TXN-0007334,ST-KIT-001,Central,Y,Credit,2,2,13.01
TXN-0007335,ST-KIT-001,Central,Y,Credit,10,5,86.05
TXN-0007336,ST-KIT-001,Central,N,Credit,7,5,84.53
TXN-0007337,ST-KIT-001,Central,Y,Debit,5,3,60.50
TXN-0007338,ST-KIT-001,Central,Y,Credit,3,3,17.62
TXN-0007339,ST-KIT-001,Central,Y,Debit,6,4,42.01
TXN-0007340,ST-LON-001,Central,Y,Credit,7,5,74.09
TXN-0007341,ST-LON-001,Central,N,Debit,3,3,12.93
TXN-0007342,ST-LON-001,Central,Y,Debit,2,2,30.29
TXN-0007343,ST-LON-001,Central,Y,Credit,3,3,31.40
TXN-0007344,ST-LON-001,Central,Y,Credit,1,1,5.09
TXN-0007345,ST-LON-001,Central,Y,Debit,4,3,28.32
TXN-0007346,ST-LON-001,Central,Y,Credit,12,6,90.10
TXN-0007347,ST-LON-001,Central,N,Credit,3,2,26.20
TXN-0007348,ST-LON-001,Central,N,Credit,5,3,31.85
TXN-0007349,ST-LON-001,Central,N,Debit,4,2,21.44
TXN-0007350,ST-LON-001,Central,Y,Debit,11,5,113.08
TXN-0007351,ST-OTT-001,Eastern,N,Credit,1,1,7.38
TXN-0007352,ST-OTT-001,Eastern,Y,Debit,8,4,42.26
TXN-0007353,ST-OTT-001,Eastern,Y,Credit,3,2,6.78
TXN-0007354,ST-OTT-001,Eastern,Y,Credit,8,3,62.81
TXN-0007355,ST-OTT-001,Eastern,Y,Debit,7,5,63.11
TXN-0007356,ST-OTT-001,Eastern,N,Cash,7,3,82.47
TXN-0007357,ST-OTT-001,Eastern,N,Credit,4,4,30.31
TXN-0007358,ST-OTT-001,Eastern,N,Credit,3,2,26.56
TXN-0007359,ST-OTT-001,Eastern,N,Credit,4,4,28.16
TXN-0007360,ST-OTT-001,Eastern,N,Debit,4,3,17.05
TXN-0007361,ST-OTT-001,Eastern,Y,Credit,10,6,55.56
TXN-0007362,ST-OTT-001,Eastern,N,Credit,3,1,16.29
TXN-0007363,ST-OTT-002,Eastern,N,Debit,4,4,34.19
TXN-0007364,ST-OTT-002,Eastern,Y,Cash,6,5,77.70
TXN-0007365,ST-OTT-002,Eastern,Y,Credit,2,2,17.94
TXN-0007366,ST-OTT-002,Eastern,N,Credit,6,5,46.26
TXN-0007367,ST-OTT-002,Eastern,N,Debit,2,2,10.26
TXN-0007368,ST-OTT-002,Eastern,Y,Debit,3,3,15.29
TXN-0007369,ST-OTT-002,Eastern,Y,Debit,4,2,57.62
TXN-0007370,ST-OTT-002,Eastern,Y,Debit,7,5,75.69
TXN-0007371,ST-OTT-002,Eastern,Y,Debit,7,3,57.42
TXN-0007372,ST-OTT-002,Eastern,Y,Credit,4,3,32.01
TXN-0007373,ST-OTT-002,Eastern,Y,Mobile,4,4,34.68
TXN-0007374,ST-OTT-002,Eastern,Y,Credit,2,2,17.78
TXN-0007375,ST-OTT-002,Eastern,N,Cash,1,1,5.12
TXN-0007376,ST-CAL-001,Western,Y,Mobile,4,1,47.72
TXN-0007377,ST-CAL-001,Western,Y,Credit,4,2,8.98
TXN-0007378,ST-CAL-001,Western,Y,Credit,4,2,17.06
TXN-0007379,ST-CAL-001,Western,N,Credit,7,2,88.76
TXN-0007380,ST-CAL-001,Western,Y,Credit,8,3,117.90
TXN-0007381,ST-CAL-001,Western,N,Debit,4,2,49.53
TXN-0007382,ST-CAL-001,Western,Y,Credit,4,2,17.42
TXN-0007383,ST-CAL-001,Western,N,Debit,3,3,28.62
TXN-0007384,ST-CAL-001,Western,Y,Credit,1,1,5.39
TXN-0007385,ST-CAL-001,Western,N,Credit,5,4,46.33
TXN-0007386,ST-CAL-001,Western,N,Mobile,15,6,154.34
TXN-0007387,ST-CAL-001,Western,Y,Cash,8,3,54.99
TXN-0007388,ST-CAL-001,Western,N,Debit,7,5,65.44
TXN-0007389,ST-CAL-001,Western,Y,Cash,13,5,111.97
TXN-0007390,ST-CAL-001,Western,Y,Mobile,2,1,6.36
TXN-0007391,ST-CAL-001,Western,Y,Credit,1,1,8.80
TXN-0007392,ST-CAL-001,Western,N,Credit,4,2,52.56
TXN-0007393,ST-EDM-001,Western,N,Credit,6,2,71.34
TXN-0007394,ST-EDM-001,Western,N,Cash,1,1,12.22
TXN-0007395,ST-EDM-001,Western,Y,Credit,5,2,29.92
TXN-0007396,ST-EDM-001,Western,N,Credit,3,2,30.22
TXN-0007397,ST-EDM-001,Western,Y,Debit,1,1,6.39
TXN-0007398,ST-EDM-001,Western,N,Cash,4,2,53.80
TXN-0007399,ST-EDM-001,Western,N,Credit,6,2,59.52
TXN-0007400,ST-EDM-001,Western,Y,Debit,3,2,19.04
TXN-0007401,ST-EDM-001,Western,Y,Credit,2,2,7.99
TXN-0007402,ST-EDM-001,Western,N,Debit,3,3,23.10
TXN-0007403,ST-EDM-001,Western,Y,Credit,3,3,17.28
TXN-0007404,ST-EDM-001,Western,Y,Credit,4,3,60.29
TXN-0007405,ST-EDM-001,Western,N,Credit,3,2,19.73
TXN-0007406,ST-TOR-001,Central,N,Mobile,3,3,23.92
TXN-0007407,ST-TOR-001,Central,Y,Cash,7,4,82.69
TXN-0007408,ST-TOR-001,Central,Y,Credit,7,5,79.39
TXN-0007409,ST-TOR-001,Central,Y,Credit,6,3,75.86
TXN-0007410,ST-TOR-001,Central,Y,Mobile,6,3,26.16
TXN-0007411,ST-TOR-001,Central,Y,Cash,11,4,142.56
TXN-0007412,ST-TOR-001,Central,Y,Cash,5,3,61.83
TXN-0007413,ST-TOR-001,Central,Y,Debit,4,4,25.18
TXN-0007414,ST-TOR-001,Central,N,Debit,7,6,64.71
TXN-0007415,ST-TOR-001,Central,Y,Debit,6,5,55.01
TXN-0007416,ST-TOR-001,Central,Y,Credit,5,4,26.76
TXN-0007417,ST-TOR-001,Central,Y,Credit,3,3,26.96
TXN-0007418,ST-TOR-001,Central,Y,Debit,2,2,18.24
TXN-0007419,ST-TOR-001,Central,N,Credit,4,3,33.26
TXN-0007420,ST-TOR-001,Central,Y,Credit,6,5,67.03
TXN-0007421,ST-TOR-002,Central,Y,Debit,4,3,53.06
TXN-0007422,ST-TOR-002,Central,Y,Mobile,4,3,61.49
TXN-0007423,ST-TOR-002,Central,Y,Debit,6,3,78.60
TXN-0007424,ST-TOR-002,Central,Y,Credit,4,2,38.27
TXN-0007425,ST-TOR-002,Central,Y,Credit,6,4,86.35
TXN-0007426,ST-TOR-002,Central,Y,Cash,4,3,24.58
TXN-0007427,ST-TOR-002,Central,Y,Credit,1,1,17.21
TXN-0007428,ST-TOR-002,Central,N,Debit,7,5,80.88
TXN-0007429,ST-TOR-002,Central,N,Debit,2,2,23.43
TXN-0007430,ST-SCA-001,Central,Y,Debit,3,2,45.32
TXN-0007431,ST-SCA-001,Central,Y,Credit,2,2,5.69
TXN-0007432,ST-SCA-001,Central,N,Debit,2,2,17.98
TXN-0007433,ST-SCA-001,Central,N,Credit,4,2,48.66
TXN-0007434,ST-SCA-001,Central,N,Credit,7,3,57.19
TXN-0007435,ST-SCA-001,Central,Y,Debit,2,2,21.39
TXN-0007436,ST-SCA-001,Central,Y,Cash,1,1,3.00
TXN-0007437,ST-SCA-001,Central,Y,Cash,4,4,28.18
TXN-0007438,ST-SCA-001,Central,Y,Cash,3,3,12.16
TXN-0007439,ST-SCA-001,Central,Y,Mobile,3,2,35.57
TXN-0007440,ST-SCA-001,Central,Y,Credit,4,3,32.03
TXN-0007441,ST-SCA-001,Central,N,Mobile,3,3,34.29
TXN-0007442,ST-MIS-001,Central,Y,Debit,1,1,3.37
TXN-0007443,ST-MIS-001,Central,Y,Debit,3,2,23.86
TXN-0007444,ST-MIS-001,Central,Y,Credit,2,2,22.90
TXN-0007445,ST-MIS-001,Central,N,Credit,7,4,28.69
TXN-0007446,ST-MIS-001,Central,Y,Credit,2,2,7.80
TXN-0007447,ST-MIS-001,Central,Y,Credit,6,3,32.22
TXN-0007448,ST-MIS-001,Central,Y,Debit,3,2,32.92
TXN-0007449,ST-MIS-001,Central,Y,Credit,3,3,24.99
TXN-0007450,ST-MIS-001,Central,Y,Mobile,5,3,80.96
TXN-0007451,ST-MIS-001,Central,Y,Credit,6,3,85.56
TXN-0007452,ST-MIS-001,Central,Y,Cash,5,3,62.28
TXN-0007453,ST-MIS-001,Central,Y,Credit,2,2,11.07
TXN-0007454,ST-MIS-001,Central,Y,Debit,3,3,28.24
TXN-0007455,ST-MIS-001,Central,Y,Debit,6,4,55.65
TXN-0007456,ST-MIS-001,Central,Y,Cash,4,2,59.50
TXN-0007457,ST-BRA-001,Central,Y,Cash,2,2,22.32
TXN-0007458,ST-BRA-001,Central,Y,Credit,2,1,27.14
TXN-0007459,ST-BRA-001,Central,Y,Credit,3,1,39.99
TXN-0007460,ST-BRA-001,Central,N,Credit,5,3,15.55
TXN-0007461,ST-BRA-001,Central,N,Mobile,3,2,30.29
TXN-0007462,ST-BRA-001,Central,Y,Credit,4,4,29.91
TXN-0007463,ST-BRA-001,Central,N,Cash,3,3,27.26
TXN-0007464,ST-BRA-001,Central,Y,Debit,6,3,47.72
TXN-0007465,ST-BRA-001,Central,Y,Credit,11,5,80.30
TXN-0007466,ST-BRA-001,Central,Y,Debit,3,2,25.15
TXN-0007467,ST-HAM-001,Central,Y,Debit,7,4,62.95
TXN-0007468,ST-HAM-001,Central,N,Debit,6,5,39.23
TXN-0007469,ST-HAM-001,Central,Y,Credit,4,2,43.88
TXN-0007470,ST-HAM-001,Central,N,Debit,5,3,54.97
TXN-0007471,ST-HAM-001,Central,N,Credit,4,3,47.70
TXN-0007472,ST-HAM-001,Central,Y,Cash,11,5,135.27
TXN-0007473,ST-HAM-001,Central,Y,Debit,3,2,9.85
TXN-0007474,ST-HAM-001,Central,Y,Credit,4,2,12.88
TXN-0007475,ST-HAM-001,Central,Y,Credit,4,2,19.14
TXN-0007476,ST-HAM-001,Central,N,Debit,4,2,51.64
TXN-0007477,ST-KIT-001,Central,Y,Credit,6,5,65.54
TXN-0007478,ST-KIT-001,Central,Y,Credit,6,5,42.28
TXN-0007479,ST-KIT-001,Central,Y,Credit,5,4,33.09
TXN-0007480,ST-KIT-001,Central,Y,Debit,1,1,3.43
TXN-0007481,ST-KIT-001,Central,N,Credit,5,4,36.89
TXN-0007482,ST-KIT-001,Central,Y,Credit,6,3,84.13
TXN-0007483,ST-KIT-001,Central,Y,Debit,5,2,29.79
TXN-0007484,ST-KIT-001,Central,N,Debit,4,3,22.15
TXN-0007485,ST-KIT-001,Central,Y,Mobile,4,3,57.31
TXN-0007486,ST-KIT-001,Central,Y,Credit,6,4,74.37
TXN-0007487,ST-KIT-001,Central,N,Debit,4,3,35.53
TXN-0007488,ST-KIT-001,Central,Y,Credit,6,5,54.88
TXN-0007489,ST-KIT-001,Central,Y,Debit,8,6,81.86
TXN-0007490,ST-KIT-001,Central,Y,Credit,5,4,38.14
TXN-0007491,ST-KIT-001,Central,Y,Credit,5,3,38.58
TXN-0007492,ST-KIT-001,Central,Y,Credit,9,6,97.02
TXN-0007493,ST-LON-001,Central,N,Debit,3,2,37.99
TXN-0007494,ST-LON-001,Central,Y,Credit,7,5,50.37
TXN-0007495,ST-LON-001,Central,Y,Debit,4,3,26.58
TXN-0007496,ST-LON-001,Central,N,Debit,7,4,71.92
TXN-0007497,ST-LON-001,Central,N,Debit,6,3,45.98
TXN-0007498,ST-LON-001,Central,Y,Cash,9,3,54.34
TXN-0007499,ST-LON-001,Central,N,Credit,2,2,28.80
TXN-0007500,ST-LON-001,Central,Y,Mobile,2,2,22.45
TXN-0007501,ST-LON-001,Central,Y,Debit,5,3,57.60
TXN-0007502,ST-LON-001,Central,Y,Credit,6,5,55.11
TXN-0007503,ST-LON-001,Central,Y,Debit,7,4,55.20
TXN-0007504,ST-LON-001,Central,Y,Debit,2,2,6.65
TXN-0007505,ST-LON-001,Central,N,Credit,5,3,37.32
TXN-0007506,ST-LON-001,Central,N,Credit,2,2,21.70
TXN-0007507,ST-LON-001,Central,N,Debit,2,2,13.60
TXN-0007508,ST-LON-001,Central,Y,Mobile,4,3,10.31
TXN-0007509,ST-OTT-001,Eastern,Y,Credit,4,3,37.68
TXN-0007510,ST-OTT-001,Eastern,Y,Debit,5,4,43.79
TXN-0007511,ST-OTT-001,Eastern,Y,Credit,9,6,63.28
TXN-0007512,ST-OTT-001,Eastern,Y,Cash,8,5,63.55
TXN-0007513,ST-OTT-001,Eastern,Y,Cash,1,1,7.12
TXN-0007514,ST-OTT-001,Eastern,Y,Cash,6,3,64.42
TXN-0007515,ST-OTT-001,Eastern,Y,Credit,1,1,2.32
TXN-0007516,ST-OTT-001,Eastern,Y,Debit,3,3,35.02
TXN-0007517,ST-OTT-001,Eastern,N,Mobile,5,3,40.73
TXN-0007518,ST-OTT-001,Eastern,Y,Credit,1,1,3.16
TXN-0007519,ST-OTT-001,Eastern,N,Debit,6,5,67.55
TXN-0007520,ST-OTT-001,Eastern,Y,Credit,4,3,39.66
TXN-0007521,ST-OTT-001,Eastern,N,Credit,4,1,21.40
TXN-0007522,ST-OTT-001,Eastern,N,Cash,7,5,31.03
TXN-0007523,ST-OTT-002,Eastern,N,Debit,4,3,45.80
TXN-0007524,ST-OTT-002,Eastern,N,Debit,8,5,84.47
TXN-0007525,ST-OTT-002,Eastern,N,Credit,3,3,30.52
TXN-0007526,ST-OTT-002,Eastern,Y,Credit,2,2,29.76
TXN-0007527,ST-OTT-002,Eastern,Y,Mobile,8,4,79.46
TXN-0007528,ST-OTT-002,Eastern,N,Credit,3,2,35.18
TXN-0007529,ST-OTT-002,Eastern,Y,Debit,4,2,25.42
TXN-0007530,ST-OTT-002,Eastern,Y,Credit,6,3,62.33
TXN-0007531,ST-OTT-002,Eastern,N,Mobile,4,3,20.98
TXN-0007532,ST-OTT-002,Eastern,Y,Credit,4,4,47.44
TXN-0007533,ST-OTT-002,Eastern,Y,Debit,4,3,54.57
TXN-0007534,ST-OTT-002,Eastern,Y,Credit,4,4,29.10
TXN-0007535,ST-OTT-002,Eastern,N,Debit,2,2,20.31
TXN-0007536,ST-OTT-002,Eastern,Y,Credit,5,5,60.14
TXN-0007537,ST-CAL-001,Western,Y,Credit,4,2,60.14
TXN-0007538,ST-CAL-001,Western,Y,Mobile,2,1,6.52
TXN-0007539,ST-CAL-001,Western,Y,Mobile,7,5,50.15
TXN-0007540,ST-CAL-001,Western,Y,Debit,9,5,67.08
TXN-0007541,ST-CAL-001,Western,Y,Credit,13,6,110.90
TXN-0007542,ST-CAL-001,Western,Y,Cash,3,2,27.08
TXN-0007543,ST-CAL-001,Western,N,Credit,4,2,62.04
TXN-0007544,ST-CAL-001,Western,N,Credit,6,3,27.53
TXN-0007545,ST-CAL-001,Western,Y,Debit,5,3,55.39
TXN-0007546,ST-CAL-001,Western,N,Credit,11,5,90.24
TXN-0007547,ST-CAL-001,Western,Y,Credit,5,3,45.53
TXN-0007548,ST-CAL-001,Western,Y,Debit,9,5,54.14
TXN-0007549,ST-CAL-001,Western,Y,Credit,4,2,20.20
TXN-0007550,ST-EDM-001,Western,N,Cash,12,6,90.98
TXN-0007551,ST-EDM-001,Western,Y,Credit,3,3,17.23
TXN-0007552,ST-EDM-001,Western,Y,Mobile,4,4,37.05
TXN-0007553,ST-EDM-001,Western,Y,Debit,5,4,45.74
TXN-0007554,ST-EDM-001,Western,Y,Credit,1,1,4.33
TXN-0007555,ST-EDM-001,Western,Y,Debit,1,1,5.08
TXN-0007556,ST-EDM-001,Western,Y,Debit,2,2,21.01
TXN-0007557,ST-EDM-001,Western,Y,Mobile,2,1,33.40
TXN-0007558,ST-EDM-001,Western,N,Credit,5,3,26.77
TXN-0007559,ST-EDM-001,Western,N,Mobile,8,4,66.02
TXN-0007560,ST-EDM-001,Western,Y,Debit,5,3,27.09
TXN-0007561,ST-EDM-001,Western,N,Credit,5,3,29.26
TXN-0007562,ST-EDM-001,Western,Y,Debit,6,4,37.50
TXN-0007563,ST-EDM-001,Western,N,Debit,8,5,54.57
TXN-0007564,ST-TOR-001,Central,Y,Mobile,3,2,24.64
TXN-0007565,ST-TOR-001,Central,Y,Credit,7,4,50.12
TXN-0007566,ST-TOR-001,Central,Y,Debit,8,7,77.92
TXN-0007567,ST-TOR-001,Central,Y,Credit,6,3,53.86
TXN-0007568,ST-TOR-001,Central,N,Debit,2,1,10.80
TXN-0007569,ST-TOR-001,Central,Y,Cash,6,3,84.38
TXN-0007570,ST-TOR-001,Central,Y,Debit,5,2,21.79
TXN-0007571,ST-TOR-001,Central,Y,Cash,4,3,35.40
TXN-0007572,ST-TOR-001,Central,Y,Debit,4,2,50.20
TXN-0007573,ST-TOR-001,Central,N,Debit,5,2,35.85
TXN-0007574,ST-TOR-001,Central,Y,Debit,5,4,53.56
TXN-0007575,ST-TOR-001,Central,Y,Credit,4,3,45.30
TXN-0007576,ST-TOR-001,Central,Y,Credit,4,3,35.00
TXN-0007577,ST-TOR-001,Central,Y,Credit,5,2,31.65
TXN-0007578,ST-TOR-002,Central,Y,Cash,6,3,55.32
TXN-0007579,ST-TOR-002,Central,N,Debit,1,1,6.27
TXN-0007580,ST-TOR-002,Central,Y,Debit,5,4,51.92
TXN-0007581,ST-TOR-002,Central,Y,Credit,4,3,34.54
TXN-0007582,ST-TOR-002,Central,Y,Cash,5,3,46.46
TXN-0007583,ST-TOR-002,Central,N,Credit,8,3,42.62
TXN-0007584,ST-TOR-002,Central,N,Debit,1,1,2.21
TXN-0007585,ST-TOR-002,Central,Y,Credit,5,2,56.29
TXN-0007586,ST-TOR-002,Central,N,Credit,3,3,27.58
TXN-0007587,ST-TOR-002,Central,Y,Cash,6,4,49.33
TXN-0007588,ST-TOR-002,Central,Y,Debit,5,4,37.50
TXN-0007589,ST-TOR-002,Central,Y,Credit,3,2,12.59
TXN-0007590,ST-TOR-002,Central,N,Credit,6,3,65.75
TXN-0007591,ST-TOR-002,Central,Y,Credit,6,4,72.59
TXN-0007592,ST-TOR-002,Central,N,Credit,6,3,75.19
TXN-0007593,ST-TOR-002,Central,Y,Debit,3,3,32.03
TXN-0007594,ST-TOR-002,Central,Y,Credit,3,2,36.12
TXN-0007595,ST-TOR-002,Central,Y,Credit,7,5,47.00
TXN-0007596,ST-TOR-002,Central,Y,Debit,2,2,26.24
TXN-0007597,ST-TOR-002,Central,N,Debit,3,3,39.15
TXN-0007598,ST-TOR-002,Central,N,Credit,5,3,43.81
TXN-0007599,ST-TOR-002,Central,N,Credit,5,3,73.85
TXN-0007600,ST-SCA-001,Central,Y,Credit,6,2,31.08
TXN-0007601,ST-SCA-001,Central,N,Credit,6,4,53.90
TXN-0007602,ST-SCA-001,Central,N,Debit,1,1,8.49
TXN-0007603,ST-SCA-001,Central,N,Credit,6,4,52.78
TXN-0007604,ST-SCA-001,Central,Y,Credit,2,2,13.98
TXN-0007605,ST-SCA-001,Central,Y,Mobile,5,4,40.70
TXN-0007606,ST-SCA-001,Central,Y,Cash,3,2,19.92
TXN-0007607,ST-SCA-001,Central,N,Debit,4,4,26.44
TXN-0007608,ST-SCA-001,Central,N,Debit,6,4,42.93
TXN-0007609,ST-SCA-001,Central,N,Cash,4,3,32.48
TXN-0007610,ST-SCA-001,Central,Y,Credit,3,3,9.56
TXN-0007611,ST-SCA-001,Central,Y,Credit,4,4,53.99
TXN-0007612,ST-SCA-001,Central,N,Mobile,5,3,61.98
TXN-0007613,ST-SCA-001,Central,Y,Credit,6,3,22.80
TXN-0007614,ST-SCA-001,Central,Y,Credit,3,2,34.01
TXN-0007615,ST-SCA-001,Central,Y,Cash,7,6,45.54
TXN-0007616,ST-SCA-001,Central,Y,Debit,3,2,36.96
TXN-0007617,ST-MIS-001,Central,Y,Debit,4,4,44.96
TXN-0007618,ST-MIS-001,Central,Y,Debit,6,4,41.23
TXN-0007619,ST-MIS-001,Central,Y,Debit,8,4,95.64
TXN-0007620,ST-MIS-001,Central,Y,Cash,5,2,68.31
TXN-0007621,ST-MIS-001,Central,N,Credit,5,3,36.92
TXN-0007622,ST-MIS-001,Central,Y,Credit,3,2,23.32
TXN-0007623,ST-MIS-001,Central,Y,Credit,5,5,42.80
TXN-0007624,ST-MIS-001,Central,N,Mobile,8,6,91.76
TXN-0007625,ST-MIS-001,Central,Y,Mobile,4,3,29.99
TXN-0007626,ST-MIS-001,Central,N,Debit,9,5,108.39
TXN-0007627,ST-MIS-001,Central,Y,Debit,9,6,60.97
TXN-0007628,ST-MIS-001,Central,Y,Debit,5,4,19.20
TXN-0007629,ST-MIS-001,Central,Y,Debit,5,3,65.98
TXN-0007630,ST-MIS-001,Central,Y,Debit,6,3,44.73
TXN-0007631,ST-BRA-001,Central,Y,Debit,8,4,58.20
TXN-0007632,ST-BRA-001,Central,N,Cash,3,2,32.79
TXN-0007633,ST-BRA-001,Central,Y,Debit,4,4,37.68
TXN-0007634,ST-BRA-001,Central,Y,Credit,5,4,48.72
TXN-0007635,ST-BRA-001,Central,Y,Mobile,3,2,27.01
TXN-0007636,ST-HAM-001,Central,Y,Debit,2,2,26.23
TXN-0007637,ST-HAM-001,Central,N,Credit,1,1,3.05
TXN-0007638,ST-HAM-001,Central,Y,Credit,3,2,25.35
TXN-0007639,ST-HAM-001,Central,N,Mobile,6,4,64.39
TXN-0007640,ST-HAM-001,Central,Y,Mobile,2,2,19.83
TXN-0007641,ST-HAM-001,Central,N,Debit,8,5,57.60
TXN-0007642,ST-KIT-001,Central,Y,Debit,4,2,55.50
TXN-0007643,ST-KIT-001,Central,Y,Credit,3,3,25.16
TXN-0007644,ST-KIT-001,Central,Y,Credit,4,2,24.17
TXN-0007645,ST-KIT-001,Central,N,Cash,10,5,92.41
TXN-0007646,ST-KIT-001,Central,Y,Debit,4,4,44.89
TXN-0007647,ST-KIT-001,Central,Y,Debit,6,4,48.94
TXN-0007648,ST-KIT-001,Central,Y,Credit,4,3,39.02
TXN-0007649,ST-KIT-001,Central,Y,Debit,3,1,9.18
TXN-0007650,ST-KIT-001,Central,N,Debit,2,2,24.29
TXN-0007651,ST-KIT-001,Central,N,Debit,8,4,67.46
TXN-0007652,ST-KIT-001,Central,Y,Credit,2,2,29.19
TXN-0007653,ST-KIT-001,Central,Y,Credit,6,5,45.66
TXN-0007654,ST-KIT-001,Central,N,Credit,4,3,46.73
TXN-0007655,ST-LON-001,Central,N,Credit,3,3,31.24
TXN-0007656,ST-LON-001,Central,Y,Cash,4,3,51.19
TXN-0007657,ST-LON-001,Central,Y,Mobile,3,2,29.92
TXN-0007658,ST-LON-001,Central,Y,Debit,1,1,2.28
TXN-0007659,ST-LON-001,Central,Y,Credit,7,4,45.67
TXN-0007660,ST-LON-001,Central,Y,Credit,6,4,51.18
TXN-0007661,ST-LON-001,Central,Y,Debit,6,4,61.55
TXN-0007662,ST-LON-001,Central,Y,Debit,2,2,28.81
TXN-0007663,ST-OTT-001,Eastern,Y,Credit,12,7,161.35
TXN-0007664,ST-OTT-001,Eastern,Y,Credit,3,3,29.79
TXN-0007665,ST-OTT-001,Eastern,N,Debit,5,3,48.44
TXN-0007666,ST-OTT-001,Eastern,Y,Debit,3,2,33.50
TXN-0007667,ST-OTT-001,Eastern,Y,Credit,9,5,67.42
TXN-0007668,ST-OTT-001,Eastern,Y,Credit,4,4,24.40
TXN-0007669,ST-OTT-001,Eastern,N,Credit,4,2,53.45
TXN-0007670,ST-OTT-001,Eastern,Y,Debit,2,2,25.64
TXN-0007671,ST-OTT-001,Eastern,N,Debit,2,2,8.08
TXN-0007672,ST-OTT-001,Eastern,Y,Debit,3,2,12.95
TXN-0007673,ST-OTT-001,Eastern,Y,Debit,2,1,6.22
TXN-0007674,ST-OTT-002,Eastern,N,Debit,6,5,50.42
TXN-0007675,ST-OTT-002,Eastern,Y,Mobile,3,3,27.59
TXN-0007676,ST-OTT-002,Eastern,Y,Debit,10,5,131.54
TXN-0007677,ST-OTT-002,Eastern,Y,Debit,3,2,31.53
TXN-0007678,ST-OTT-002,Eastern,N,Credit,1,1,3.42
TXN-0007679,ST-OTT-002,Eastern,N,Credit,3,1,6.69
TXN-0007680,ST-OTT-002,Eastern,N,Credit,10,5,71.14
TXN-0007681,ST-OTT-002,Eastern,N,Credit,1,1,13.63
TXN-0007682,ST-OTT-002,Eastern,Y,Cash,10,5,86.55
TXN-0007683,ST-CAL-001,Western,Y,Credit,3,1,45.60
TXN-0007684,ST-CAL-001,Western,Y,Credit,7,3,85.98
TXN-0007685,ST-CAL-001,Western,Y,Credit,7,4,55.72
TXN-0007686,ST-CAL-001,Western,N,Credit,3,1,42.05
TXN-0007687,ST-CAL-001,Western,Y,Debit,8,6,51.74
TXN-0007688,ST-CAL-001,Western,Y,Credit,3,2,23.87
TXN-0007689,ST-CAL-001,Western,Y,Credit,3,2,21.59
TXN-0007690,ST-CAL-001,Western,Y,Debit,8,6,86.97
TXN-0007691,ST-CAL-001,Western,N,Debit,2,2,22.77
TXN-0007692,ST-CAL-001,Western,Y,Mobile,4,2,46.94
TXN-0007693,ST-CAL-001,Western,Y,Debit,6,4,24.71
TXN-0007694,ST-CAL-001,Western,Y,Debit,6,4,78.80
TXN-0007695,ST-CAL-001,Western,N,Debit,8,4,90.24
TXN-0007696,ST-CAL-001,Western,N,Debit,6,3,43.37
TXN-0007697,ST-EDM-001,Western,Y,Mobile,5,3,54.54
TXN-0007698,ST-EDM-001,Western,Y,Cash,7,4,84.62
TXN-0007699,ST-EDM-001,Western,Y,Debit,2,2,16.15
TXN-0007700,ST-EDM-001,Western,Y,Debit,6,3,54.92
TXN-0007701,ST-EDM-001,Western,Y,Debit,3,2,14.88
TXN-0007702,ST-EDM-001,Western,Y,Debit,9,5,73.28
TXN-0007703,ST-EDM-001,Western,Y,Debit,3,3,21.65
TXN-0007704,ST-EDM-001,Western,Y,Credit,3,1,9.81
TXN-0007705,ST-TOR-001,Central,N,Credit,8,5,88.87
TXN-0007706,ST-TOR-001,Central,N,Credit,6,3,46.58
TXN-0007707,ST-TOR-001,Central,Y,Credit,3,3,24.87
TXN-0007708,ST-TOR-001,Central,Y,Cash,2,2,10.64
TXN-0007709,ST-TOR-001,Central,Y,Credit,7,6,54.65
TXN-0007710,ST-TOR-001,Central,Y,Mobile,9,5,70.77
TXN-0007711,ST-TOR-001,Central,Y,Debit,2,2,29.33
TXN-0007712,ST-TOR-001,Central,Y,Credit,7,4,60.93
TXN-0007713,ST-TOR-001,Central,Y,Credit,3,2,22.71
TXN-0007714,ST-TOR-001,Central,N,Debit,9,4,75.70
TXN-0007715,ST-TOR-001,Central,Y,Debit,6,3,79.32
TXN-0007716,ST-TOR-001,Central,N,Credit,8,5,92.73
TXN-0007717,ST-TOR-001,Central,Y,Credit,3,2,15.54
TXN-0007718,ST-TOR-001,Central,N,Credit,4,3,51.55
TXN-0007719,ST-TOR-001,Central,Y,Mobile,4,3,26.23
TXN-0007720,ST-TOR-001,Central,Y,Credit,3,2,28.38
TXN-0007721,ST-TOR-001,Central,Y,Debit,9,4,64.57
TXN-0007722,ST-TOR-001,Central,N,Debit,6,5,35.74
TXN-0007723,ST-TOR-001,Central,Y,Debit,6,3,74.38
TXN-0007724,ST-TOR-001,Central,Y,Credit,1,1,11.26
TXN-0007725,ST-TOR-002,Central,N,Cash,4,4,43.54
TXN-0007726,ST-TOR-002,Central,Y,Debit,7,4,97.14
TXN-0007727,ST-TOR-002,Central,Y,Credit,6,3,62.45
TXN-0007728,ST-TOR-002,Central,Y,Credit,7,3,81.08
TXN-0007729,ST-TOR-002,Central,Y,Debit,5,2,39.95
TXN-0007730,ST-TOR-002,Central,Y,Credit,2,2,13.33
TXN-0007731,ST-TOR-002,Central,Y,Credit,5,4,44.58
TXN-0007732,ST-TOR-002,Central,N,Debit,4,3,28.66
TXN-0007733,ST-TOR-002,Central,Y,Credit,5,3,46.40
TXN-0007734,ST-TOR-002,Central,N,Credit,11,6,99.24
TXN-0007735,ST-TOR-002,Central,Y,Debit,2,2,15.80
TXN-0007736,ST-TOR-002,Central,Y,Debit,3,2,11.01
TXN-0007737,ST-SCA-001,Central,Y,Debit,3,3,31.06
TXN-0007738,ST-SCA-001,Central,N,Credit,4,3,55.17
TXN-0007739,ST-SCA-001,Central,Y,Mobile,2,1,29.14
TXN-0007740,ST-SCA-001,Central,Y,Credit,5,5,35.32
TXN-0007741,ST-SCA-001,Central,Y,Credit,7,4,65.36
TXN-0007742,ST-SCA-001,Central,Y,Mobile,5,3,35.06
TXN-0007743,ST-SCA-001,Central,N,Mobile,6,4,57.47
TXN-0007744,ST-SCA-001,Central,Y,Debit,5,2,51.64
TXN-0007745,ST-SCA-001,Central,N,Debit,8,5,62.65
TXN-0007746,ST-SCA-001,Central,Y,Credit,1,1,11.67
TXN-0007747,ST-SCA-001,Central,Y,Cash,3,3,38.04
TXN-0007748,ST-SCA-001,Central,N,Credit,9,4,91.61
TXN-0007749,ST-SCA-001,Central,Y,Credit,2,1,14.30
TXN-0007750,ST-SCA-001,Central,Y,Credit,6,4,88.68
TXN-0007751,ST-SCA-001,Central,Y,Credit,1,1,10.35
TXN-0007752,ST-MIS-001,Central,Y,Credit,3,2,44.78
TXN-0007753,ST-MIS-001,Central,N,Debit,8,6,67.42
TXN-0007754,ST-MIS-001,Central,Y,Mobile,5,2,21.75
TXN-0007755,ST-MIS-001,Central,Y,Credit,5,2,39.91
TXN-0007756,ST-MIS-001,Central,Y,Credit,1,1,7.19
TXN-0007757,ST-MIS-001,Central,N,Debit,5,5,33.51
TXN-0007758,ST-MIS-001,Central,Y,Debit,5,2,43.80
TXN-0007759,ST-MIS-001,Central,Y,Debit,2,2,21.41
TXN-0007760,ST-MIS-001,Central,Y,Debit,3,2,6.60
TXN-0007761,ST-MIS-001,Central,N,Debit,1,1,1.87
TXN-0007762,ST-MIS-001,Central,Y,Credit,3,2,14.17
TXN-0007763,ST-MIS-001,Central,Y,Credit,6,4,37.72
TXN-0007764,ST-MIS-001,Central,Y,Credit,3,2,37.17
TXN-0007765,ST-MIS-001,Central,Y,Debit,6,3,40.82
TXN-0007766,ST-MIS-001,Central,Y,Debit,7,2,47.00
TXN-0007767,ST-MIS-001,Central,Y,Credit,2,1,4.36
TXN-0007768,ST-MIS-001,Central,Y,Cash,3,3,24.92
TXN-0007769,ST-MIS-001,Central,Y,Credit,9,6,72.38
TXN-0007770,ST-BRA-001,Central,Y,Cash,8,4,63.73
TXN-0007771,ST-BRA-001,Central,Y,Credit,6,3,49.72
TXN-0007772,ST-BRA-001,Central,Y,Debit,1,1,15.42
TXN-0007773,ST-BRA-001,Central,N,Credit,5,5,50.20
TXN-0007774,ST-BRA-001,Central,N,Credit,5,3,36.83
TXN-0007775,ST-BRA-001,Central,Y,Credit,5,3,62.61
TXN-0007776,ST-BRA-001,Central,N,Credit,6,2,31.02
TXN-0007777,ST-BRA-001,Central,Y,Credit,8,5,97.60
TXN-0007778,ST-BRA-001,Central,Y,Cash,5,5,49.48
TXN-0007779,ST-BRA-001,Central,Y,Credit,1,1,13.53
TXN-0007780,ST-BRA-001,Central,Y,Mobile,5,2,47.64
TXN-0007781,ST-BRA-001,Central,N,Debit,2,1,14.60
TXN-0007782,ST-BRA-001,Central,Y,Debit,9,5,112.36
TXN-0007783,ST-BRA-001,Central,Y,Debit,2,2,27.37
TXN-0007784,ST-BRA-001,Central,Y,Debit,5,3,29.80
TXN-0007785,ST-HAM-001,Central,N,Debit,2,1,23.06
TXN-0007786,ST-HAM-001,Central,Y,Mobile,6,4,50.34
TXN-0007787,ST-HAM-001,Central,Y,Credit,2,1,16.06
TXN-0007788,ST-HAM-001,Central,Y,Debit,3,3,29.52
TXN-0007789,ST-HAM-001,Central,N,Debit,5,3,35.80
TXN-0007790,ST-HAM-001,Central,N,Mobile,4,3,44.61
TXN-0007791,ST-HAM-001,Central,Y,Cash,2,1,4.46
TXN-0007792,ST-HAM-001,Central,Y,Credit,3,2,35.31
TXN-0007793,ST-HAM-001,Central,N,Cash,6,5,85.73
TXN-0007794,ST-HAM-001,Central,N,Credit,2,2,20.18
TXN-0007795,ST-HAM-001,Central,Y,Debit,7,4,39.49
TXN-0007796,ST-HAM-001,Central,Y,Debit,3,2,42.82
TXN-0007797,ST-HAM-001,Central,Y,Credit,5,3,36.27
TXN-0007798,ST-HAM-001,Central,Y,Cash,1,1,2.21
TXN-0007799,ST-HAM-001,Central,Y,Debit,5,3,55.94
TXN-0007800,ST-HAM-001,Central,Y,Credit,2,2,8.74
TXN-0007801,ST-HAM-001,Central,Y,Debit,6,5,43.24
TXN-0007802,ST-KIT-001,Central,Y,Credit,4,3,46.64
TXN-0007803,ST-KIT-001,Central,N,Credit,7,5,84.15
TXN-0007804,ST-KIT-001,Central,N,Debit,4,3,36.00
TXN-0007805,ST-KIT-001,Central,Y,Credit,11,6,99.12
TXN-0007806,ST-KIT-001,Central,Y,Credit,8,5,94.53
TXN-0007807,ST-KIT-001,Central,Y,Credit,1,1,2.22
TXN-0007808,ST-KIT-001,Central,Y,Credit,2,2,8.30
TXN-0007809,ST-KIT-001,Central,Y,Debit,5,5,52.30
TXN-0007810,ST-KIT-001,Central,Y,Credit,1,1,15.01
TXN-0007811,ST-KIT-001,Central,Y,Credit,7,4,59.69
TXN-0007812,ST-KIT-001,Central,Y,Cash,4,3,28.00
TXN-0007813,ST-KIT-001,Central,Y,Credit,9,4,73.98
TXN-0007814,ST-KIT-001,Central,Y,Credit,10,5,67.87
TXN-0007815,ST-KIT-001,Central,Y,Credit,10,6,107.38
TXN-0007816,ST-KIT-001,Central,Y,Debit,8,5,68.87
TXN-0007817,ST-KIT-001,Central,N,Credit,4,4,24.72
TXN-0007818,ST-LON-001,Central,Y,Mobile,4,3,19.25
TXN-0007819,ST-LON-001,Central,Y,Credit,3,3,35.23
TXN-0007820,ST-LON-001,Central,Y,Debit,8,6,77.95
TXN-0007821,ST-LON-001,Central,N,Debit,6,3,85.16
TXN-0007822,ST-LON-001,Central,N,Debit,1,1,14.71
TXN-0007823,ST-LON-001,Central,Y,Debit,2,2,10.91
TXN-0007824,ST-LON-001,Central,Y,Debit,5,3,41.14
TXN-0007825,ST-LON-001,Central,N,Credit,7,5,88.64
TXN-0007826,ST-LON-001,Central,Y,Debit,9,5,43.33
TXN-0007827,ST-LON-001,Central,Y,Mobile,8,3,76.20
TXN-0007828,ST-LON-001,Central,Y,Mobile,1,1,12.68
TXN-0007829,ST-LON-001,Central,Y,Credit,5,2,27.25
TXN-0007830,ST-OTT-001,Eastern,N,Cash,5,4,58.37
TXN-0007831,ST-OTT-001,Eastern,Y,Debit,3,3,20.31
TXN-0007832,ST-OTT-001,Eastern,Y,Debit,6,3,71.78
TXN-0007833,ST-OTT-001,Eastern,Y,Credit,3,2,21.99
TXN-0007834,ST-OTT-001,Eastern,Y,Debit,4,3,10.05
TXN-0007835,ST-OTT-001,Eastern,Y,Credit,4,2,44.44
TXN-0007836,ST-OTT-001,Eastern,N,Credit,4,3,22.99
TXN-0007837,ST-OTT-001,Eastern,Y,Mobile,9,5,46.06
TXN-0007838,ST-OTT-001,Eastern,N,Debit,5,3,29.24
TXN-0007839,ST-OTT-001,Eastern,N,Credit,5,4,47.64
TXN-0007840,ST-OTT-001,Eastern,Y,Cash,9,4,85.31
TXN-0007841,ST-OTT-001,Eastern,N,Cash,1,1,14.60
TXN-0007842,ST-OTT-001,Eastern,N,Debit,3,2,11.73
TXN-0007843,ST-OTT-001,Eastern,Y,Cash,8,6,68.26
TXN-0007844,ST-OTT-001,Eastern,N,Credit,4,2,14.88
TXN-0007845,ST-OTT-001,Eastern,Y,Debit,9,5,62.66
TXN-0007846,ST-OTT-001,Eastern,N,Debit,3,3,29.78
TXN-0007847,ST-OTT-001,Eastern,N,Cash,7,4,73.13
TXN-0007848,ST-OTT-001,Eastern,N,Debit,1,1,16.52
TXN-0007849,ST-OTT-001,Eastern,Y,Debit,6,3,57.32
TXN-0007850,ST-OTT-001,Eastern,Y,Credit,6,3,70.71
TXN-0007851,ST-OTT-001,Eastern,Y,Credit,3,2,20.00
TXN-0007852,ST-OTT-001,Eastern,Y,Debit,2,2,21.60
TXN-0007853,ST-OTT-001,Eastern,Y,Debit,3,2,16.22
TXN-0007854,ST-OTT-001,Eastern,Y,Cash,3,3,32.18
TXN-0007855,ST-OTT-001,Eastern,Y,Credit,2,1,25.26
TXN-0007856,ST-OTT-002,Eastern,Y,Credit,4,3,33.92
TXN-0007857,ST-OTT-002,Eastern,N,Credit,6,4,47.86
TXN-0007858,ST-OTT-002,Eastern,Y,Cash,6,3,65.95
TXN-0007859,ST-OTT-002,Eastern,Y,Credit,2,2,15.07
TXN-0007860,ST-OTT-002,Eastern,Y,Cash,9,5,78.43
TXN-0007861,ST-OTT-002,Eastern,N,Credit,8,5,73.71
TXN-0007862,ST-OTT-002,Eastern,Y,Credit,5,3,66.97
TXN-0007863,ST-OTT-002,Eastern,Y,Debit,6,4,58.53
TXN-0007864,ST-OTT-002,Eastern,N,Credit,3,3,20.77
TXN-0007865,ST-OTT-002,Eastern,Y,Cash,4,2,55.64
TXN-0007866,ST-OTT-002,Eastern,Y,Debit,4,3,10.90
TXN-0007867,ST-OTT-002,Eastern,Y,Credit,5,3,70.55
TXN-0007868,ST-OTT-002,Eastern,N,Mobile,9,4,73.24
TXN-0007869,ST-CAL-001,Western,N,Credit,9,6,94.24
TXN-0007870,ST-CAL-001,Western,Y,Credit,4,3,53.13
TXN-0007871,ST-CAL-001,Western,Y,Mobile,2,2,18.89
TXN-0007872,ST-CAL-001,Western,Y,Credit,2,2,20.03
TXN-0007873,ST-CAL-001,Western,Y,Debit,3,2,20.73
TXN-0007874,ST-CAL-001,Western,Y,Credit,8,3,45.90
TXN-0007875,ST-CAL-001,Western,Y,Debit,5,3,46.47
TXN-0007876,ST-CAL-001,Western,N,Mobile,6,4,46.41
TXN-0007877,ST-CAL-001,Western,Y,Cash,3,2,18.48
TXN-0007878,ST-CAL-001,Western,Y,Credit,5,3,25.77
TXN-0007879,ST-CAL-001,Western,Y,Debit,6,4,65.66
TXN-0007880,ST-CAL-001,Western,Y,Cash,6,2,55.42
TXN-0007881,ST-CAL-001,Western,N,Debit,1,1,12.41
TXN-0007882,ST-CAL-001,Western,Y,Debit,6,4,46.00
TXN-0007883,ST-EDM-001,Western,Y,Debit,1,1,13.41
TXN-0007884,ST-EDM-001,Western,N,Cash,3,3,23.74
TXN-0007885,ST-EDM-001,Western,N,Mobile,6,3,45.02
TXN-0007886,ST-EDM-001,Western,N,Debit,6,5,53.62
TXN-0007887,ST-EDM-001,Western,N,Credit,6,5,48.85
TXN-0007888,ST-EDM-001,Western,Y,Credit,1,1,11.39
TXN-0007889,ST-EDM-001,Western,Y,Debit,5,3,34.56
TXN-0007890,ST-EDM-001,Western,N,Debit,5,3,36.04
TXN-0007891,ST-EDM-001,Western,Y,Credit,7,5,45.92
TXN-0007892,ST-EDM-001,Western,Y,Credit,3,3,34.83
TXN-0007893,ST-EDM-001,Western,Y,Cash,11,5,94.96
TXN-0007894,ST-EDM-001,Western,Y,Debit,9,7,84.77
TXN-0007895,ST-EDM-001,Western,N,Debit,4,2,31.70
TXN-0007896,ST-EDM-001,Western,Y,Debit,1,1,17.48
TXN-0007897,ST-EDM-001,Western,N,Cash,2,2,17.35
TXN-0007898,ST-EDM-001,Western,Y,Credit,5,4,20.77
TXN-0007899,ST-EDM-001,Western,Y,Debit,8,5,94.35
TXN-0007900,ST-EDM-001,Western,N,Credit,3,3,14.79
TXN-0007901,ST-TOR-001,Central,N,Mobile,7,5,54.02
TXN-0007902,ST-TOR-001,Central,Y,Credit,4,4,23.76
TXN-0007903,ST-TOR-001,Central,N,Debit,4,3,28.88
TXN-0007904,ST-TOR-001,Central,Y,Mobile,1,1,2.23
TXN-0007905,ST-TOR-001,Central,N,Mobile,3,3,23.50
TXN-0007906,ST-TOR-001,Central,Y,Credit,3,3,27.77
TXN-0007907,ST-TOR-001,Central,N,Credit,2,2,31.92
TXN-0007908,ST-TOR-001,Central,Y,Debit,4,2,48.34
TXN-0007909,ST-TOR-001,Central,Y,Credit,5,3,58.18
TXN-0007910,ST-TOR-001,Central,Y,Credit,7,3,31.86
TXN-0007911,ST-TOR-001,Central,Y,Credit,1,1,11.25
TXN-0007912,ST-TOR-001,Central,Y,Credit,3,2,35.06
TXN-0007913,ST-TOR-001,Central,Y,Credit,4,2,45.06
TXN-0007914,ST-TOR-001,Central,Y,Credit,1,1,8.53
TXN-0007915,ST-TOR-001,Central,Y,Credit,4,2,34.83
TXN-0007916,ST-TOR-001,Central,Y,Debit,3,2,14.19
TXN-0007917,ST-TOR-001,Central,N,Debit,3,2,32.94
TXN-0007918,ST-TOR-001,Central,N,Credit,6,2,50.91
TXN-0007919,ST-TOR-001,Central,Y,Debit,8,5,54.83
TXN-0007920,ST-TOR-001,Central,Y,Debit,5,4,48.17
TXN-0007921,ST-TOR-001,Central,Y,Debit,2,1,21.64
TXN-0007922,ST-TOR-001,Central,Y,Credit,2,2,18.16
TXN-0007923,ST-TOR-002,Central,Y,Credit,2,2,17.18
TXN-0007924,ST-TOR-002,Central,Y,Debit,7,5,61.81
TXN-0007925,ST-TOR-002,Central,N,Credit,2,2,13.47
TXN-0007926,ST-TOR-002,Central,Y,Debit,5,3,69.26
TXN-0007927,ST-TOR-002,Central,Y,Mobile,7,4,63.81
TXN-0007928,ST-TOR-002,Central,N,Credit,3,2,34.27
TXN-0007929,ST-TOR-002,Central,N,Debit,8,5,97.63
TXN-0007930,ST-TOR-002,Central,N,Debit,5,3,28.04
TXN-0007931,ST-TOR-002,Central,N,Debit,4,3,30.43
TXN-0007932,ST-TOR-002,Central,Y,Credit,2,2,9.16
TXN-0007933,ST-TOR-002,Central,Y,Credit,3,3,31.50
TXN-0007934,ST-TOR-002,Central,Y,Debit,1,1,16.56
TXN-0007935,ST-TOR-002,Central,Y,Debit,3,2,22.00
TXN-0007936,ST-TOR-002,Central,Y,Debit,10,5,93.10
TXN-0007937,ST-TOR-002,Central,N,Mobile,7,4,87.64
TXN-0007938,ST-TOR-002,Central,Y,Credit,5,4,17.10
TXN-0007939,ST-TOR-002,Central,N,Cash,3,2,15.32
TXN-0007940,ST-TOR-002,Central,Y,Debit,13,7,121.70
TXN-0007941,ST-TOR-002,Central,Y,Debit,4,3,33.79
TXN-0007942,ST-TOR-002,Central,Y,Credit,7,3,45.55
TXN-0007943,ST-TOR-002,Central,N,Mobile,5,2,46.40
TXN-0007944,ST-SCA-001,Central,Y,Credit,4,3,31.02
TXN-0007945,ST-SCA-001,Central,N,Debit,4,2,46.54
TXN-0007946,ST-SCA-001,Central,Y,Cash,7,3,64.89
TXN-0007947,ST-SCA-001,Central,Y,Debit,4,3,54.86
TXN-0007948,ST-SCA-001,Central,N,Debit,7,5,73.24
TXN-0007949,ST-SCA-001,Central,Y,Credit,1,1,13.83
TXN-0007950,ST-SCA-001,Central,N,Credit,3,2,34.26
TXN-0007951,ST-SCA-001,Central,Y,Debit,1,1,11.79
TXN-0007952,ST-SCA-001,Central,N,Credit,4,2,17.00
TXN-0007953,ST-SCA-001,Central,Y,Credit,5,3,53.25
TXN-0007954,ST-SCA-001,Central,Y,Credit,2,2,7.69
TXN-0007955,ST-SCA-001,Central,Y,Debit,9,3,74.49
TXN-0007956,ST-SCA-001,Central,N,Debit,4,3,39.41
TXN-0007957,ST-MIS-001,Central,N,Credit,2,2,16.80
TXN-0007958,ST-MIS-001,Central,N,Credit,4,3,38.30
TXN-0007959,ST-MIS-001,Central,Y,Cash,2,1,26.88
TXN-0007960,ST-MIS-001,Central,N,Credit,1,1,14.48
TXN-0007961,ST-MIS-001,Central,Y,Credit,9,5,88.26
TXN-0007962,ST-MIS-001,Central,N,Debit,6,2,16.56
TXN-0007963,ST-MIS-001,Central,N,Debit,4,3,27.95
TXN-0007964,ST-MIS-001,Central,Y,Credit,4,3,29.00
TXN-0007965,ST-MIS-001,Central,Y,Debit,9,5,102.94
TXN-0007966,ST-MIS-001,Central,Y,Debit,4,3,31.01
TXN-0007967,ST-MIS-001,Central,Y,Debit,1,1,5.53
TXN-0007968,ST-BRA-001,Central,Y,Debit,6,4,37.88
TXN-0007969,ST-BRA-001,Central,N,Credit,4,2,49.82
TXN-0007970,ST-BRA-001,Central,N,Debit,2,2,16.49
TXN-0007971,ST-BRA-001,Central,N,Credit,3,3,26.82
TXN-0007972,ST-BRA-001,Central,N,Debit,7,3,66.80
TXN-0007973,ST-BRA-001,Central,Y,Debit,3,1,43.35
TXN-0007974,ST-BRA-001,Central,Y,Credit,6,5,48.09
TXN-0007975,ST-BRA-001,Central,Y,Cash,4,2,16.03
TXN-0007976,ST-BRA-001,Central,N,Debit,9,5,94.77
TXN-0007977,ST-BRA-001,Central,Y,Cash,9,5,100.20
TXN-0007978,ST-BRA-001,Central,Y,Debit,7,5,81.31
TXN-0007979,ST-BRA-001,Central,Y,Credit,2,2,4.48
TXN-0007980,ST-BRA-001,Central,N,Debit,6,4,51.69
TXN-0007981,ST-BRA-001,Central,Y,Debit,1,1,7.87
TXN-0007982,ST-HAM-001,Central,N,Credit,4,4,41.48
TXN-0007983,ST-HAM-001,Central,Y,Mobile,3,2,16.56
TXN-0007984,ST-HAM-001,Central,N,Debit,12,7,116.22
TXN-0007985,ST-HAM-001,Central,N,Mobile,2,1,22.72
TXN-0007986,ST-HAM-001,Central,Y,Debit,5,3,52.63
TXN-0007987,ST-HAM-001,Central,Y,Credit,4,3,15.63
TXN-0007988,ST-HAM-001,Central,N,Credit,5,2,38.96
TXN-0007989,ST-HAM-001,Central,Y,Credit,3,2,8.27
TXN-0007990,ST-HAM-001,Central,Y,Debit,6,4,67.04
TXN-0007991,ST-HAM-001,Central,Y,Credit,9,5,75.34
TXN-0007992,ST-HAM-001,Central,Y,Debit,3,2,28.94
TXN-0007993,ST-HAM-001,Central,Y,Credit,2,2,16.48
TXN-0007994,ST-HAM-001,Central,N,Debit,3,1,10.14
TXN-0007995,ST-HAM-001,Central,Y,Credit,5,4,44.72
TXN-0007996,ST-HAM-001,Central,N,Credit,5,3,38.04
TXN-0007997,ST-HAM-001,Central,Y,Credit,2,2,23.03
TXN-0007998,ST-HAM-001,Central,Y,Debit,3,3,30.07
TXN-0007999,ST-HAM-001,Central,N,Debit,9,4,68.40
TXN-0008000,ST-HAM-001,Central,N,Credit,2,1,32.86
TXN-0008001,ST-HAM-001,Central,Y,Mobile,3,2,46.28
TXN-0008002,ST-HAM-001,Central,Y,Credit,7,5,82.66
TXN-0008003,ST-KIT-001,Central,N,Debit,4,4,38.05
TXN-0008004,ST-KIT-001,Central,Y,Debit,4,2,23.13
TXN-0008005,ST-KIT-001,Central,N,Credit,5,5,59.10
TXN-0008006,ST-KIT-001,Central,Y,Debit,4,4,51.46
TXN-0008007,ST-KIT-001,Central,Y,Cash,10,7,102.42
TXN-0008008,ST-KIT-001,Central,Y,Credit,3,2,35.29
TXN-0008009,ST-KIT-001,Central,Y,Credit,1,1,3.21
TXN-0008010,ST-KIT-001,Central,N,Credit,5,5,51.87
TXN-0008011,ST-KIT-001,Central,Y,Credit,4,4,41.36
TXN-0008012,ST-KIT-001,Central,Y,Credit,4,3,36.07
TXN-0008013,ST-KIT-001,Central,N,Debit,4,2,23.98
TXN-0008014,ST-KIT-001,Central,Y,Cash,4,4,29.80
TXN-0008015,ST-KIT-001,Central,Y,Credit,5,3,43.07
TXN-0008016,ST-KIT-001,Central,Y,Debit,7,5,65.34
TXN-0008017,ST-KIT-001,Central,Y,Credit,2,1,22.52
TXN-0008018,ST-KIT-001,Central,N,Credit,5,3,57.83
TXN-0008019,ST-KIT-001,Central,N,Credit,3,3,36.47
TXN-0008020,ST-KIT-001,Central,Y,Credit,6,5,65.33
TXN-0008021,ST-LON-001,Central,Y,Debit,2,2,19.24
TXN-0008022,ST-LON-001,Central,N,Credit,2,2,22.37
TXN-0008023,ST-LON-001,Central,N,Credit,1,1,13.64
TXN-0008024,ST-LON-001,Central,N,Credit,3,2,44.34
TXN-0008025,ST-LON-001,Central,N,Credit,3,2,16.65
TXN-0008026,ST-LON-001,Central,N,Cash,5,4,31.03
TXN-0008027,ST-LON-001,Central,Y,Debit,4,4,45.77
TXN-0008028,ST-LON-001,Central,Y,Credit,4,2,44.58
TXN-0008029,ST-LON-001,Central,Y,Credit,3,3,30.19
TXN-0008030,ST-LON-001,Central,Y,Credit,6,3,43.05
TXN-0008031,ST-LON-001,Central,Y,Debit,3,2,25.85
TXN-0008032,ST-LON-001,Central,Y,Credit,5,3,32.29
TXN-0008033,ST-LON-001,Central,Y,Credit,4,3,37.37
TXN-0008034,ST-OTT-001,Eastern,Y,Debit,2,2,14.47
TXN-0008035,ST-OTT-001,Eastern,N,Credit,4,2,25.13
TXN-0008036,ST-OTT-001,Eastern,N,Credit,6,3,74.69
TXN-0008037,ST-OTT-001,Eastern,N,Mobile,3,2,33.43
TXN-0008038,ST-OTT-001,Eastern,Y,Debit,2,2,15.38
TXN-0008039,ST-OTT-001,Eastern,Y,Credit,3,3,30.25
TXN-0008040,ST-OTT-001,Eastern,Y,Debit,2,1,14.06
TXN-0008041,ST-OTT-001,Eastern,Y,Debit,3,2,11.94
TXN-0008042,ST-OTT-001,Eastern,Y,Debit,7,6,38.73
TXN-0008043,ST-OTT-001,Eastern,N,Credit,9,7,107.84
TXN-0008044,ST-OTT-001,Eastern,N,Cash,6,4,45.59
TXN-0008045,ST-OTT-001,Eastern,N,Cash,2,2,18.12
TXN-0008046,ST-OTT-001,Eastern,Y,Debit,4,4,54.74
TXN-0008047,ST-OTT-001,Eastern,N,Credit,3,3,21.82
TXN-0008048,ST-OTT-001,Eastern,N,Credit,3,3,32.47
TXN-0008049,ST-OTT-001,Eastern,Y,Debit,7,7,73.36
TXN-0008050,ST-OTT-001,Eastern,N,Credit,3,2,33.01
TXN-0008051,ST-OTT-001,Eastern,Y,Credit,3,2,32.89
TXN-0008052,ST-OTT-001,Eastern,Y,Credit,10,5,58.10
TXN-0008053,ST-OTT-002,Eastern,Y,Mobile,5,4,49.82
TXN-0008054,ST-OTT-002,Eastern,Y,Credit,4,3,36.78
TXN-0008055,ST-OTT-002,Eastern,Y,Credit,3,2,39.34
TXN-0008056,ST-OTT-002,Eastern,Y,Credit,2,1,21.12
TXN-0008057,ST-OTT-002,Eastern,Y,Credit,5,3,34.73
TXN-0008058,ST-OTT-002,Eastern,Y,Debit,8,6,55.48
TXN-0008059,ST-OTT-002,Eastern,Y,Credit,9,4,60.34
TXN-0008060,ST-OTT-002,Eastern,Y,Mobile,2,1,14.38
TXN-0008061,ST-OTT-002,Eastern,N,Debit,6,4,68.91
TXN-0008062,ST-OTT-002,Eastern,N,Cash,6,4,47.04
TXN-0008063,ST-OTT-002,Eastern,Y,Debit,5,3,25.00
TXN-0008064,ST-OTT-002,Eastern,Y,Credit,4,3,27.70
TXN-0008065,ST-OTT-002,Eastern,N,Cash,2,2,16.22
TXN-0008066,ST-OTT-002,Eastern,Y,Credit,6,3,47.20
TXN-0008067,ST-OTT-002,Eastern,N,Credit,3,3,42.30
TXN-0008068,ST-OTT-002,Eastern,Y,Credit,5,3,38.11
TXN-0008069,ST-OTT-002,Eastern,Y,Credit,6,4,50.69
TXN-0008070,ST-CAL-001,Western,N,Credit,6,3,67.23
TXN-0008071,ST-CAL-001,Western,Y,Cash,6,4,28.14
TXN-0008072,ST-CAL-001,Western,Y,Credit,1,1,5.08
TXN-0008073,ST-CAL-001,Western,Y,Credit,3,2,34.84
TXN-0008074,ST-CAL-001,Western,N,Credit,5,2,42.56
TXN-0008075,ST-CAL-001,Western,Y,Debit,6,3,72.70
TXN-0008076,ST-CAL-001,Western,Y,Debit,4,3,30.83
TXN-0008077,ST-CAL-001,Western,Y,Debit,1,1,7.30
TXN-0008078,ST-CAL-001,Western,Y,Credit,7,4,64.59
TXN-0008079,ST-CAL-001,Western,Y,Credit,6,4,58.68
TXN-0008080,ST-CAL-001,Western,Y,Debit,5,3,59.85
TXN-0008081,ST-CAL-001,Western,Y,Debit,5,4,43.04
TXN-0008082,ST-CAL-001,Western,N,Debit,8,3,84.44
TXN-0008083,ST-EDM-001,Western,N,Mobile,5,4,27.48
TXN-0008084,ST-EDM-001,Western,Y,Credit,2,2,13.79
TXN-0008085,ST-EDM-001,Western,Y,Credit,3,1,18.93
TXN-0008086,ST-EDM-001,Western,Y,Credit,4,3,38.84
TXN-0008087,ST-EDM-001,Western,Y,Debit,4,4,48.90
TXN-0008088,ST-EDM-001,Western,Y,Credit,10,4,85.09
TXN-0008089,ST-EDM-001,Western,Y,Mobile,6,3,48.98
TXN-0008090,ST-EDM-001,Western,Y,Credit,1,1,5.48
TXN-0008091,ST-EDM-001,Western,N,Credit,5,3,36.11
TXN-0008092,ST-EDM-001,Western,Y,Debit,2,2,13.42
TXN-0008093,ST-EDM-001,Western,Y,Credit,4,2,49.80
TXN-0008094,ST-EDM-001,Western,Y,Cash,3,3,45.25
TXN-0008095,ST-TOR-001,Central,N,Debit,4,3,40.13
TXN-0008096,ST-TOR-001,Central,Y,Mobile,4,3,55.34
TXN-0008097,ST-TOR-001,Central,N,Debit,8,4,34.34
TXN-0008098,ST-TOR-001,Central,Y,Debit,2,2,9.48
TXN-0008099,ST-TOR-001,Central,Y,Cash,4,4,42.46
TXN-0008100,ST-TOR-001,Central,Y,Credit,4,3,36.26
TXN-0008101,ST-TOR-001,Central,Y,Credit,10,4,87.67
TXN-0008102,ST-TOR-001,Central,N,Debit,3,3,29.86
TXN-0008103,ST-TOR-001,Central,Y,Credit,8,6,90.34
TXN-0008104,ST-TOR-001,Central,Y,Credit,3,2,44.51
TXN-0008105,ST-TOR-001,Central,Y,Cash,3,3,30.49
TXN-0008106,ST-TOR-001,Central,Y,Cash,6,5,52.42
TXN-0008107,ST-TOR-001,Central,Y,Debit,3,3,21.49
TXN-0008108,ST-TOR-001,Central,N,Credit,3,2,12.77
TXN-0008109,ST-TOR-001,Central,N,Credit,6,4,38.38
TXN-0008110,ST-TOR-001,Central,Y,Credit,7,4,62.53
TXN-0008111,ST-TOR-002,Central,Y,Debit,4,3,37.88
TXN-0008112,ST-TOR-002,Central,Y,Debit,5,4,39.46
TXN-0008113,ST-TOR-002,Central,N,Cash,6,4,77.33
TXN-0008114,ST-TOR-002,Central,N,Debit,5,3,24.06
TXN-0008115,ST-TOR-002,Central,Y,Debit,8,5,61.82
TXN-0008116,ST-TOR-002,Central,Y,Debit,2,2,5.59
TXN-0008117,ST-TOR-002,Central,N,Credit,3,2,30.06
TXN-0008118,ST-TOR-002,Central,Y,Debit,7,6,74.15
TXN-0008119,ST-TOR-002,Central,Y,Credit,2,2,16.92
TXN-0008120,ST-SCA-001,Central,Y,Credit,12,5,131.88
TXN-0008121,ST-SCA-001,Central,Y,Credit,2,2,28.13
TXN-0008122,ST-SCA-001,Central,N,Debit,6,4,66.77
TXN-0008123,ST-SCA-001,Central,Y,Debit,2,2,13.99
TXN-0008124,ST-SCA-001,Central,Y,Credit,5,5,43.29
TXN-0008125,ST-SCA-001,Central,N,Debit,2,2,8.58
TXN-0008126,ST-MIS-001,Central,Y,Debit,1,1,3.36
TXN-0008127,ST-MIS-001,Central,Y,Credit,13,4,98.41
TXN-0008128,ST-MIS-001,Central,Y,Mobile,7,6,66.64
TXN-0008129,ST-MIS-001,Central,Y,Credit,6,4,50.09
TXN-0008130,ST-MIS-001,Central,N,Debit,1,1,12.16
TXN-0008131,ST-MIS-001,Central,Y,Credit,5,2,62.91
TXN-0008132,ST-MIS-001,Central,Y,Debit,3,1,18.30
TXN-0008133,ST-MIS-001,Central,Y,Credit,1,1,14.48
TXN-0008134,ST-BRA-001,Central,Y,Cash,2,2,17.00
TXN-0008135,ST-BRA-001,Central,Y,Credit,4,3,39.13
TXN-0008136,ST-BRA-001,Central,N,Credit,6,5,44.81
TXN-0008137,ST-BRA-001,Central,Y,Debit,5,3,31.28
TXN-0008138,ST-BRA-001,Central,N,Debit,4,2,55.08
TXN-0008139,ST-BRA-001,Central,N,Cash,3,2,20.48
TXN-0008140,ST-BRA-001,Central,Y,Debit,3,2,21.20
TXN-0008141,ST-BRA-001,Central,Y,Credit,3,2,31.38
TXN-0008142,ST-BRA-001,Central,Y,Credit,4,2,32.89
TXN-0008143,ST-BRA-001,Central,Y,Mobile,2,1,8.62
TXN-0008144,ST-HAM-001,Central,N,Credit,2,2,21.09
TXN-0008145,ST-HAM-001,Central,Y,Credit,3,3,14.11
TXN-0008146,ST-HAM-001,Central,Y,Debit,4,3,32.66
TXN-0008147,ST-HAM-001,Central,Y,Credit,1,1,5.60
TXN-0008148,ST-HAM-001,Central,Y,Debit,4,2,36.53
TXN-0008149,ST-HAM-001,Central,Y,Debit,4,4,31.67
TXN-0008150,ST-HAM-001,Central,Y,Debit,5,2,36.70
TXN-0008151,ST-HAM-001,Central,Y,Debit,5,5,60.08
TXN-0008152,ST-HAM-001,Central,Y,Cash,7,6,62.58
TXN-0008153,ST-HAM-001,Central,N,Credit,6,3,47.70
TXN-0008154,ST-HAM-001,Central,Y,Credit,3,3,23.00
TXN-0008155,ST-HAM-001,Central,Y,Debit,1,1,3.25
TXN-0008156,ST-HAM-001,Central,N,Cash,2,2,13.83
TXN-0008157,ST-HAM-001,Central,N,Credit,4,3,50.65
TXN-0008158,ST-HAM-001,Central,N,Debit,4,2,33.75
TXN-0008159,ST-HAM-001,Central,Y,Credit,3,2,16.94
TXN-0008160,ST-HAM-001,Central,Y,Mobile,6,2,57.54
TXN-0008161,ST-KIT-001,Central,N,Debit,4,3,44.65
TXN-0008162,ST-KIT-001,Central,Y,Cash,4,3,30.82
TXN-0008163,ST-KIT-001,Central,Y,Mobile,2,2,7.62
TXN-0008164,ST-KIT-001,Central,N,Credit,4,4,33.79
TXN-0008165,ST-KIT-001,Central,N,Credit,6,4,61.31
TXN-0008166,ST-KIT-001,Central,N,Mobile,5,3,47.96
TXN-0008167,ST-KIT-001,Central,Y,Credit,3,2,23.56
TXN-0008168,ST-KIT-001,Central,N,Credit,3,2,37.19
TXN-0008169,ST-KIT-001,Central,Y,Credit,6,3,35.82
TXN-0008170,ST-KIT-001,Central,Y,Credit,2,2,27.24
TXN-0008171,ST-KIT-001,Central,N,Credit,12,4,116.97
TXN-0008172,ST-KIT-001,Central,Y,Debit,6,4,29.60
TXN-0008173,ST-KIT-001,Central,Y,Credit,2,2,14.75
TXN-0008174,ST-LON-001,Central,N,Mobile,9,5,69.14
TXN-0008175,ST-LON-001,Central,N,Debit,4,2,25.53
TXN-0008176,ST-LON-001,Central,N,Credit,6,3,58.40
TXN-0008177,ST-LON-001,Central,N,Debit,2,2,15.10
TXN-0008178,ST-LON-001,Central,Y,Credit,4,4,35.92
TXN-0008179,ST-LON-001,Central,Y,Credit,4,4,52.10
TXN-0008180,ST-LON-001,Central,Y,Debit,1,1,1.96
TXN-0008181,ST-LON-001,Central,Y,Debit,11,7,78.63
TXN-0008182,ST-LON-001,Central,Y,Credit,3,2,25.16
TXN-0008183,ST-LON-001,Central,N,Credit,5,4,36.03
TXN-0008184,ST-OTT-001,Eastern,Y,Credit,2,1,14.30
TXN-0008185,ST-OTT-001,Eastern,Y,Mobile,2,2,13.61
TXN-0008186,ST-OTT-001,Eastern,N,Debit,7,5,80.70
TXN-0008187,ST-OTT-001,Eastern,N,Debit,7,4,78.18
TXN-0008188,ST-OTT-001,Eastern,Y,Debit,2,1,10.74
TXN-0008189,ST-OTT-001,Eastern,Y,Credit,6,6,72.35
TXN-0008190,ST-OTT-001,Eastern,N,Credit,3,2,34.99
TXN-0008191,ST-OTT-001,Eastern,N,Debit,8,3,73.54
TXN-0008192,ST-OTT-001,Eastern,Y,Debit,4,2,43.20
TXN-0008193,ST-OTT-001,Eastern,N,Credit,3,3,32.80
TXN-0008194,ST-OTT-001,Eastern,Y,Credit,1,1,10.51
TXN-0008195,ST-OTT-002,Eastern,Y,Credit,4,2,39.86
TXN-0008196,ST-OTT-002,Eastern,Y,Debit,3,1,21.54
TXN-0008197,ST-OTT-002,Eastern,Y,Credit,6,2,62.34
TXN-0008198,ST-OTT-002,Eastern,N,Credit,4,3,21.94
TXN-0008199,ST-OTT-002,Eastern,N,Debit,7,5,69.47
TXN-0008200,ST-OTT-002,Eastern,N,Debit,5,2,36.06
TXN-0008201,ST-OTT-002,Eastern,Y,Debit,7,4,52.73
TXN-0008202,ST-OTT-002,Eastern,N,Credit,3,3,28.41
TXN-0008203,ST-OTT-002,Eastern,Y,Credit,4,2,18.68
TXN-0008204,ST-CAL-001,Western,N,Credit,3,2,7.83
TXN-0008205,ST-CAL-001,Western,Y,Debit,6,3,62.94
TXN-0008206,ST-CAL-001,Western,Y,Debit,3,2,33.46
TXN-0008207,ST-CAL-001,Western,Y,Credit,7,4,68.09
TXN-0008208,ST-CAL-001,Western,N,Mobile,7,4,48.84
TXN-0008209,ST-CAL-001,Western,Y,Credit,6,2,99.22
TXN-0008210,ST-CAL-001,Western,Y,Cash,8,6,65.43
TXN-0008211,ST-CAL-001,Western,N,Credit,4,3,60.23
TXN-0008212,ST-CAL-001,Western,Y,Credit,7,4,29.35
TXN-0008213,ST-EDM-001,Western,Y,Debit,4,3,47.26
TXN-0008214,ST-EDM-001,Western,Y,Debit,5,4,61.30
TXN-0008215,ST-EDM-001,Western,Y,Cash,3,2,16.31
TXN-0008216,ST-EDM-001,Western,Y,Credit,3,1,6.48
TXN-0008217,ST-EDM-001,Western,N,Mobile,1,1,14.88
TXN-0008218,ST-EDM-001,Western,N,Debit,6,3,73.82
TXN-0008219,ST-EDM-001,Western,N,Debit,7,2,61.63
TXN-0008220,ST-EDM-001,Western,Y,Credit,3,3,21.56
TXN-0008221,ST-TOR-001,Central,Y,Credit,1,1,8.48
TXN-0008222,ST-TOR-001,Central,N,Cash,7,5,72.52
TXN-0008223,ST-TOR-001,Central,Y,Debit,3,3,27.23
TXN-0008224,ST-TOR-001,Central,Y,Credit,4,2,43.10
TXN-0008225,ST-TOR-001,Central,Y,Credit,5,2,14.52
TXN-0008226,ST-TOR-001,Central,N,Credit,4,3,37.55
TXN-0008227,ST-TOR-001,Central,Y,Credit,5,3,49.81
TXN-0008228,ST-TOR-001,Central,Y,Credit,2,2,26.53
TXN-0008229,ST-TOR-001,Central,Y,Credit,5,4,59.34
TXN-0008230,ST-TOR-001,Central,Y,Debit,8,4,59.17
TXN-0008231,ST-TOR-001,Central,Y,Cash,3,3,23.78
TXN-0008232,ST-TOR-002,Central,Y,Credit,8,4,69.60
TXN-0008233,ST-TOR-002,Central,N,Debit,4,4,35.97
TXN-0008234,ST-TOR-002,Central,Y,Credit,4,4,46.27
TXN-0008235,ST-TOR-002,Central,N,Credit,6,2,14.50
TXN-0008236,ST-TOR-002,Central,N,Debit,2,1,24.36
TXN-0008237,ST-TOR-002,Central,Y,Credit,7,4,92.75
TXN-0008238,ST-TOR-002,Central,Y,Credit,3,2,26.39
TXN-0008239,ST-TOR-002,Central,Y,Credit,4,3,25.96
TXN-0008240,ST-TOR-002,Central,Y,Debit,6,6,53.26
TXN-0008241,ST-TOR-002,Central,Y,Mobile,2,2,14.92
TXN-0008242,ST-TOR-002,Central,Y,Debit,6,4,84.28
TXN-0008243,ST-TOR-002,Central,Y,Mobile,5,2,49.81
TXN-0008244,ST-TOR-002,Central,Y,Debit,2,1,20.06
TXN-0008245,ST-TOR-002,Central,Y,Credit,3,1,10.17
TXN-0008246,ST-TOR-002,Central,Y,Debit,2,2,17.04
TXN-0008247,ST-TOR-002,Central,Y,Cash,5,4,38.95
TXN-0008248,ST-TOR-002,Central,N,Credit,4,4,32.23
TXN-0008249,ST-SCA-001,Central,Y,Debit,10,4,119.87
TXN-0008250,ST-SCA-001,Central,Y,Cash,1,1,5.34
TXN-0008251,ST-SCA-001,Central,Y,Debit,5,2,53.90
TXN-0008252,ST-SCA-001,Central,Y,Debit,7,3,26.85
TXN-0008253,ST-SCA-001,Central,Y,Credit,2,2,16.16
TXN-0008254,ST-SCA-001,Central,Y,Credit,9,5,85.56
TXN-0008255,ST-SCA-001,Central,Y,Debit,7,4,46.13
TXN-0008256,ST-MIS-001,Central,Y,Debit,5,2,63.25
TXN-0008257,ST-MIS-001,Central,N,Credit,2,2,19.80
TXN-0008258,ST-MIS-001,Central,N,Credit,8,3,105.74
TXN-0008259,ST-MIS-001,Central,N,Debit,9,6,101.38
TXN-0008260,ST-MIS-001,Central,Y,Cash,5,4,41.94
TXN-0008261,ST-MIS-001,Central,Y,Credit,3,2,40.71
TXN-0008262,ST-MIS-001,Central,N,Debit,5,5,39.24
TXN-0008263,ST-MIS-001,Central,Y,Credit,4,3,34.84
TXN-0008264,ST-MIS-001,Central,Y,Credit,4,2,25.49
TXN-0008265,ST-MIS-001,Central,Y,Debit,6,4,38.83
TXN-0008266,ST-MIS-001,Central,Y,Credit,10,5,134.62
TXN-0008267,ST-MIS-001,Central,Y,Debit,3,1,47.34
TXN-0008268,ST-MIS-001,Central,Y,Debit,2,2,16.60
TXN-0008269,ST-MIS-001,Central,N,Credit,4,4,45.68
TXN-0008270,ST-BRA-001,Central,Y,Credit,7,5,45.93
TXN-0008271,ST-BRA-001,Central,Y,Cash,13,5,168.16
TXN-0008272,ST-BRA-001,Central,Y,Credit,4,2,42.58
TXN-0008273,ST-BRA-001,Central,Y,Credit,2,2,11.72
TXN-0008274,ST-BRA-001,Central,Y,Debit,2,2,16.16
TXN-0008275,ST-BRA-001,Central,N,Debit,4,3,42.76
TXN-0008276,ST-BRA-001,Central,Y,Cash,2,2,16.00
TXN-0008277,ST-BRA-001,Central,N,Credit,8,6,94.14
TXN-0008278,ST-BRA-001,Central,N,Debit,3,2,39.42
TXN-0008279,ST-BRA-001,Central,N,Credit,12,4,97.24
TXN-0008280,ST-BRA-001,Central,Y,Debit,8,5,85.45
TXN-0008281,ST-BRA-001,Central,Y,Credit,8,5,80.48
TXN-0008282,ST-BRA-001,Central,Y,Credit,5,4,60.11
TXN-0008283,ST-BRA-001,Central,N,Credit,5,4,30.11
TXN-0008284,ST-HAM-001,Central,Y,Credit,4,2,52.88
TXN-0008285,ST-HAM-001,Central,Y,Cash,4,3,22.14
TXN-0008286,ST-HAM-001,Central,Y,Debit,2,2,17.26
TXN-0008287,ST-HAM-001,Central,Y,Credit,2,2,19.40
TXN-0008288,ST-HAM-001,Central,N,Debit,6,5,42.79
TXN-0008289,ST-HAM-001,Central,Y,Cash,4,3,23.13
TXN-0008290,ST-HAM-001,Central,Y,Debit,6,3,35.96
TXN-0008291,ST-HAM-001,Central,Y,Credit,2,2,25.06
TXN-0008292,ST-HAM-001,Central,Y,Debit,3,2,18.79
TXN-0008293,ST-HAM-001,Central,Y,Credit,5,3,27.78
TXN-0008294,ST-HAM-001,Central,N,Cash,4,2,11.30
TXN-0008295,ST-HAM-001,Central,N,Credit,5,3,52.10
TXN-0008296,ST-HAM-001,Central,Y,Debit,3,2,23.64
TXN-0008297,ST-KIT-001,Central,N,Credit,6,4,28.48
TXN-0008298,ST-KIT-001,Central,Y,Debit,3,3,24.61
TXN-0008299,ST-KIT-001,Central,Y,Debit,5,3,35.93
TXN-0008300,ST-KIT-001,Central,N,Credit,9,4,65.20
TXN-0008301,ST-KIT-001,Central,Y,Credit,8,5,49.57
TXN-0008302,ST-KIT-001,Central,Y,Debit,4,3,45.78
TXN-0008303,ST-KIT-001,Central,Y,Credit,2,2,19.55
TXN-0008304,ST-KIT-001,Central,Y,Debit,5,3,72.79
TXN-0008305,ST-KIT-001,Central,Y,Debit,7,4,33.05
TXN-0008306,ST-KIT-001,Central,N,Credit,5,4,41.19
TXN-0008307,ST-KIT-001,Central,Y,Credit,3,2,12.41
TXN-0008308,ST-KIT-001,Central,N,Debit,1,1,8.90
TXN-0008309,ST-KIT-001,Central,N,Cash,4,2,48.41
TXN-0008310,ST-LON-001,Central,N,Debit,3,2,20.38
TXN-0008311,ST-LON-001,Central,Y,Credit,5,2,71.84
TXN-0008312,ST-LON-001,Central,Y,Debit,2,2,19.94
TXN-0008313,ST-LON-001,Central,N,Credit,1,1,3.23
TXN-0008314,ST-LON-001,Central,Y,Debit,10,5,34.24
TXN-0008315,ST-LON-001,Central,Y,Credit,11,6,121.72
TXN-0008316,ST-LON-001,Central,N,Credit,5,3,54.21
TXN-0008317,ST-OTT-001,Eastern,Y,Mobile,3,2,22.01
TXN-0008318,ST-OTT-001,Eastern,N,Credit,3,3,26.91
TXN-0008319,ST-OTT-001,Eastern,N,Mobile,4,2,28.20
TXN-0008320,ST-OTT-001,Eastern,N,Debit,6,3,82.78
TXN-0008321,ST-OTT-001,Eastern,N,Debit,2,2,17.98
TXN-0008322,ST-OTT-001,Eastern,Y,Debit,5,3,43.14
TXN-0008323,ST-OTT-001,Eastern,N,Credit,8,6,54.56
TXN-0008324,ST-OTT-001,Eastern,Y,Debit,8,5,93.61
TXN-0008325,ST-OTT-001,Eastern,Y,Mobile,6,3,53.79
TXN-0008326,ST-OTT-001,Eastern,Y,Debit,5,3,51.32
TXN-0008327,ST-OTT-001,Eastern,Y,Credit,6,2,35.22
TXN-0008328,ST-OTT-001,Eastern,Y,Cash,3,2,35.32
TXN-0008329,ST-OTT-001,Eastern,Y,Debit,4,2,30.95
TXN-0008330,ST-OTT-001,Eastern,Y,Debit,2,1,30.98
TXN-0008331,ST-OTT-002,Eastern,N,Debit,2,1,30.16
TXN-0008332,ST-OTT-002,Eastern,Y,Credit,3,2,16.70
TXN-0008333,ST-OTT-002,Eastern,N,Debit,1,1,13.52
TXN-0008334,ST-OTT-002,Eastern,N,Credit,10,7,90.77
TXN-0008335,ST-OTT-002,Eastern,N,Debit,9,5,43.71
TXN-0008336,ST-OTT-002,Eastern,N,Credit,7,5,91.93
TXN-0008337,ST-OTT-002,Eastern,N,Credit,3,2,24.59
TXN-0008338,ST-OTT-002,Eastern,Y,Debit,3,2,31.93
TXN-0008339,ST-OTT-002,Eastern,Y,Credit,2,2,13.49
TXN-0008340,ST-CAL-001,Western,Y,Credit,5,3,44.59
TXN-0008341,ST-CAL-001,Western,Y,Credit,2,2,15.31
TXN-0008342,ST-CAL-001,Western,N,Credit,8,4,31.27
TXN-0008343,ST-CAL-001,Western,Y,Credit,6,2,67.96
TXN-0008344,ST-CAL-001,Western,N,Credit,1,1,3.44
TXN-0008345,ST-CAL-001,Western,Y,Debit,10,4,67.94
TXN-0008346,ST-CAL-001,Western,N,Credit,6,3,35.84
TXN-0008347,ST-CAL-001,Western,N,Debit,2,2,15.55
TXN-0008348,ST-CAL-001,Western,Y,Credit,6,3,43.40
TXN-0008349,ST-CAL-001,Western,Y,Debit,2,1,29.80
TXN-0008350,ST-CAL-001,Western,Y,Cash,4,2,24.48
TXN-0008351,ST-CAL-001,Western,Y,Debit,8,3,40.60
TXN-0008352,ST-CAL-001,Western,Y,Debit,3,2,26.32
TXN-0008353,ST-CAL-001,Western,Y,Debit,4,2,50.55
TXN-0008354,ST-CAL-001,Western,N,Credit,2,2,32.34
TXN-0008355,ST-CAL-001,Western,Y,Credit,7,4,75.00
TXN-0008356,ST-CAL-001,Western,Y,Debit,7,3,47.24
TXN-0008357,ST-CAL-001,Western,Y,Credit,7,4,60.30
TXN-0008358,ST-CAL-001,Western,Y,Cash,10,5,116.12
TXN-0008359,ST-EDM-001,Western,Y,Credit,1,1,10.49
TXN-0008360,ST-EDM-001,Western,N,Credit,12,6,84.47
TXN-0008361,ST-EDM-001,Western,Y,Cash,2,1,22.98
TXN-0008362,ST-EDM-001,Western,Y,Cash,5,3,44.30
TXN-0008363,ST-EDM-001,Western,N,Cash,2,1,14.10
TXN-0008364,ST-EDM-001,Western,Y,Credit,2,1,18.38
TXN-0008365,ST-EDM-001,Western,Y,Debit,8,4,115.68
TXN-0008366,ST-EDM-001,Western,N,Debit,4,3,26.07
TXN-0008367,ST-TOR-001,Central,Y,Debit,6,4,64.22
TXN-0008368,ST-TOR-001,Central,Y,Cash,2,2,15.86
TXN-0008369,ST-TOR-001,Central,Y,Mobile,3,3,26.20
TXN-0008370,ST-TOR-001,Central,N,Credit,5,2,29.75
TXN-0008371,ST-TOR-001,Central,N,Credit,2,2,7.51
TXN-0008372,ST-TOR-001,Central,N,Credit,2,2,27.61
TXN-0008373,ST-TOR-001,Central,Y,Credit,6,4,62.70
TXN-0008374,ST-TOR-001,Central,N,Credit,3,3,30.46
TXN-0008375,ST-TOR-001,Central,N,Debit,3,3,27.83
TXN-0008376,ST-TOR-001,Central,N,Debit,5,3,54.06
TXN-0008377,ST-TOR-001,Central,Y,Credit,4,3,30.45
TXN-0008378,ST-TOR-001,Central,N,Cash,2,1,10.98
TXN-0008379,ST-TOR-001,Central,Y,Credit,2,2,18.96
TXN-0008380,ST-TOR-001,Central,Y,Cash,2,2,13.71
TXN-0008381,ST-TOR-002,Central,Y,Credit,8,5,45.97
TXN-0008382,ST-TOR-002,Central,N,Credit,2,2,6.89
TXN-0008383,ST-TOR-002,Central,Y,Debit,6,3,75.88
TXN-0008384,ST-TOR-002,Central,N,Credit,4,3,27.63
TXN-0008385,ST-TOR-002,Central,Y,Mobile,2,2,5.65
TXN-0008386,ST-TOR-002,Central,Y,Cash,3,2,13.86
TXN-0008387,ST-TOR-002,Central,Y,Credit,7,4,94.56
TXN-0008388,ST-TOR-002,Central,N,Credit,6,4,37.85
TXN-0008389,ST-TOR-002,Central,Y,Credit,5,4,52.82
TXN-0008390,ST-TOR-002,Central,Y,Cash,4,3,45.70
TXN-0008391,ST-TOR-002,Central,N,Debit,6,4,50.88
TXN-0008392,ST-TOR-002,Central,N,Debit,5,2,14.56
TXN-0008393,ST-TOR-002,Central,Y,Credit,3,3,37.48
TXN-0008394,ST-TOR-002,Central,Y,Debit,2,2,18.38
TXN-0008395,ST-SCA-001,Central,Y,Credit,3,2,27.47
TXN-0008396,ST-SCA-001,Central,Y,Mobile,2,2,19.97
TXN-0008397,ST-SCA-001,Central,Y,Mobile,5,5,41.86
TXN-0008398,ST-SCA-001,Central,Y,Debit,5,3,50.49
TXN-0008399,ST-SCA-001,Central,N,Credit,2,2,19.37
TXN-0008400,ST-SCA-001,Central,N,Credit,4,4,15.20
TXN-0008401,ST-SCA-001,Central,Y,Cash,5,3,48.47
TXN-0008402,ST-SCA-001,Central,Y,Credit,5,2,44.31
TXN-0008403,ST-SCA-001,Central,Y,Cash,14,7,140.55
TXN-0008404,ST-SCA-001,Central,Y,Credit,2,2,25.38
TXN-0008405,ST-MIS-001,Central,Y,Credit,3,1,35.04
TXN-0008406,ST-MIS-001,Central,Y,Cash,6,4,58.72
TXN-0008407,ST-MIS-001,Central,N,Credit,2,1,24.20
TXN-0008408,ST-MIS-001,Central,Y,Debit,1,1,5.42
TXN-0008409,ST-MIS-001,Central,N,Debit,4,3,20.77
TXN-0008410,ST-MIS-001,Central,Y,Debit,3,2,38.71
TXN-0008411,ST-MIS-001,Central,Y,Credit,6,4,58.64
TXN-0008412,ST-MIS-001,Central,N,Cash,4,3,47.23
TXN-0008413,ST-MIS-001,Central,Y,Debit,6,3,25.83
TXN-0008414,ST-MIS-001,Central,N,Debit,12,5,105.30
TXN-0008415,ST-MIS-001,Central,N,Credit,6,5,71.41
TXN-0008416,ST-MIS-001,Central,Y,Debit,8,4,101.83
TXN-0008417,ST-MIS-001,Central,N,Credit,8,5,59.81
TXN-0008418,ST-MIS-001,Central,Y,Cash,3,3,36.35
TXN-0008419,ST-MIS-001,Central,N,Debit,3,2,36.63
TXN-0008420,ST-MIS-001,Central,Y,Credit,9,5,85.56
TXN-0008421,ST-MIS-001,Central,Y,Debit,1,1,11.18
TXN-0008422,ST-MIS-001,Central,N,Credit,2,1,19.80
TXN-0008423,ST-MIS-001,Central,Y,Debit,7,4,43.19
TXN-0008424,ST-MIS-001,Central,Y,Credit,4,3,49.47
TXN-0008425,ST-MIS-001,Central,Y,Debit,1,1,3.26
TXN-0008426,ST-MIS-001,Central,N,Debit,5,3,26.80
TXN-0008427,ST-MIS-001,Central,N,Cash,4,3,46.65
TXN-0008428,ST-BRA-001,Central,Y,Mobile,6,2,89.82
TXN-0008429,ST-BRA-001,Central,Y,Cash,2,2,8.46
TXN-0008430,ST-BRA-001,Central,Y,Debit,3,2,36.22
TXN-0008431,ST-BRA-001,Central,N,Cash,1,1,13.08
TXN-0008432,ST-BRA-001,Central,Y,Mobile,6,3,52.47
TXN-0008433,ST-BRA-001,Central,Y,Credit,7,4,49.46
TXN-0008434,ST-BRA-001,Central,N,Mobile,4,2,46.10
TXN-0008435,ST-BRA-001,Central,Y,Debit,8,6,82.90
TXN-0008436,ST-BRA-001,Central,Y,Credit,1,1,2.24
TXN-0008437,ST-BRA-001,Central,Y,Debit,6,4,24.75
TXN-0008438,ST-HAM-001,Central,N,Mobile,3,3,24.71
TXN-0008439,ST-HAM-001,Central,N,Debit,2,2,16.92
TXN-0008440,ST-HAM-001,Central,Y,Cash,6,4,63.85
TXN-0008441,ST-HAM-001,Central,Y,Cash,6,4,84.91
TXN-0008442,ST-HAM-001,Central,N,Mobile,4,2,17.61
TXN-0008443,ST-HAM-001,Central,Y,Credit,1,1,2.24
TXN-0008444,ST-KIT-001,Central,N,Mobile,3,2,43.18
TXN-0008445,ST-KIT-001,Central,Y,Debit,3,2,23.05
TXN-0008446,ST-KIT-001,Central,Y,Mobile,2,2,24.38
TXN-0008447,ST-KIT-001,Central,Y,Cash,4,3,44.21
TXN-0008448,ST-KIT-001,Central,Y,Debit,3,2,16.20
TXN-0008449,ST-KIT-001,Central,N,Credit,1,1,13.95
TXN-0008450,ST-KIT-001,Central,N,Cash,5,2,67.52
TXN-0008451,ST-KIT-001,Central,Y,Debit,5,4,44.70
TXN-0008452,ST-KIT-001,Central,Y,Cash,4,4,41.13
TXN-0008453,ST-KIT-001,Central,Y,Debit,4,1,13.20
TXN-0008454,ST-LON-001,Central,Y,Credit,8,3,44.33
TXN-0008455,ST-LON-001,Central,Y,Debit,5,4,43.73
TXN-0008456,ST-LON-001,Central,N,Debit,5,4,43.86
TXN-0008457,ST-LON-001,Central,Y,Debit,6,3,57.65
TXN-0008458,ST-LON-001,Central,Y,Credit,2,1,10.38
TXN-0008459,ST-LON-001,Central,Y,Debit,6,4,54.29
TXN-0008460,ST-LON-001,Central,Y,Credit,4,2,50.76
TXN-0008461,ST-LON-001,Central,Y,Debit,6,4,60.70
TXN-0008462,ST-LON-001,Central,Y,Debit,3,3,38.44
TXN-0008463,ST-LON-001,Central,Y,Credit,4,4,35.99
TXN-0008464,ST-OTT-001,Eastern,Y,Credit,2,1,5.12
TXN-0008465,ST-OTT-001,Eastern,Y,Credit,7,4,47.97
TXN-0008466,ST-OTT-001,Eastern,N,Debit,4,3,38.83
TXN-0008467,ST-OTT-001,Eastern,Y,Mobile,7,3,79.55
TXN-0008468,ST-OTT-001,Eastern,Y,Debit,8,5,87.08
TXN-0008469,ST-OTT-001,Eastern,Y,Cash,3,2,29.70
TXN-0008470,ST-OTT-001,Eastern,N,Credit,7,3,67.68
TXN-0008471,ST-OTT-001,Eastern,Y,Credit,3,2,14.01
TXN-0008472,ST-OTT-001,Eastern,Y,Debit,6,3,93.95
TXN-0008473,ST-OTT-001,Eastern,N,Credit,3,2,33.37
TXN-0008474,ST-OTT-001,Eastern,N,Debit,3,2,29.30
TXN-0008475,ST-OTT-001,Eastern,Y,Credit,2,2,12.68
TXN-0008476,ST-OTT-001,Eastern,Y,Debit,8,4,65.74
TXN-0008477,ST-OTT-002,Eastern,Y,Credit,3,3,22.61
TXN-0008478,ST-OTT-002,Eastern,Y,Mobile,3,3,25.03
TXN-0008479,ST-OTT-002,Eastern,N,Cash,1,1,11.97
TXN-0008480,ST-OTT-002,Eastern,Y,Debit,3,3,32.89
TXN-0008481,ST-OTT-002,Eastern,N,Cash,7,4,61.09
TXN-0008482,ST-OTT-002,Eastern,Y,Credit,8,4,76.03
TXN-0008483,ST-OTT-002,Eastern,Y,Cash,6,2,80.90
TXN-0008484,ST-OTT-002,Eastern,Y,Mobile,4,2,38.68
TXN-0008485,ST-OTT-002,Eastern,Y,Debit,4,4,35.43
TXN-0008486,ST-OTT-002,Eastern,Y,Credit,3,1,41.58
TXN-0008487,ST-OTT-002,Eastern,Y,Debit,1,1,2.30
TXN-0008488,ST-CAL-001,Western,Y,Credit,9,5,68.74
TXN-0008489,ST-CAL-001,Western,Y,Credit,5,4,44.94
TXN-0008490,ST-CAL-001,Western,Y,Credit,3,3,22.97
TXN-0008491,ST-CAL-001,Western,Y,Credit,1,1,16.02
TXN-0008492,ST-CAL-001,Western,N,Mobile,6,5,58.39
TXN-0008493,ST-CAL-001,Western,Y,Credit,6,4,67.42
TXN-0008494,ST-CAL-001,Western,N,Debit,4,2,65.44
TXN-0008495,ST-EDM-001,Western,Y,Mobile,4,3,54.16
TXN-0008496,ST-EDM-001,Western,Y,Credit,8,5,86.69
TXN-0008497,ST-EDM-001,Western,N,Credit,3,3,37.47
TXN-0008498,ST-EDM-001,Western,N,Debit,6,3,38.02
TXN-0008499,ST-EDM-001,Western,Y,Credit,8,5,46.38
TXN-0008500,ST-EDM-001,Western,N,Debit,1,1,13.81
TXN-0008501,ST-EDM-001,Western,N,Debit,4,3,55.62
TXN-0008502,ST-EDM-001,Western,Y,Cash,7,4,80.32
TXN-0008503,ST-EDM-001,Western,Y,Debit,6,3,42.18
TXN-0008504,ST-TOR-001,Central,Y,Credit,10,6,85.11
TXN-0008505,ST-TOR-001,Central,Y,Debit,8,5,56.86
TXN-0008506,ST-TOR-001,Central,Y,Debit,6,3,71.11
TXN-0008507,ST-TOR-001,Central,Y,Debit,4,3,50.97
TXN-0008508,ST-TOR-001,Central,Y,Credit,5,4,50.85
TXN-0008509,ST-TOR-001,Central,Y,Credit,6,3,90.46
TXN-0008510,ST-TOR-001,Central,Y,Debit,5,5,34.04
TXN-0008511,ST-TOR-001,Central,N,Credit,6,3,40.37
TXN-0008512,ST-TOR-001,Central,Y,Debit,12,7,137.92
TXN-0008513,ST-TOR-001,Central,Y,Credit,14,6,146.87
TXN-0008514,ST-TOR-002,Central,Y,Cash,6,3,48.40
TXN-0008515,ST-TOR-002,Central,Y,Cash,2,2,15.09
TXN-0008516,ST-TOR-002,Central,Y,Cash,3,3,33.46
TXN-0008517,ST-TOR-002,Central,N,Credit,3,3,16.69
TXN-0008518,ST-TOR-002,Central,Y,Credit,6,4,76.62
TXN-0008519,ST-TOR-002,Central,Y,Credit,5,3,24.40
TXN-0008520,ST-TOR-002,Central,Y,Debit,2,2,13.16
TXN-0008521,ST-TOR-002,Central,Y,Cash,1,1,12.07
TXN-0008522,ST-TOR-002,Central,Y,Credit,1,1,11.67
TXN-0008523,ST-TOR-002,Central,N,Cash,8,7,65.36
TXN-0008524,ST-TOR-002,Central,Y,Debit,2,2,7.55
TXN-0008525,ST-TOR-002,Central,Y,Mobile,3,3,21.31
TXN-0008526,ST-TOR-002,Central,Y,Debit,4,2,58.96
TXN-0008527,ST-SCA-001,Central,Y,Credit,5,4,26.89
TXN-0008528,ST-SCA-001,Central,N,Credit,10,5,133.75
TXN-0008529,ST-SCA-001,Central,Y,Debit,6,3,42.20
TXN-0008530,ST-SCA-001,Central,N,Debit,2,1,26.58
TXN-0008531,ST-SCA-001,Central,Y,Credit,2,2,18.90
TXN-0008532,ST-MIS-001,Central,N,Credit,5,3,42.16
TXN-0008533,ST-MIS-001,Central,Y,Debit,2,1,31.04
TXN-0008534,ST-MIS-001,Central,Y,Credit,2,2,15.29
TXN-0008535,ST-MIS-001,Central,Y,Debit,2,1,6.88
TXN-0008536,ST-MIS-001,Central,N,Credit,7,4,62.87
TXN-0008537,ST-MIS-001,Central,N,Debit,2,2,10.46
TXN-0008538,ST-MIS-001,Central,N,Credit,5,4,35.58
TXN-0008539,ST-MIS-001,Central,N,Credit,4,2,15.00
TXN-0008540,ST-MIS-001,Central,Y,Credit,2,2,17.42
TXN-0008541,ST-MIS-001,Central,Y,Debit,9,5,47.63
TXN-0008542,ST-MIS-001,Central,Y,Credit,9,4,110.29
TXN-0008543,ST-MIS-001,Central,Y,Debit,7,4,88.02
TXN-0008544,ST-MIS-001,Central,Y,Credit,7,6,67.31
TXN-0008545,ST-MIS-001,Central,Y,Debit,2,2,27.36
TXN-0008546,ST-MIS-001,Central,Y,Cash,1,1,14.54
TXN-0008547,ST-MIS-001,Central,Y,Mobile,8,3,39.18
TXN-0008548,ST-MIS-001,Central,Y,Mobile,3,2,7.80
TXN-0008549,ST-BRA-001,Central,N,Debit,4,3,40.66
TXN-0008550,ST-BRA-001,Central,Y,Credit,10,5,75.65
TXN-0008551,ST-BRA-001,Central,Y,Credit,4,3,39.72
TXN-0008552,ST-BRA-001,Central,N,Credit,4,3,44.23
TXN-0008553,ST-BRA-001,Central,N,Credit,8,5,81.08
TXN-0008554,ST-BRA-001,Central,Y,Debit,4,4,23.95
TXN-0008555,ST-BRA-001,Central,Y,Credit,3,3,37.67
TXN-0008556,ST-BRA-001,Central,Y,Credit,1,1,12.46
TXN-0008557,ST-BRA-001,Central,Y,Debit,6,4,63.74
TXN-0008558,ST-BRA-001,Central,Y,Mobile,1,1,14.75
TXN-0008559,ST-BRA-001,Central,N,Cash,7,4,53.22
TXN-0008560,ST-BRA-001,Central,N,Debit,3,2,35.64
TXN-0008561,ST-HAM-001,Central,N,Debit,10,5,45.16
TXN-0008562,ST-HAM-001,Central,Y,Credit,1,1,10.86
TXN-0008563,ST-HAM-001,Central,Y,Debit,4,3,32.94
TXN-0008564,ST-HAM-001,Central,Y,Cash,2,2,9.33
TXN-0008565,ST-HAM-001,Central,Y,Debit,1,1,12.96
TXN-0008566,ST-HAM-001,Central,N,Debit,3,2,40.05
TXN-0008567,ST-HAM-001,Central,Y,Debit,4,4,39.65
TXN-0008568,ST-HAM-001,Central,Y,Credit,2,2,27.13
TXN-0008569,ST-HAM-001,Central,Y,Debit,4,2,29.14
TXN-0008570,ST-HAM-001,Central,Y,Cash,8,4,69.63
TXN-0008571,ST-HAM-001,Central,N,Cash,3,3,30.10
TXN-0008572,ST-HAM-001,Central,Y,Credit,4,4,36.17
TXN-0008573,ST-KIT-001,Central,N,Debit,5,3,59.28
TXN-0008574,ST-KIT-001,Central,N,Credit,2,2,20.67
TXN-0008575,ST-KIT-001,Central,Y,Debit,2,1,23.56
TXN-0008576,ST-KIT-001,Central,N,Credit,9,5,87.75
TXN-0008577,ST-KIT-001,Central,N,Cash,10,3,62.61
TXN-0008578,ST-KIT-001,Central,N,Credit,7,6,49.61
TXN-0008579,ST-KIT-001,Central,N,Debit,1,1,7.28
TXN-0008580,ST-KIT-001,Central,Y,Mobile,6,4,72.29
TXN-0008581,ST-KIT-001,Central,N,Debit,2,2,7.82
TXN-0008582,ST-KIT-001,Central,Y,Credit,2,1,12.78
TXN-0008583,ST-KIT-001,Central,Y,Debit,6,3,64.72
TXN-0008584,ST-KIT-001,Central,N,Credit,3,2,36.55
TXN-0008585,ST-KIT-001,Central,Y,Credit,7,4,81.52
TXN-0008586,ST-KIT-001,Central,N,Debit,3,2,12.47
TXN-0008587,ST-KIT-001,Central,Y,Credit,3,3,18.63
TXN-0008588,ST-KIT-001,Central,N,Credit,3,2,33.58
TXN-0008589,ST-KIT-001,Central,Y,Debit,3,2,28.36
TXN-0008590,ST-LON-001,Central,Y,Credit,2,2,13.70
TXN-0008591,ST-LON-001,Central,Y,Debit,3,2,18.07
TXN-0008592,ST-LON-001,Central,N,Credit,3,3,29.86
TXN-0008593,ST-LON-001,Central,Y,Credit,3,3,34.98
TXN-0008594,ST-LON-001,Central,N,Debit,7,5,58.40
TXN-0008595,ST-LON-001,Central,Y,Debit,2,2,12.50
TXN-0008596,ST-LON-001,Central,Y,Credit,5,3,68.13
TXN-0008597,ST-LON-001,Central,N,Credit,2,2,20.55
TXN-0008598,ST-LON-001,Central,Y,Credit,2,2,18.20
TXN-0008599,ST-LON-001,Central,N,Debit,3,2,22.21
TXN-0008600,ST-LON-001,Central,Y,Cash,7,5,75.62
TXN-0008601,ST-LON-001,Central,N,Mobile,2,1,23.42
TXN-0008602,ST-LON-001,Central,Y,Credit,4,3,18.96
TXN-0008603,ST-LON-001,Central,Y,Debit,1,1,12.98
TXN-0008604,ST-LON-001,Central,Y,Debit,6,3,82.49
TXN-0008605,ST-LON-001,Central,Y,Debit,2,2,12.67
TXN-0008606,ST-LON-001,Central,Y,Credit,1,1,2.54
TXN-0008607,ST-OTT-001,Eastern,Y,Credit,2,2,13.99
TXN-0008608,ST-OTT-001,Eastern,N,Credit,5,3,64.15
TXN-0008609,ST-OTT-001,Eastern,N,Cash,5,3,23.90
TXN-0008610,ST-OTT-001,Eastern,N,Debit,4,3,46.79
TXN-0008611,ST-OTT-001,Eastern,N,Credit,3,3,36.49
TXN-0008612,ST-OTT-001,Eastern,Y,Debit,6,4,47.03
TXN-0008613,ST-OTT-001,Eastern,N,Cash,5,2,55.73
TXN-0008614,ST-OTT-001,Eastern,Y,Cash,4,3,43.78
TXN-0008615,ST-OTT-001,Eastern,Y,Debit,2,2,20.49
TXN-0008616,ST-OTT-001,Eastern,Y,Mobile,4,4,31.68
TXN-0008617,ST-OTT-001,Eastern,Y,Debit,3,2,31.78
TXN-0008618,ST-OTT-001,Eastern,N,Credit,5,4,60.06
TXN-0008619,ST-OTT-001,Eastern,Y,Mobile,8,5,82.31
TXN-0008620,ST-OTT-001,Eastern,Y,Debit,8,4,102.21
TXN-0008621,ST-OTT-001,Eastern,Y,Credit,8,4,96.13
TXN-0008622,ST-OTT-002,Eastern,Y,Debit,5,3,60.02
TXN-0008623,ST-OTT-002,Eastern,N,Debit,7,2,53.31
TXN-0008624,ST-OTT-002,Eastern,Y,Credit,6,5,38.87
TXN-0008625,ST-OTT-002,Eastern,Y,Credit,5,2,52.19
TXN-0008626,ST-OTT-002,Eastern,N,Debit,3,2,14.74
TXN-0008627,ST-OTT-002,Eastern,Y,Debit,7,4,92.19
TXN-0008628,ST-CAL-001,Western,Y,Credit,4,2,24.98
TXN-0008629,ST-CAL-001,Western,N,Debit,6,4,84.16
TXN-0008630,ST-CAL-001,Western,Y,Credit,9,5,83.53
TXN-0008631,ST-CAL-001,Western,Y,Credit,3,1,22.44
TXN-0008632,ST-CAL-001,Western,Y,Credit,2,1,6.52
TXN-0008633,ST-CAL-001,Western,Y,Credit,8,5,31.74
TXN-0008634,ST-CAL-001,Western,N,Cash,5,3,47.99
TXN-0008635,ST-CAL-001,Western,Y,Credit,4,2,46.78
TXN-0008636,ST-CAL-001,Western,N,Mobile,2,2,25.62
TXN-0008637,ST-EDM-001,Western,Y,Mobile,3,2,21.83
TXN-0008638,ST-EDM-001,Western,Y,Debit,2,1,30.32
TXN-0008639,ST-EDM-001,Western,Y,Cash,7,3,93.61
TXN-0008640,ST-EDM-001,Western,Y,Debit,5,2,32.33
TXN-0008641,ST-EDM-001,Western,Y,Debit,4,3,38.88
TXN-0008642,ST-EDM-001,Western,Y,Debit,6,4,56.79
TXN-0008643,ST-EDM-001,Western,N,Mobile,5,3,30.38
TXN-0008644,ST-EDM-001,Western,N,Debit,10,6,94.69
TXN-0008645,ST-EDM-001,Western,N,Debit,1,1,7.36
TXN-0008646,ST-EDM-001,Western,Y,Debit,6,4,37.57
TXN-0008647,ST-EDM-001,Western,Y,Cash,9,5,91.69
TXN-0008648,ST-TOR-001,Central,Y,Mobile,3,1,47.01
TXN-0008649,ST-TOR-001,Central,N,Debit,7,5,48.75
TXN-0008650,ST-TOR-001,Central,Y,Debit,6,4,38.30
TXN-0008651,ST-TOR-001,Central,Y,Debit,3,3,29.10
TXN-0008652,ST-TOR-001,Central,N,Credit,5,3,62.12
TXN-0008653,ST-TOR-001,Central,Y,Debit,3,2,31.79
TXN-0008654,ST-TOR-001,Central,N,Debit,3,3,28.08
TXN-0008655,ST-TOR-001,Central,N,Credit,7,4,73.01
TXN-0008656,ST-TOR-001,Central,Y,Debit,8,6,73.01
TXN-0008657,ST-TOR-001,Central,Y,Credit,5,4,32.90
TXN-0008658,ST-TOR-001,Central,Y,Credit,10,7,113.13
TXN-0008659,ST-TOR-001,Central,Y,Credit,3,1,36.33
TXN-0008660,ST-TOR-001,Central,Y,Debit,2,2,22.12
TXN-0008661,ST-TOR-001,Central,Y,Cash,1,1,13.74
TXN-0008662,ST-TOR-001,Central,N,Credit,5,2,20.53
TXN-0008663,ST-TOR-001,Central,N,Credit,12,6,96.26
TXN-0008664,ST-TOR-001,Central,Y,Credit,4,3,43.99
TXN-0008665,ST-TOR-002,Central,Y,Credit,2,1,10.46
TXN-0008666,ST-TOR-002,Central,Y,Mobile,3,2,16.61
TXN-0008667,ST-TOR-002,Central,Y,Debit,2,2,22.20
TXN-0008668,ST-TOR-002,Central,N,Credit,4,3,23.50
TXN-0008669,ST-TOR-002,Central,Y,Credit,7,5,57.97
TXN-0008670,ST-TOR-002,Central,Y,Debit,3,2,24.11
TXN-0008671,ST-TOR-002,Central,Y,Debit,7,3,34.87
TXN-0008672,ST-TOR-002,Central,N,Credit,4,2,28.78
TXN-0008673,ST-TOR-002,Central,Y,Cash,2,2,26.79
TXN-0008674,ST-TOR-002,Central,Y,Debit,7,5,35.24
TXN-0008675,ST-TOR-002,Central,N,Debit,4,2,55.14
TXN-0008676,ST-TOR-002,Central,Y,Cash,4,3,47.40
TXN-0008677,ST-TOR-002,Central,N,Cash,4,4,38.42
TXN-0008678,ST-TOR-002,Central,N,Debit,9,5,55.84
TXN-0008679,ST-TOR-002,Central,Y,Cash,7,3,70.86
TXN-0008680,ST-TOR-002,Central,N,Credit,2,2,26.08
TXN-0008681,ST-SCA-001,Central,Y,Credit,7,3,72.86
TXN-0008682,ST-SCA-001,Central,Y,Credit,6,3,55.09
TXN-0008683,ST-SCA-001,Central,Y,Debit,1,1,13.45
TXN-0008684,ST-SCA-001,Central,N,Debit,3,2,41.09
TXN-0008685,ST-SCA-001,Central,N,Credit,6,3,28.18
TXN-0008686,ST-SCA-001,Central,N,Credit,2,1,31.38
TXN-0008687,ST-SCA-001,Central,Y,Debit,3,3,27.77
TXN-0008688,ST-SCA-001,Central,N,Debit,3,1,19.05
TXN-0008689,ST-SCA-001,Central,Y,Debit,10,5,69.43
TXN-0008690,ST-SCA-001,Central,N,Credit,4,2,18.76
TXN-0008691,ST-SCA-001,Central,Y,Credit,4,3,51.42
TXN-0008692,ST-SCA-001,Central,Y,Credit,2,2,28.44
TXN-0008693,ST-SCA-001,Central,N,Cash,5,3,35.53
TXN-0008694,ST-MIS-001,Central,Y,Debit,2,2,26.51
TXN-0008695,ST-MIS-001,Central,Y,Debit,4,3,41.61
TXN-0008696,ST-MIS-001,Central,N,Credit,5,4,29.67
TXN-0008697,ST-MIS-001,Central,Y,Credit,5,4,42.19
TXN-0008698,ST-MIS-001,Central,Y,Credit,2,2,15.61
TXN-0008699,ST-MIS-001,Central,Y,Debit,5,2,29.60
TXN-0008700,ST-MIS-001,Central,Y,Cash,6,4,56.99
TXN-0008701,ST-MIS-001,Central,N,Credit,1,1,11.41
TXN-0008702,ST-MIS-001,Central,Y,Mobile,2,2,15.35
TXN-0008703,ST-MIS-001,Central,Y,Credit,2,2,21.28
TXN-0008704,ST-MIS-001,Central,N,Debit,1,1,4.44
TXN-0008705,ST-MIS-001,Central,Y,Cash,6,5,63.38
TXN-0008706,ST-MIS-001,Central,Y,Debit,3,3,20.23
TXN-0008707,ST-BRA-001,Central,Y,Credit,4,4,43.64
TXN-0008708,ST-BRA-001,Central,Y,Debit,9,5,63.85
TXN-0008709,ST-BRA-001,Central,N,Credit,3,3,35.59
TXN-0008710,ST-BRA-001,Central,N,Credit,4,3,37.56
TXN-0008711,ST-BRA-001,Central,N,Mobile,6,4,70.01
TXN-0008712,ST-BRA-001,Central,Y,Credit,4,2,43.76
TXN-0008713,ST-BRA-001,Central,Y,Debit,4,2,36.50
TXN-0008714,ST-BRA-001,Central,Y,Debit,3,2,42.16
TXN-0008715,ST-BRA-001,Central,N,Debit,2,2,24.48
TXN-0008716,ST-BRA-001,Central,Y,Credit,1,1,3.35
TXN-0008717,ST-BRA-001,Central,Y,Debit,5,4,50.43
TXN-0008718,ST-HAM-001,Central,Y,Credit,6,4,43.04
TXN-0008719,ST-HAM-001,Central,Y,Credit,4,2,46.52
TXN-0008720,ST-HAM-001,Central,Y,Cash,5,2,77.29
TXN-0008721,ST-HAM-001,Central,Y,Cash,10,6,82.03
TXN-0008722,ST-HAM-001,Central,Y,Credit,5,2,32.42
TXN-0008723,ST-HAM-001,Central,Y,Mobile,8,4,81.56
TXN-0008724,ST-HAM-001,Central,Y,Credit,2,1,23.32
TXN-0008725,ST-HAM-001,Central,Y,Credit,4,3,14.06
TXN-0008726,ST-HAM-001,Central,Y,Mobile,3,2,37.29
TXN-0008727,ST-HAM-001,Central,Y,Credit,3,2,22.33
TXN-0008728,ST-HAM-001,Central,Y,Credit,1,1,15.15
TXN-0008729,ST-HAM-001,Central,Y,Credit,3,2,36.73
TXN-0008730,ST-HAM-001,Central,N,Debit,4,3,42.87
TXN-0008731,ST-HAM-001,Central,Y,Credit,5,4,50.85
TXN-0008732,ST-HAM-001,Central,Y,Mobile,2,2,26.46
TXN-0008733,ST-KIT-001,Central,N,Cash,3,3,22.55
TXN-0008734,ST-KIT-001,Central,Y,Debit,2,1,4.52
TXN-0008735,ST-KIT-001,Central,Y,Credit,3,2,47.54
TXN-0008736,ST-KIT-001,Central,Y,Credit,15,7,172.97
TXN-0008737,ST-KIT-001,Central,Y,Debit,2,2,22.06
TXN-0008738,ST-KIT-001,Central,N,Debit,3,2,26.51
TXN-0008739,ST-KIT-001,Central,Y,Mobile,6,2,59.70
TXN-0008740,ST-KIT-001,Central,N,Debit,1,1,8.00
TXN-0008741,ST-LON-001,Central,N,Credit,3,2,10.96
TXN-0008742,ST-LON-001,Central,Y,Credit,5,5,62.52
TXN-0008743,ST-LON-001,Central,Y,Credit,2,2,7.41
TXN-0008744,ST-LON-001,Central,Y,Debit,4,3,41.70
TXN-0008745,ST-LON-001,Central,Y,Cash,3,3,23.71
TXN-0008746,ST-LON-001,Central,N,Credit,4,3,53.98
TXN-0008747,ST-LON-001,Central,Y,Debit,2,2,6.69
TXN-0008748,ST-LON-001,Central,Y,Debit,6,4,41.50
TXN-0008749,ST-OTT-001,Eastern,Y,Credit,1,1,15.57
TXN-0008750,ST-OTT-001,Eastern,Y,Credit,2,1,5.10
TXN-0008751,ST-OTT-001,Eastern,Y,Debit,12,7,77.40
TXN-0008752,ST-OTT-001,Eastern,N,Debit,2,2,5.54
TXN-0008753,ST-OTT-001,Eastern,N,Cash,2,2,14.09
TXN-0008754,ST-OTT-001,Eastern,Y,Credit,2,2,24.53
TXN-0008755,ST-OTT-001,Eastern,Y,Cash,4,1,10.40
TXN-0008756,ST-OTT-001,Eastern,N,Debit,5,4,52.57
TXN-0008757,ST-OTT-001,Eastern,Y,Mobile,5,3,40.94
TXN-0008758,ST-OTT-001,Eastern,N,Mobile,2,2,12.93
TXN-0008759,ST-OTT-001,Eastern,Y,Debit,3,3,26.52
TXN-0008760,ST-OTT-001,Eastern,N,Credit,5,4,48.68
TXN-0008761,ST-OTT-001,Eastern,Y,Mobile,5,3,12.20
TXN-0008762,ST-OTT-002,Eastern,Y,Debit,2,1,22.24
TXN-0008763,ST-OTT-002,Eastern,Y,Mobile,3,3,11.91
TXN-0008764,ST-OTT-002,Eastern,Y,Credit,4,3,49.03
TXN-0008765,ST-OTT-002,Eastern,Y,Credit,8,5,75.91
TXN-0008766,ST-OTT-002,Eastern,Y,Debit,2,2,21.55
TXN-0008767,ST-OTT-002,Eastern,Y,Debit,7,5,44.64
TXN-0008768,ST-OTT-002,Eastern,Y,Credit,3,1,31.77
TXN-0008769,ST-OTT-002,Eastern,N,Credit,2,1,10.62
TXN-0008770,ST-OTT-002,Eastern,Y,Mobile,11,7,64.73
TXN-0008771,ST-OTT-002,Eastern,N,Debit,9,4,33.38
TXN-0008772,ST-OTT-002,Eastern,N,Credit,6,4,28.32
TXN-0008773,ST-OTT-002,Eastern,N,Credit,4,3,47.18
TXN-0008774,ST-OTT-002,Eastern,Y,Debit,4,3,14.93
TXN-0008775,ST-OTT-002,Eastern,Y,Credit,2,2,18.53
TXN-0008776,ST-CAL-001,Western,Y,Debit,1,1,18.03
TXN-0008777,ST-CAL-001,Western,Y,Credit,7,4,42.37
TXN-0008778,ST-CAL-001,Western,Y,Debit,4,2,33.86
TXN-0008779,ST-CAL-001,Western,Y,Credit,4,3,39.53
TXN-0008780,ST-CAL-001,Western,N,Credit,1,1,7.23
TXN-0008781,ST-CAL-001,Western,N,Cash,1,1,11.11
TXN-0008782,ST-CAL-001,Western,Y,Debit,4,2,10.18
TXN-0008783,ST-CAL-001,Western,N,Credit,2,2,17.08
TXN-0008784,ST-CAL-001,Western,N,Debit,7,5,64.20
TXN-0008785,ST-CAL-001,Western,N,Debit,3,2,8.38
TXN-0008786,ST-CAL-001,Western,Y,Credit,6,3,41.31
TXN-0008787,ST-EDM-001,Western,Y,Credit,10,5,95.10
TXN-0008788,ST-EDM-001,Western,Y,Cash,5,4,55.87
TXN-0008789,ST-EDM-001,Western,Y,Debit,3,1,41.97
TXN-0008790,ST-EDM-001,Western,Y,Mobile,11,5,89.98
TXN-0008791,ST-EDM-001,Western,Y,Cash,2,2,14.75
TXN-0008792,ST-EDM-001,Western,N,Debit,3,3,28.28
TXN-0008793,ST-EDM-001,Western,Y,Mobile,4,3,56.34
TXN-0008794,ST-EDM-001,Western,Y,Mobile,4,2,60.40
TXN-0008795,ST-TOR-001,Central,N,Debit,4,2,49.50
TXN-0008796,ST-TOR-001,Central,Y,Debit,6,6,48.86
TXN-0008797,ST-TOR-001,Central,Y,Debit,8,4,70.94
TXN-0008798,ST-TOR-001,Central,Y,Cash,7,4,50.12
TXN-0008799,ST-TOR-001,Central,Y,Debit,3,1,39.54
TXN-0008800,ST-TOR-001,Central,N,Debit,2,2,17.38
TXN-0008801,ST-TOR-001,Central,Y,Debit,10,5,58.97
TXN-0008802,ST-TOR-001,Central,Y,Credit,9,7,63.91
TXN-0008803,ST-TOR-001,Central,Y,Debit,9,6,90.08
TXN-0008804,ST-TOR-001,Central,Y,Debit,5,2,48.26
TXN-0008805,ST-TOR-001,Central,Y,Debit,8,5,60.51
TXN-0008806,ST-TOR-001,Central,Y,Debit,5,3,41.38
TXN-0008807,ST-TOR-001,Central,Y,Credit,5,4,56.34
TXN-0008808,ST-TOR-001,Central,N,Credit,10,6,139.56
TXN-0008809,ST-TOR-001,Central,Y,Debit,1,1,11.82
TXN-0008810,ST-TOR-001,Central,Y,Cash,5,4,32.82
TXN-0008811,ST-TOR-001,Central,N,Debit,5,5,32.84
TXN-0008812,ST-TOR-002,Central,Y,Credit,1,1,10.52
TXN-0008813,ST-TOR-002,Central,N,Credit,2,2,25.72
TXN-0008814,ST-TOR-002,Central,Y,Credit,2,2,8.71
TXN-0008815,ST-TOR-002,Central,Y,Credit,3,3,9.72
TXN-0008816,ST-TOR-002,Central,Y,Credit,6,6,74.68
TXN-0008817,ST-TOR-002,Central,N,Cash,4,2,52.34
TXN-0008818,ST-TOR-002,Central,Y,Debit,3,3,22.65
TXN-0008819,ST-TOR-002,Central,Y,Cash,1,1,15.90
TXN-0008820,ST-TOR-002,Central,N,Credit,2,2,23.56
TXN-0008821,ST-TOR-002,Central,N,Debit,2,1,28.02
TXN-0008822,ST-TOR-002,Central,Y,Credit,4,2,51.70
TXN-0008823,ST-TOR-002,Central,Y,Credit,3,2,43.68
TXN-0008824,ST-TOR-002,Central,Y,Credit,1,1,6.11
TXN-0008825,ST-TOR-002,Central,N,Credit,4,2,39.29
TXN-0008826,ST-TOR-002,Central,Y,Debit,8,5,78.78
TXN-0008827,ST-TOR-002,Central,N,Debit,4,3,53.90
TXN-0008828,ST-TOR-002,Central,Y,Credit,6,5,70.20
TXN-0008829,ST-TOR-002,Central,Y,Cash,2,2,18.53
TXN-0008830,ST-TOR-002,Central,Y,Debit,4,2,37.05
TXN-0008831,ST-TOR-002,Central,Y,Cash,7,3,61.37
TXN-0008832,ST-TOR-002,Central,Y,Debit,9,4,76.13
TXN-0008833,ST-TOR-002,Central,Y,Debit,7,4,73.25
TXN-0008834,ST-TOR-002,Central,Y,Credit,2,2,4.89
TXN-0008835,ST-TOR-002,Central,Y,Credit,3,3,23.08
TXN-0008836,ST-TOR-002,Central,Y,Credit,5,3,53.16
TXN-0008837,ST-TOR-002,Central,Y,Cash,4,2,58.54
TXN-0008838,ST-SCA-001,Central,N,Credit,3,3,31.06
TXN-0008839,ST-SCA-001,Central,N,Cash,4,3,34.55
TXN-0008840,ST-SCA-001,Central,Y,Debit,6,5,41.49
TXN-0008841,ST-SCA-001,Central,Y,Credit,3,2,30.37
TXN-0008842,ST-SCA-001,Central,N,Debit,5,5,46.73
TXN-0008843,ST-SCA-001,Central,Y,Credit,6,3,47.98
TXN-0008844,ST-SCA-001,Central,Y,Debit,2,2,17.15
TXN-0008845,ST-SCA-001,Central,Y,Credit,4,3,43.39
TXN-0008846,ST-SCA-001,Central,Y,Credit,4,2,23.09
TXN-0008847,ST-MIS-001,Central,Y,Credit,4,4,44.43
TXN-0008848,ST-MIS-001,Central,Y,Credit,2,2,23.62
TXN-0008849,ST-MIS-001,Central,Y,Cash,4,2,48.12
TXN-0008850,ST-MIS-001,Central,Y,Mobile,12,7,131.12
TXN-0008851,ST-MIS-001,Central,N,Credit,6,4,52.03
TXN-0008852,ST-MIS-001,Central,N,Debit,3,3,25.64
TXN-0008853,ST-MIS-001,Central,Y,Credit,5,3,62.12
TXN-0008854,ST-MIS-001,Central,Y,Debit,6,2,82.05
TXN-0008855,ST-MIS-001,Central,Y,Debit,4,4,39.04
TXN-0008856,ST-MIS-001,Central,N,Mobile,1,1,2.49
TXN-0008857,ST-MIS-001,Central,Y,Credit,1,1,2.19
TXN-0008858,ST-MIS-001,Central,Y,Debit,2,2,10.99
TXN-0008859,ST-MIS-001,Central,Y,Credit,3,2,6.42
TXN-0008860,ST-MIS-001,Central,Y,Debit,5,2,43.35
TXN-0008861,ST-MIS-001,Central,N,Cash,5,3,33.75
TXN-0008862,ST-MIS-001,Central,Y,Credit,4,3,28.87
TXN-0008863,ST-MIS-001,Central,N,Cash,5,3,61.42
TXN-0008864,ST-MIS-001,Central,N,Debit,7,5,70.70
TXN-0008865,ST-MIS-001,Central,Y,Debit,7,3,60.94
TXN-0008866,ST-MIS-001,Central,Y,Debit,6,4,58.29
TXN-0008867,ST-MIS-001,Central,Y,Debit,6,4,73.66
TXN-0008868,ST-BRA-001,Central,Y,Debit,4,2,22.76
TXN-0008869,ST-BRA-001,Central,N,Debit,4,4,29.14
TXN-0008870,ST-BRA-001,Central,Y,Mobile,2,2,18.92
TXN-0008871,ST-BRA-001,Central,Y,Credit,4,3,35.96
TXN-0008872,ST-BRA-001,Central,N,Debit,3,3,35.83
TXN-0008873,ST-BRA-001,Central,Y,Credit,4,3,50.50
TXN-0008874,ST-BRA-001,Central,N,Credit,2,2,8.64
TXN-0008875,ST-BRA-001,Central,Y,Debit,3,2,34.15
TXN-0008876,ST-BRA-001,Central,N,Debit,4,3,41.16
TXN-0008877,ST-BRA-001,Central,Y,Credit,3,3,20.13
TXN-0008878,ST-BRA-001,Central,Y,Credit,3,1,34.56
TXN-0008879,ST-BRA-001,Central,N,Credit,4,3,22.59
TXN-0008880,ST-BRA-001,Central,Y,Credit,7,5,69.32
TXN-0008881,ST-HAM-001,Central,N,Mobile,3,2,6.68
TXN-0008882,ST-HAM-001,Central,Y,Debit,6,4,34.70
TXN-0008883,ST-HAM-001,Central,Y,Debit,11,7,114.17
TXN-0008884,ST-HAM-001,Central,Y,Credit,1,1,14.98
TXN-0008885,ST-HAM-001,Central,Y,Credit,2,2,27.06
TXN-0008886,ST-HAM-001,Central,Y,Credit,6,5,57.83
TXN-0008887,ST-HAM-001,Central,Y,Cash,3,2,35.92
TXN-0008888,ST-HAM-001,Central,N,Credit,7,4,92.88
TXN-0008889,ST-HAM-001,Central,Y,Credit,3,3,30.34
TXN-0008890,ST-HAM-001,Central,N,Mobile,6,5,59.18
TXN-0008891,ST-HAM-001,Central,N,Credit,3,2,31.17
TXN-0008892,ST-HAM-001,Central,Y,Debit,5,4,62.69
TXN-0008893,ST-HAM-001,Central,Y,Debit,3,2,45.36
TXN-0008894,ST-HAM-001,Central,N,Credit,3,1,48.09
TXN-0008895,ST-HAM-001,Central,Y,Debit,1,1,16.68
TXN-0008896,ST-HAM-001,Central,Y,Debit,4,3,33.51
TXN-0008897,ST-HAM-001,Central,Y,Credit,3,3,24.07
TXN-0008898,ST-HAM-001,Central,Y,Debit,1,1,15.87
TXN-0008899,ST-KIT-001,Central,Y,Debit,1,1,15.79
TXN-0008900,ST-KIT-001,Central,Y,Cash,6,4,41.35
TXN-0008901,ST-KIT-001,Central,N,Credit,4,2,39.18
TXN-0008902,ST-KIT-001,Central,Y,Credit,1,1,10.92
TXN-0008903,ST-KIT-001,Central,Y,Debit,5,4,37.94
TXN-0008904,ST-KIT-001,Central,N,Credit,4,2,41.64
TXN-0008905,ST-LON-001,Central,Y,Mobile,5,2,47.09
TXN-0008906,ST-LON-001,Central,Y,Credit,1,1,5.29
TXN-0008907,ST-LON-001,Central,N,Credit,6,5,57.09
TXN-0008908,ST-LON-001,Central,Y,Credit,3,3,22.97
TXN-0008909,ST-LON-001,Central,N,Debit,4,4,49.75
TXN-0008910,ST-LON-001,Central,Y,Debit,4,3,45.81
TXN-0008911,ST-LON-001,Central,Y,Credit,1,1,2.21
TXN-0008912,ST-LON-001,Central,Y,Mobile,7,4,89.21
TXN-0008913,ST-LON-001,Central,N,Debit,6,5,61.93
TXN-0008914,ST-LON-001,Central,Y,Credit,3,3,21.43
TXN-0008915,ST-LON-001,Central,Y,Cash,2,1,10.74
TXN-0008916,ST-LON-001,Central,Y,Credit,7,3,66.33
TXN-0008917,ST-OTT-001,Eastern,N,Cash,9,6,97.72
TXN-0008918,ST-OTT-001,Eastern,N,Credit,4,2,63.98
TXN-0008919,ST-OTT-001,Eastern,N,Debit,3,3,28.54
TXN-0008920,ST-OTT-001,Eastern,N,Debit,7,4,59.85
TXN-0008921,ST-OTT-001,Eastern,Y,Cash,1,1,16.36
TXN-0008922,ST-OTT-001,Eastern,N,Credit,6,4,60.88
TXN-0008923,ST-OTT-001,Eastern,Y,Credit,3,3,15.01
TXN-0008924,ST-OTT-001,Eastern,Y,Credit,2,1,25.56
TXN-0008925,ST-OTT-001,Eastern,Y,Cash,14,7,173.72
TXN-0008926,ST-OTT-001,Eastern,N,Debit,4,3,43.76
TXN-0008927,ST-OTT-001,Eastern,Y,Mobile,5,4,54.62
TXN-0008928,ST-OTT-001,Eastern,N,Debit,2,2,17.85
TXN-0008929,ST-OTT-001,Eastern,Y,Credit,5,4,33.18
TXN-0008930,ST-OTT-001,Eastern,Y,Credit,3,2,16.75
TXN-0008931,ST-OTT-001,Eastern,Y,Credit,5,5,52.13
TXN-0008932,ST-OTT-001,Eastern,Y,Credit,1,1,14.23
TXN-0008933,ST-OTT-001,Eastern,Y,Debit,2,2,10.17
TXN-0008934,ST-OTT-001,Eastern,N,Debit,9,5,109.87
TXN-0008935,ST-OTT-002,Eastern,N,Mobile,7,4,44.72
TXN-0008936,ST-OTT-002,Eastern,Y,Credit,3,3,28.76
TXN-0008937,ST-OTT-002,Eastern,Y,Credit,3,3,28.48
TXN-0008938,ST-OTT-002,Eastern,Y,Debit,2,2,16.83
TXN-0008939,ST-OTT-002,Eastern,N,Mobile,7,5,39.64
TXN-0008940,ST-OTT-002,Eastern,Y,Credit,3,3,19.20
TXN-0008941,ST-OTT-002,Eastern,N,Debit,8,4,78.88
TXN-0008942,ST-OTT-002,Eastern,Y,Credit,4,2,60.70
TXN-0008943,ST-OTT-002,Eastern,N,Credit,4,2,44.96
TXN-0008944,ST-OTT-002,Eastern,Y,Debit,1,1,10.76
TXN-0008945,ST-OTT-002,Eastern,Y,Credit,1,1,11.46
TXN-0008946,ST-OTT-002,Eastern,N,Debit,5,4,56.64
TXN-0008947,ST-OTT-002,Eastern,Y,Debit,6,4,39.78
TXN-0008948,ST-OTT-002,Eastern,Y,Debit,3,2,34.48
TXN-0008949,ST-OTT-002,Eastern,Y,Debit,3,3,43.49
TXN-0008950,ST-OTT-002,Eastern,N,Credit,3,2,32.21
TXN-0008951,ST-OTT-002,Eastern,N,Cash,6,4,63.38
TXN-0008952,ST-OTT-002,Eastern,Y,Debit,2,1,27.54
TXN-0008953,ST-CAL-001,Western,Y,Credit,6,3,26.73
TXN-0008954,ST-CAL-001,Western,Y,Cash,4,3,16.82
TXN-0008955,ST-CAL-001,Western,Y,Debit,3,3,28.07
TXN-0008956,ST-CAL-001,Western,Y,Debit,5,2,31.56
TXN-0008957,ST-CAL-001,Western,Y,Cash,3,3,27.80
TXN-0008958,ST-CAL-001,Western,Y,Credit,4,3,22.99
TXN-0008959,ST-CAL-001,Western,N,Debit,4,2,60.47
TXN-0008960,ST-CAL-001,Western,Y,Credit,9,3,54.61
TXN-0008961,ST-CAL-001,Western,Y,Credit,6,3,72.69
TXN-0008962,ST-CAL-001,Western,Y,Debit,5,4,49.65
TXN-0008963,ST-CAL-001,Western,N,Debit,2,1,23.14
TXN-0008964,ST-CAL-001,Western,Y,Credit,4,3,16.43
TXN-0008965,ST-CAL-001,Western,Y,Credit,5,3,70.41
TXN-0008966,ST-CAL-001,Western,N,Credit,5,3,56.62
TXN-0008967,ST-CAL-001,Western,Y,Cash,6,3,86.82
TXN-0008968,ST-CAL-001,Western,Y,Debit,4,2,37.14
TXN-0008969,ST-CAL-001,Western,Y,Credit,2,2,23.76
TXN-0008970,ST-CAL-001,Western,Y,Cash,2,2,17.71
TXN-0008971,ST-CAL-001,Western,Y,Debit,3,2,23.93
TXN-0008972,ST-CAL-001,Western,Y,Credit,3,2,39.83
TXN-0008973,ST-CAL-001,Western,N,Cash,6,3,73.02
TXN-0008974,ST-CAL-001,Western,N,Credit,5,2,37.75
TXN-0008975,ST-EDM-001,Western,Y,Credit,8,5,75.56
TXN-0008976,ST-EDM-001,Western,Y,Debit,1,1,14.48
TXN-0008977,ST-EDM-001,Western,Y,Debit,12,6,58.61
TXN-0008978,ST-EDM-001,Western,Y,Debit,8,6,67.24
TXN-0008979,ST-EDM-001,Western,Y,Credit,1,1,2.33
TXN-0008980,ST-EDM-001,Western,Y,Mobile,4,3,42.86
TXN-0008981,ST-EDM-001,Western,Y,Credit,4,3,37.16
TXN-0008982,ST-EDM-001,Western,N,Credit,6,4,70.60
TXN-0008983,ST-EDM-001,Western,Y,Credit,3,2,28.25
TXN-0008984,ST-EDM-001,Western,Y,Cash,4,2,19.68
TXN-0008985,ST-EDM-001,Western,Y,Credit,1,1,11.48
TXN-0008986,ST-EDM-001,Western,N,Debit,4,3,46.64
TXN-0008987,ST-EDM-001,Western,Y,Credit,2,2,12.95
TXN-0008988,ST-TOR-001,Central,N,Debit,10,6,102.49
TXN-0008989,ST-TOR-001,Central,Y,Debit,3,1,18.45
TXN-0008990,ST-TOR-001,Central,N,Debit,6,4,60.64
TXN-0008991,ST-TOR-001,Central,Y,Mobile,7,5,62.41
TXN-0008992,ST-TOR-001,Central,N,Debit,11,6,78.24
TXN-0008993,ST-TOR-001,Central,Y,Credit,1,1,2.16
TXN-0008994,ST-TOR-001,Central,N,Cash,3,3,18.38
TXN-0008995,ST-TOR-001,Central,Y,Debit,8,4,97.53
TXN-0008996,ST-TOR-001,Central,Y,Cash,5,2,51.54
TXN-0008997,ST-TOR-001,Central,N,Credit,10,5,117.82
TXN-0008998,ST-TOR-001,Central,N,Credit,2,2,14.22
TXN-0008999,ST-TOR-001,Central,Y,Credit,4,4,29.93
TXN-0009000,ST-TOR-001,Central,Y,Debit,1,1,3.02
TXN-0009001,ST-TOR-001,Central,Y,Credit,7,4,49.24
TXN-0009002,ST-TOR-001,Central,Y,Debit,7,6,48.95
TXN-0009003,ST-TOR-001,Central,Y,Debit,3,3,34.55
TXN-0009004,ST-TOR-001,Central,Y,Debit,7,3,93.23
TXN-0009005,ST-TOR-002,Central,N,Credit,8,5,67.53
TXN-0009006,ST-TOR-002,Central,Y,Debit,2,2,21.81
TXN-0009007,ST-TOR-002,Central,Y,Debit,1,1,6.41
TXN-0009008,ST-TOR-002,Central,Y,Mobile,4,2,28.41
TXN-0009009,ST-TOR-002,Central,Y,Debit,1,1,2.20
TXN-0009010,ST-TOR-002,Central,N,Cash,8,4,90.06
TXN-0009011,ST-TOR-002,Central,Y,Credit,2,2,21.69
TXN-0009012,ST-TOR-002,Central,Y,Credit,1,1,13.34
TXN-0009013,ST-TOR-002,Central,Y,Credit,9,6,62.75
TXN-0009014,ST-TOR-002,Central,N,Debit,3,2,28.44
TXN-0009015,ST-TOR-002,Central,Y,Credit,3,2,11.61
TXN-0009016,ST-SCA-001,Central,Y,Credit,2,2,19.67
TXN-0009017,ST-SCA-001,Central,Y,Debit,4,3,19.52
TXN-0009018,ST-SCA-001,Central,Y,Credit,3,2,42.51
TXN-0009019,ST-SCA-001,Central,Y,Cash,8,4,73.50
TXN-0009020,ST-SCA-001,Central,N,Debit,3,2,9.67
TXN-0009021,ST-SCA-001,Central,Y,Credit,4,2,33.24
TXN-0009022,ST-SCA-001,Central,Y,Credit,4,1,13.56
TXN-0009023,ST-SCA-001,Central,Y,Credit,3,2,36.01
TXN-0009024,ST-SCA-001,Central,Y,Credit,4,4,36.49
TXN-0009025,ST-SCA-001,Central,Y,Debit,10,6,92.84
TXN-0009026,ST-MIS-001,Central,Y,Credit,3,3,32.19
TXN-0009027,ST-MIS-001,Central,Y,Credit,10,7,106.65
TXN-0009028,ST-MIS-001,Central,N,Credit,4,3,43.37
TXN-0009029,ST-MIS-001,Central,Y,Debit,2,1,21.74
TXN-0009030,ST-MIS-001,Central,N,Cash,2,2,28.07
TXN-0009031,ST-MIS-001,Central,N,Mobile,3,2,19.38
TXN-0009032,ST-MIS-001,Central,N,Credit,4,3,30.43
TXN-0009033,ST-MIS-001,Central,N,Debit,4,3,30.50
TXN-0009034,ST-MIS-001,Central,Y,Credit,10,6,118.17
TXN-0009035,ST-MIS-001,Central,Y,Debit,9,4,102.40
TXN-0009036,ST-MIS-001,Central,Y,Debit,6,3,36.83
TXN-0009037,ST-MIS-001,Central,Y,Debit,4,2,21.08
TXN-0009038,ST-MIS-001,Central,Y,Debit,2,2,17.56
TXN-0009039,ST-MIS-001,Central,Y,Credit,9,5,94.01
TXN-0009040,ST-MIS-001,Central,Y,Credit,5,4,56.92
TXN-0009041,ST-MIS-001,Central,Y,Credit,9,4,89.28
TXN-0009042,ST-MIS-001,Central,N,Cash,11,5,59.90
TXN-0009043,ST-MIS-001,Central,Y,Credit,7,3,94.94
TXN-0009044,ST-MIS-001,Central,Y,Credit,3,3,29.95
TXN-0009045,ST-BRA-001,Central,Y,Credit,2,1,3.74
TXN-0009046,ST-BRA-001,Central,Y,Credit,6,3,32.69
TXN-0009047,ST-BRA-001,Central,Y,Mobile,6,4,59.30
TXN-0009048,ST-BRA-001,Central,Y,Debit,4,2,21.91
TXN-0009049,ST-BRA-001,Central,Y,Credit,8,6,71.15
TXN-0009050,ST-BRA-001,Central,Y,Credit,7,5,49.01
TXN-0009051,ST-BRA-001,Central,Y,Credit,4,3,30.49
TXN-0009052,ST-BRA-001,Central,Y,Credit,13,7,83.06
TXN-0009053,ST-BRA-001,Central,Y,Debit,8,5,89.19
TXN-0009054,ST-BRA-001,Central,Y,Debit,4,3,13.21
TXN-0009055,ST-BRA-001,Central,Y,Mobile,5,3,61.06
TXN-0009056,ST-BRA-001,Central,Y,Credit,5,3,61.27
TXN-0009057,ST-BRA-001,Central,N,Credit,3,2,30.95
TXN-0009058,ST-BRA-001,Central,Y,Credit,4,3,42.50
TXN-0009059,ST-HAM-001,Central,Y,Credit,3,2,11.77
TXN-0009060,ST-HAM-001,Central,Y,Credit,12,7,83.98
TXN-0009061,ST-HAM-001,Central,Y,Mobile,3,2,18.85
TXN-0009062,ST-HAM-001,Central,Y,Cash,4,4,48.53
TXN-0009063,ST-HAM-001,Central,N,Credit,8,5,66.27
TXN-0009064,ST-HAM-001,Central,N,Credit,5,3,37.77
TXN-0009065,ST-HAM-001,Central,N,Credit,3,2,33.20
TXN-0009066,ST-HAM-001,Central,Y,Debit,4,2,45.44
TXN-0009067,ST-HAM-001,Central,N,Credit,5,4,37.29
TXN-0009068,ST-HAM-001,Central,Y,Cash,5,3,59.47
TXN-0009069,ST-HAM-001,Central,N,Credit,1,1,13.89
TXN-0009070,ST-HAM-001,Central,Y,Credit,3,3,39.05
TXN-0009071,ST-KIT-001,Central,Y,Debit,7,4,40.81
TXN-0009072,ST-KIT-001,Central,Y,Credit,3,2,12.00
TXN-0009073,ST-KIT-001,Central,Y,Credit,7,4,46.54
TXN-0009074,ST-KIT-001,Central,Y,Credit,4,4,45.51
TXN-0009075,ST-KIT-001,Central,N,Debit,2,2,23.10
TXN-0009076,ST-KIT-001,Central,Y,Credit,9,5,55.89
TXN-0009077,ST-KIT-001,Central,Y,Debit,5,4,35.10
TXN-0009078,ST-KIT-001,Central,Y,Credit,5,3,51.26
TXN-0009079,ST-KIT-001,Central,N,Cash,3,2,41.35
TXN-0009080,ST-KIT-001,Central,N,Debit,2,2,26.06
TXN-0009081,ST-KIT-001,Central,N,Credit,4,3,64.55
TXN-0009082,ST-KIT-001,Central,N,Debit,8,5,60.86
TXN-0009083,ST-KIT-001,Central,N,Debit,6,4,49.87
TXN-0009084,ST-KIT-001,Central,N,Credit,1,1,11.39
TXN-0009085,ST-KIT-001,Central,Y,Credit,4,3,40.70
TXN-0009086,ST-LON-001,Central,N,Debit,9,4,95.35
TXN-0009087,ST-LON-001,Central,Y,Credit,10,6,98.33
TXN-0009088,ST-LON-001,Central,Y,Credit,1,1,2.17
TXN-0009089,ST-LON-001,Central,Y,Debit,2,2,24.93
TXN-0009090,ST-LON-001,Central,Y,Debit,7,4,41.06
TXN-0009091,ST-LON-001,Central,N,Credit,4,3,44.94
TXN-0009092,ST-LON-001,Central,Y,Debit,3,2,19.55
TXN-0009093,ST-LON-001,Central,N,Debit,6,5,38.20
TXN-0009094,ST-LON-001,Central,N,Credit,3,2,41.64
TXN-0009095,ST-LON-001,Central,Y,Credit,3,3,33.02
TXN-0009096,ST-LON-001,Central,Y,Cash,2,2,29.28
TXN-0009097,ST-LON-001,Central,Y,Debit,4,2,23.97
TXN-0009098,ST-LON-001,Central,Y,Credit,3,2,24.69
TXN-0009099,ST-LON-001,Central,Y,Debit,3,2,25.40
TXN-0009100,ST-LON-001,Central,N,Credit,4,3,42.35
TXN-0009101,ST-LON-001,Central,Y,Credit,2,2,12.66
TXN-0009102,ST-LON-001,Central,Y,Credit,5,3,53.40
TXN-0009103,ST-LON-001,Central,Y,Mobile,3,1,21.66
TXN-0009104,ST-LON-001,Central,Y,Debit,4,2,47.08
TXN-0009105,ST-OTT-001,Eastern,Y,Credit,3,3,10.70
TXN-0009106,ST-OTT-001,Eastern,Y,Debit,5,2,33.31
TXN-0009107,ST-OTT-001,Eastern,Y,Credit,5,4,43.31
TXN-0009108,ST-OTT-001,Eastern,Y,Cash,1,1,12.47
TXN-0009109,ST-OTT-001,Eastern,N,Debit,7,3,31.62
TXN-0009110,ST-OTT-001,Eastern,N,Debit,7,3,91.15
TXN-0009111,ST-OTT-001,Eastern,Y,Debit,5,4,73.58
TXN-0009112,ST-OTT-001,Eastern,Y,Cash,4,3,45.13
TXN-0009113,ST-OTT-001,Eastern,Y,Debit,6,4,40.35
TXN-0009114,ST-OTT-001,Eastern,Y,Credit,7,3,68.53
TXN-0009115,ST-OTT-001,Eastern,Y,Debit,8,6,59.07
TXN-0009116,ST-OTT-001,Eastern,Y,Credit,4,3,32.55
TXN-0009117,ST-OTT-001,Eastern,N,Mobile,2,2,16.07
TXN-0009118,ST-OTT-002,Eastern,Y,Cash,2,1,6.16
TXN-0009119,ST-OTT-002,Eastern,N,Cash,2,2,5.22
TXN-0009120,ST-OTT-002,Eastern,Y,Debit,1,1,13.23
TXN-0009121,ST-OTT-002,Eastern,Y,Credit,2,2,16.50
TXN-0009122,ST-OTT-002,Eastern,Y,Debit,1,1,1.90
TXN-0009123,ST-OTT-002,Eastern,Y,Mobile,1,1,3.36
TXN-0009124,ST-OTT-002,Eastern,Y,Credit,3,3,27.60
TXN-0009125,ST-OTT-002,Eastern,N,Debit,6,4,67.38
TXN-0009126,ST-OTT-002,Eastern,Y,Credit,5,5,29.49
TXN-0009127,ST-OTT-002,Eastern,N,Credit,4,2,46.05
TXN-0009128,ST-OTT-002,Eastern,Y,Credit,5,5,45.64
TXN-0009129,ST-OTT-002,Eastern,N,Debit,2,1,22.68
TXN-0009130,ST-OTT-002,Eastern,N,Debit,4,2,21.90
TXN-0009131,ST-OTT-002,Eastern,N,Credit,5,4,27.97
TXN-0009132,ST-OTT-002,Eastern,Y,Credit,4,2,56.53
TXN-0009133,ST-OTT-002,Eastern,N,Cash,2,2,13.40
TXN-0009134,ST-CAL-001,Western,Y,Cash,13,7,113.46
TXN-0009135,ST-CAL-001,Western,Y,Credit,9,4,75.08
TXN-0009136,ST-CAL-001,Western,Y,Credit,6,4,35.95
TXN-0009137,ST-CAL-001,Western,Y,Debit,8,4,105.79
TXN-0009138,ST-CAL-001,Western,Y,Mobile,7,4,48.62
TXN-0009139,ST-CAL-001,Western,Y,Cash,2,2,28.44
TXN-0009140,ST-CAL-001,Western,N,Credit,9,3,61.05
TXN-0009141,ST-CAL-001,Western,Y,Cash,1,1,12.14
TXN-0009142,ST-CAL-001,Western,Y,Credit,6,4,47.82
TXN-0009143,ST-CAL-001,Western,N,Credit,6,2,54.18
TXN-0009144,ST-CAL-001,Western,Y,Credit,1,1,11.98
TXN-0009145,ST-CAL-001,Western,Y,Credit,6,4,42.92
TXN-0009146,ST-CAL-001,Western,Y,Debit,4,3,46.51
TXN-0009147,ST-CAL-001,Western,N,Debit,4,1,60.60
TXN-0009148,ST-EDM-001,Western,Y,Credit,3,3,37.01
TXN-0009149,ST-EDM-001,Western,N,Credit,3,3,45.03
TXN-0009150,ST-EDM-001,Western,Y,Debit,4,4,42.27
TXN-0009151,ST-EDM-001,Western,Y,Mobile,1,1,3.42
TXN-0009152,ST-EDM-001,Western,Y,Credit,1,1,3.43
TXN-0009153,ST-EDM-001,Western,N,Credit,9,4,79.84
TXN-0009154,ST-EDM-001,Western,N,Credit,7,4,64.18
TXN-0009155,ST-EDM-001,Western,Y,Debit,5,4,46.70
TXN-0009156,ST-EDM-001,Western,Y,Credit,4,3,23.93
TXN-0009157,ST-EDM-001,Western,Y,Debit,11,6,133.55
TXN-0009158,ST-EDM-001,Western,Y,Debit,3,3,28.00
TXN-0009159,ST-EDM-001,Western,Y,Debit,4,4,39.79
TXN-0009160,ST-TOR-001,Central,Y,Mobile,4,4,35.57
TXN-0009161,ST-TOR-001,Central,Y,Debit,4,2,49.88
TXN-0009162,ST-TOR-001,Central,N,Debit,8,4,56.51
TXN-0009163,ST-TOR-001,Central,Y,Debit,3,3,24.23
TXN-0009164,ST-TOR-001,Central,Y,Debit,6,4,54.02
TXN-0009165,ST-TOR-001,Central,N,Cash,9,5,112.18
TXN-0009166,ST-TOR-001,Central,Y,Debit,4,3,48.07
TXN-0009167,ST-TOR-001,Central,Y,Debit,1,1,5.19
TXN-0009168,ST-TOR-001,Central,N,Debit,5,5,54.31
TXN-0009169,ST-TOR-001,Central,Y,Credit,7,5,99.58
TXN-0009170,ST-TOR-001,Central,Y,Debit,7,2,78.42
TXN-0009171,ST-TOR-002,Central,Y,Debit,5,4,51.63
TXN-0009172,ST-TOR-002,Central,Y,Cash,3,2,12.73
TXN-0009173,ST-TOR-002,Central,N,Cash,4,3,41.93
TXN-0009174,ST-TOR-002,Central,N,Cash,3,3,33.76
TXN-0009175,ST-TOR-002,Central,Y,Debit,8,5,93.89
TXN-0009176,ST-TOR-002,Central,Y,Credit,5,3,56.26
TXN-0009177,ST-TOR-002,Central,Y,Credit,3,3,21.39
TXN-0009178,ST-TOR-002,Central,N,Credit,4,3,53.21
TXN-0009179,ST-TOR-002,Central,Y,Cash,3,2,8.72
TXN-0009180,ST-TOR-002,Central,Y,Debit,4,2,42.63
TXN-0009181,ST-TOR-002,Central,Y,Credit,2,2,17.27
TXN-0009182,ST-SCA-001,Central,Y,Debit,7,4,92.17
TXN-0009183,ST-SCA-001,Central,Y,Credit,4,3,55.98
TXN-0009184,ST-SCA-001,Central,Y,Debit,4,3,58.62
TXN-0009185,ST-SCA-001,Central,N,Mobile,9,6,62.16
TXN-0009186,ST-SCA-001,Central,Y,Credit,4,1,24.72
TXN-0009187,ST-SCA-001,Central,N,Credit,5,4,31.98
TXN-0009188,ST-SCA-001,Central,Y,Debit,1,1,5.40
TXN-0009189,ST-SCA-001,Central,Y,Debit,8,4,81.18
TXN-0009190,ST-SCA-001,Central,N,Debit,2,2,20.59
TXN-0009191,ST-SCA-001,Central,N,Debit,5,4,34.12
TXN-0009192,ST-SCA-001,Central,Y,Credit,2,2,14.24
TXN-0009193,ST-SCA-001,Central,Y,Credit,1,1,11.52
TXN-0009194,ST-SCA-001,Central,Y,Cash,7,6,64.99
TXN-0009195,ST-MIS-001,Central,Y,Mobile,3,3,20.07
TXN-0009196,ST-MIS-001,Central,Y,Credit,8,4,79.30
TXN-0009197,ST-MIS-001,Central,Y,Debit,2,2,13.48
TXN-0009198,ST-MIS-001,Central,N,Debit,4,4,34.47
TXN-0009199,ST-MIS-001,Central,Y,Debit,8,7,80.95
TXN-0009200,ST-MIS-001,Central,N,Credit,3,2,19.66
TXN-0009201,ST-MIS-001,Central,Y,Debit,3,2,31.13
TXN-0009202,ST-MIS-001,Central,Y,Debit,3,3,26.24
TXN-0009203,ST-MIS-001,Central,Y,Credit,5,2,65.81
TXN-0009204,ST-MIS-001,Central,Y,Debit,4,4,20.02
TXN-0009205,ST-BRA-001,Central,Y,Credit,3,2,47.66
TXN-0009206,ST-BRA-001,Central,N,Credit,1,1,4.98
TXN-0009207,ST-BRA-001,Central,Y,Debit,2,2,18.12
TXN-0009208,ST-BRA-001,Central,Y,Credit,4,3,20.98
TXN-0009209,ST-HAM-001,Central,Y,Credit,3,3,29.81
TXN-0009210,ST-HAM-001,Central,Y,Credit,6,3,53.73
TXN-0009211,ST-HAM-001,Central,Y,Cash,4,3,34.49
TXN-0009212,ST-HAM-001,Central,Y,Debit,6,3,41.68
TXN-0009213,ST-HAM-001,Central,Y,Mobile,1,1,10.69
TXN-0009214,ST-HAM-001,Central,N,Credit,5,3,66.32
TXN-0009215,ST-HAM-001,Central,Y,Debit,3,3,31.51
TXN-0009216,ST-HAM-001,Central,Y,Debit,8,3,81.44
TXN-0009217,ST-HAM-001,Central,N,Debit,6,3,25.96
TXN-0009218,ST-HAM-001,Central,Y,Cash,5,3,76.37
TXN-0009219,ST-HAM-001,Central,Y,Cash,1,1,5.17
TXN-0009220,ST-KIT-001,Central,N,Credit,5,5,37.44
TXN-0009221,ST-KIT-001,Central,Y,Credit,2,2,17.03
TXN-0009222,ST-KIT-001,Central,N,Credit,2,2,16.24
TXN-0009223,ST-KIT-001,Central,Y,Debit,4,3,37.26
TXN-0009224,ST-KIT-001,Central,Y,Credit,3,2,28.46
TXN-0009225,ST-KIT-001,Central,Y,Debit,4,3,46.10
TXN-0009226,ST-KIT-001,Central,Y,Credit,8,5,92.54
TXN-0009227,ST-KIT-001,Central,Y,Credit,4,2,57.99
TXN-0009228,ST-KIT-001,Central,N,Mobile,5,3,30.39
TXN-0009229,ST-KIT-001,Central,N,Credit,9,5,104.32
TXN-0009230,ST-KIT-001,Central,Y,Mobile,3,3,38.78
TXN-0009231,ST-LON-001,Central,Y,Credit,7,3,52.28
TXN-0009232,ST-LON-001,Central,Y,Credit,8,4,82.45
TXN-0009233,ST-LON-001,Central,Y,Credit,5,3,18.82
TXN-0009234,ST-LON-001,Central,Y,Credit,6,3,58.65
TXN-0009235,ST-LON-001,Central,N,Debit,3,3,31.28
TXN-0009236,ST-LON-001,Central,Y,Debit,4,3,41.63
TXN-0009237,ST-LON-001,Central,Y,Credit,4,2,48.62
TXN-0009238,ST-LON-001,Central,Y,Debit,2,2,17.94
TXN-0009239,ST-LON-001,Central,Y,Credit,5,4,32.19
TXN-0009240,ST-LON-001,Central,Y,Debit,4,2,13.26
TXN-0009241,ST-OTT-001,Eastern,Y,Credit,4,2,44.45
TXN-0009242,ST-OTT-001,Eastern,N,Debit,3,3,17.83
TXN-0009243,ST-OTT-001,Eastern,Y,Credit,3,3,30.83
TXN-0009244,ST-OTT-001,Eastern,Y,Credit,4,4,25.12
TXN-0009245,ST-OTT-001,Eastern,N,Credit,9,4,94.18
TXN-0009246,ST-OTT-001,Eastern,N,Credit,5,3,34.85
TXN-0009247,ST-OTT-001,Eastern,Y,Mobile,1,1,3.26
TXN-0009248,ST-OTT-001,Eastern,Y,Debit,4,3,49.57
TXN-0009249,ST-OTT-001,Eastern,Y,Debit,7,3,96.38
TXN-0009250,ST-OTT-001,Eastern,N,Credit,4,3,60.14
TXN-0009251,ST-OTT-001,Eastern,Y,Credit,2,2,6.34
TXN-0009252,ST-OTT-001,Eastern,Y,Credit,2,2,6.44
TXN-0009253,ST-OTT-001,Eastern,Y,Cash,5,3,27.42
TXN-0009254,ST-OTT-001,Eastern,Y,Credit,8,5,74.87
TXN-0009255,ST-OTT-001,Eastern,Y,Mobile,6,3,48.11
TXN-0009256,ST-OTT-001,Eastern,N,Credit,3,2,42.05
TXN-0009257,ST-OTT-001,Eastern,Y,Credit,5,3,36.12
TXN-0009258,ST-OTT-002,Eastern,Y,Cash,5,3,39.33
TXN-0009259,ST-OTT-002,Eastern,N,Mobile,2,2,14.68
TXN-0009260,ST-OTT-002,Eastern,Y,Credit,11,5,69.18
TXN-0009261,ST-OTT-002,Eastern,Y,Debit,4,4,30.01
TXN-0009262,ST-OTT-002,Eastern,Y,Credit,3,1,41.33
TXN-0009263,ST-OTT-002,Eastern,N,Credit,4,2,14.55
TXN-0009264,ST-OTT-002,Eastern,Y,Credit,6,4,56.80
TXN-0009265,ST-OTT-002,Eastern,Y,Credit,5,3,31.28
TXN-0009266,ST-OTT-002,Eastern,N,Credit,10,6,103.29
TXN-0009267,ST-OTT-002,Eastern,Y,Debit,2,2,25.82
TXN-0009268,ST-OTT-002,Eastern,Y,Cash,5,3,36.79
TXN-0009269,ST-OTT-002,Eastern,Y,Cash,9,5,66.72
TXN-0009270,ST-OTT-002,Eastern,Y,Credit,4,2,24.67
TXN-0009271,ST-OTT-002,Eastern,Y,Mobile,4,3,22.74
TXN-0009272,ST-OTT-002,Eastern,Y,Credit,6,2,74.06
TXN-0009273,ST-CAL-001,Western,Y,Credit,2,2,17.90
TXN-0009274,ST-CAL-001,Western,Y,Cash,4,1,48.76
TXN-0009275,ST-CAL-001,Western,N,Debit,8,4,50.71
TXN-0009276,ST-CAL-001,Western,Y,Mobile,6,5,79.29
TXN-0009277,ST-CAL-001,Western,Y,Credit,7,5,84.59
TXN-0009278,ST-CAL-001,Western,Y,Credit,5,3,55.09
TXN-0009279,ST-CAL-001,Western,N,Credit,2,1,6.32
TXN-0009280,ST-CAL-001,Western,N,Credit,9,7,108.91
TXN-0009281,ST-CAL-001,Western,N,Debit,3,2,39.99
TXN-0009282,ST-CAL-001,Western,Y,Credit,8,5,59.48
TXN-0009283,ST-CAL-001,Western,N,Credit,1,1,2.26
TXN-0009284,ST-CAL-001,Western,Y,Debit,7,5,61.61
TXN-0009285,ST-CAL-001,Western,Y,Credit,3,2,26.09
TXN-0009286,ST-CAL-001,Western,Y,Debit,11,5,103.30
TXN-0009287,ST-CAL-001,Western,Y,Credit,16,7,159.53
TXN-0009288,ST-EDM-001,Western,Y,Cash,3,3,44.32
TXN-0009289,ST-EDM-001,Western,Y,Debit,1,1,2.24
TXN-0009290,ST-EDM-001,Western,N,Debit,4,3,51.57
TXN-0009291,ST-EDM-001,Western,Y,Debit,8,6,67.55
TXN-0009292,ST-EDM-001,Western,Y,Credit,3,3,31.91
TXN-0009293,ST-EDM-001,Western,Y,Mobile,3,3,32.57
TXN-0009294,ST-EDM-001,Western,Y,Cash,7,4,60.11
TXN-0009295,ST-EDM-001,Western,N,Mobile,4,3,42.60
TXN-0009296,ST-TOR-001,Central,N,Debit,6,5,36.23
TXN-0009297,ST-TOR-001,Central,N,Debit,2,1,26.34
TXN-0009298,ST-TOR-001,Central,Y,Debit,6,3,54.38
TXN-0009299,ST-TOR-001,Central,Y,Credit,4,2,30.34
TXN-0009300,ST-TOR-001,Central,Y,Mobile,7,4,45.08
TXN-0009301,ST-TOR-001,Central,Y,Debit,7,5,64.26
TXN-0009302,ST-TOR-001,Central,N,Debit,6,4,62.40
TXN-0009303,ST-TOR-001,Central,Y,Credit,5,4,30.16
TXN-0009304,ST-TOR-002,Central,Y,Mobile,4,3,53.90
TXN-0009305,ST-TOR-002,Central,Y,Credit,5,2,25.95
TXN-0009306,ST-TOR-002,Central,Y,Debit,4,2,27.13
TXN-0009307,ST-TOR-002,Central,N,Debit,4,4,35.47
TXN-0009308,ST-TOR-002,Central,Y,Debit,3,3,28.80
TXN-0009309,ST-TOR-002,Central,Y,Credit,5,3,64.01
TXN-0009310,ST-TOR-002,Central,N,Debit,5,4,66.80
TXN-0009311,ST-TOR-002,Central,Y,Mobile,7,3,24.31
TXN-0009312,ST-TOR-002,Central,Y,Debit,2,2,23.99
TXN-0009313,ST-TOR-002,Central,N,Debit,5,2,61.07
TXN-0009314,ST-TOR-002,Central,Y,Debit,4,3,39.65
TXN-0009315,ST-SCA-001,Central,Y,Debit,3,2,39.82
TXN-0009316,ST-SCA-001,Central,Y,Credit,7,4,30.53
TXN-0009317,ST-SCA-001,Central,Y,Credit,7,4,60.41
TXN-0009318,ST-SCA-001,Central,Y,Credit,5,2,58.58
TXN-0009319,ST-SCA-001,Central,Y,Mobile,2,1,4.28
TXN-0009320,ST-SCA-001,Central,Y,Credit,2,2,16.41
TXN-0009321,ST-SCA-001,Central,N,Cash,3,3,28.12
TXN-0009322,ST-MIS-001,Central,Y,Debit,10,7,96.21
TXN-0009323,ST-MIS-001,Central,Y,Debit,6,3,34.73
TXN-0009324,ST-MIS-001,Central,Y,Credit,5,4,71.44
TXN-0009325,ST-MIS-001,Central,N,Debit,4,2,42.98
TXN-0009326,ST-MIS-001,Central,Y,Mobile,9,6,92.94
TXN-0009327,ST-MIS-001,Central,N,Debit,9,5,37.60
TXN-0009328,ST-MIS-001,Central,Y,Debit,4,3,51.73
TXN-0009329,ST-MIS-001,Central,N,Debit,2,2,21.27
TXN-0009330,ST-MIS-001,Central,N,Credit,3,2,25.84
TXN-0009331,ST-BRA-001,Central,Y,Debit,3,3,31.68
TXN-0009332,ST-BRA-001,Central,N,Debit,3,3,29.79
TXN-0009333,ST-BRA-001,Central,Y,Credit,4,3,36.59
TXN-0009334,ST-BRA-001,Central,Y,Credit,4,3,34.49
TXN-0009335,ST-BRA-001,Central,N,Credit,4,4,30.20
TXN-0009336,ST-BRA-001,Central,Y,Credit,1,1,1.90
TXN-0009337,ST-BRA-001,Central,N,Cash,9,7,75.93
TXN-0009338,ST-BRA-001,Central,Y,Cash,3,3,16.21
TXN-0009339,ST-BRA-001,Central,N,Credit,7,5,70.93
TXN-0009340,ST-BRA-001,Central,N,Debit,2,2,13.27
TXN-0009341,ST-BRA-001,Central,Y,Credit,3,2,21.16
TXN-0009342,ST-BRA-001,Central,Y,Debit,2,2,23.88
TXN-0009343,ST-BRA-001,Central,N,Credit,1,1,2.21
TXN-0009344,ST-BRA-001,Central,Y,Debit,3,2,43.12
TXN-0009345,ST-BRA-001,Central,Y,Debit,3,2,25.43
TXN-0009346,ST-BRA-001,Central,Y,Mobile,8,5,46.77
TXN-0009347,ST-BRA-001,Central,Y,Debit,5,5,54.29
TXN-0009348,ST-BRA-001,Central,N,Credit,6,2,44.28
TXN-0009349,ST-HAM-001,Central,N,Cash,1,1,2.19
TXN-0009350,ST-HAM-001,Central,Y,Credit,6,3,67.06
TXN-0009351,ST-HAM-001,Central,Y,Debit,5,2,14.07
TXN-0009352,ST-HAM-001,Central,Y,Cash,3,3,8.61
TXN-0009353,ST-HAM-001,Central,Y,Debit,9,4,73.51
TXN-0009354,ST-HAM-001,Central,N,Credit,3,2,24.13
TXN-0009355,ST-HAM-001,Central,Y,Cash,8,3,62.76
TXN-0009356,ST-HAM-001,Central,Y,Debit,4,3,51.77
TXN-0009357,ST-KIT-001,Central,Y,Credit,4,3,29.80
TXN-0009358,ST-KIT-001,Central,Y,Debit,3,2,19.89
TXN-0009359,ST-KIT-001,Central,Y,Debit,6,4,75.99
TXN-0009360,ST-KIT-001,Central,Y,Credit,2,2,15.69
TXN-0009361,ST-KIT-001,Central,N,Credit,7,4,59.08
TXN-0009362,ST-KIT-001,Central,Y,Credit,1,1,10.65
TXN-0009363,ST-KIT-001,Central,Y,Cash,5,3,43.74
TXN-0009364,ST-KIT-001,Central,Y,Debit,8,6,59.99
TXN-0009365,ST-KIT-001,Central,Y,Cash,6,4,51.70
TXN-0009366,ST-LON-001,Central,Y,Credit,6,4,72.70
TXN-0009367,ST-LON-001,Central,Y,Debit,8,3,59.93
TXN-0009368,ST-LON-001,Central,Y,Credit,5,4,45.48
TXN-0009369,ST-LON-001,Central,Y,Debit,6,4,66.46
TXN-0009370,ST-LON-001,Central,N,Credit,6,5,42.54
TXN-0009371,ST-LON-001,Central,Y,Debit,9,4,106.51
TXN-0009372,ST-LON-001,Central,Y,Credit,1,1,11.63
TXN-0009373,ST-LON-001,Central,Y,Debit,1,1,5.53
TXN-0009374,ST-LON-001,Central,N,Credit,4,3,42.32
TXN-0009375,ST-LON-001,Central,Y,Mobile,7,5,43.67
TXN-0009376,ST-LON-001,Central,N,Credit,3,2,31.38
TXN-0009377,ST-LON-001,Central,Y,Credit,4,3,45.44
TXN-0009378,ST-OTT-001,Eastern,Y,Credit,6,4,39.18
TXN-0009379,ST-OTT-001,Eastern,Y,Debit,5,4,53.98
TXN-0009380,ST-OTT-001,Eastern,Y,Credit,1,1,3.26
TXN-0009381,ST-OTT-001,Eastern,Y,Credit,11,5,71.56
TXN-0009382,ST-OTT-001,Eastern,Y,Credit,3,2,37.80
TXN-0009383,ST-OTT-001,Eastern,Y,Debit,2,2,26.43
TXN-0009384,ST-OTT-001,Eastern,Y,Debit,3,3,17.80
TXN-0009385,ST-OTT-001,Eastern,N,Credit,5,3,67.81
TXN-0009386,ST-OTT-002,Eastern,Y,Debit,3,3,20.48
TXN-0009387,ST-OTT-002,Eastern,Y,Credit,8,4,50.37
TXN-0009388,ST-OTT-002,Eastern,Y,Credit,6,3,64.86
TXN-0009389,ST-OTT-002,Eastern,N,Credit,6,3,30.07
TXN-0009390,ST-OTT-002,Eastern,Y,Credit,5,3,19.43
TXN-0009391,ST-OTT-002,Eastern,Y,Credit,10,7,106.07
TXN-0009392,ST-OTT-002,Eastern,Y,Credit,7,4,82.34
TXN-0009393,ST-OTT-002,Eastern,Y,Cash,2,2,14.94
TXN-0009394,ST-OTT-002,Eastern,N,Debit,3,1,30.60
TXN-0009395,ST-OTT-002,Eastern,Y,Debit,11,7,51.82
TXN-0009396,ST-OTT-002,Eastern,Y,Credit,2,2,16.09
TXN-0009397,ST-OTT-002,Eastern,N,Debit,6,2,34.74
TXN-0009398,ST-OTT-002,Eastern,Y,Debit,2,2,15.51
TXN-0009399,ST-OTT-002,Eastern,N,Cash,8,3,24.14
TXN-0009400,ST-OTT-002,Eastern,Y,Credit,2,2,16.15
TXN-0009401,ST-OTT-002,Eastern,Y,Debit,2,2,26.65
TXN-0009402,ST-OTT-002,Eastern,N,Credit,3,2,16.01
TXN-0009403,ST-CAL-001,Western,Y,Debit,3,3,20.68
TXN-0009404,ST-CAL-001,Western,Y,Debit,2,2,14.36
TXN-0009405,ST-CAL-001,Western,Y,Debit,6,4,44.14
TXN-0009406,ST-CAL-001,Western,N,Debit,6,3,77.75
TXN-0009407,ST-CAL-001,Western,Y,Mobile,5,3,20.46
TXN-0009408,ST-EDM-001,Western,Y,Credit,4,4,18.95
TXN-0009409,ST-EDM-001,Western,Y,Debit,4,3,48.51
TXN-0009410,ST-EDM-001,Western,Y,Debit,8,3,34.30
TXN-0009411,ST-EDM-001,Western,Y,Credit,7,4,32.51
TXN-0009412,ST-EDM-001,Western,N,Credit,6,3,60.75
TXN-0009413,ST-EDM-001,Western,N,Debit,3,3,14.89
TXN-0009414,ST-EDM-001,Western,N,Debit,2,2,20.69
TXN-0009415,ST-EDM-001,Western,Y,Credit,5,5,50.12
TXN-0009416,ST-EDM-001,Western,N,Debit,11,5,104.74
TXN-0009417,ST-EDM-001,Western,N,Debit,12,6,102.43
TXN-0009418,ST-EDM-001,Western,Y,Debit,4,2,38.78
TXN-0009419,ST-EDM-001,Western,Y,Credit,1,1,7.25
TXN-0009420,ST-EDM-001,Western,N,Credit,9,5,77.61
TXN-0009421,ST-TOR-001,Central,N,Debit,6,4,53.20
TXN-0009422,ST-TOR-001,Central,Y,Mobile,4,2,28.94
TXN-0009423,ST-TOR-001,Central,N,Cash,3,3,27.06
TXN-0009424,ST-TOR-001,Central,Y,Cash,3,2,32.02
TXN-0009425,ST-TOR-001,Central,Y,Debit,3,3,19.11
TXN-0009426,ST-TOR-001,Central,N,Debit,1,1,4.19
TXN-0009427,ST-TOR-001,Central,Y,Credit,1,1,15.12
TXN-0009428,ST-TOR-001,Central,N,Debit,2,1,6.38
TXN-0009429,ST-TOR-001,Central,N,Debit,3,3,29.02
TXN-0009430,ST-TOR-001,Central,Y,Debit,6,5,57.14
TXN-0009431,ST-TOR-001,Central,N,Credit,7,6,89.56
TXN-0009432,ST-TOR-001,Central,Y,Cash,3,1,49.50
TXN-0009433,ST-TOR-001,Central,Y,Debit,8,4,65.25
TXN-0009434,ST-TOR-001,Central,N,Credit,3,2,29.14
TXN-0009435,ST-TOR-001,Central,Y,Debit,6,3,37.20
TXN-0009436,ST-TOR-001,Central,Y,Mobile,3,2,18.92
TXN-0009437,ST-TOR-001,Central,N,Debit,1,1,17.05
TXN-0009438,ST-TOR-001,Central,Y,Credit,6,5,58.12
TXN-0009439,ST-TOR-001,Central,Y,Credit,1,1,11.63
TXN-0009440,ST-TOR-001,Central,N,Debit,6,5,64.99
TXN-0009441,ST-TOR-001,Central,Y,Mobile,6,4,37.12
TXN-0009442,ST-TOR-002,Central,Y,Credit,7,5,47.92
TXN-0009443,ST-TOR-002,Central,N,Debit,3,3,34.71
TXN-0009444,ST-TOR-002,Central,Y,Debit,5,3,53.14
TXN-0009445,ST-TOR-002,Central,Y,Credit,5,3,38.85
TXN-0009446,ST-TOR-002,Central,N,Credit,6,3,43.31
TXN-0009447,ST-TOR-002,Central,Y,Mobile,6,4,46.97
TXN-0009448,ST-TOR-002,Central,Y,Cash,7,3,58.43
TXN-0009449,ST-TOR-002,Central,Y,Credit,2,2,5.17
TXN-0009450,ST-TOR-002,Central,N,Credit,12,7,130.22
TXN-0009451,ST-TOR-002,Central,N,Mobile,5,2,45.34
TXN-0009452,ST-TOR-002,Central,Y,Cash,3,2,20.33
TXN-0009453,ST-TOR-002,Central,Y,Debit,9,5,102.76
TXN-0009454,ST-TOR-002,Central,Y,Debit,4,2,26.39
TXN-0009455,ST-TOR-002,Central,N,Credit,1,1,11.38
TXN-0009456,ST-TOR-002,Central,N,Credit,5,5,29.41
TXN-0009457,ST-TOR-002,Central,Y,Cash,2,2,19.20
TXN-0009458,ST-SCA-001,Central,Y,Credit,8,4,84.71
TXN-0009459,ST-SCA-001,Central,N,Credit,10,4,111.37
TXN-0009460,ST-SCA-001,Central,Y,Cash,4,3,29.43
TXN-0009461,ST-SCA-001,Central,Y,Credit,3,2,48.50
TXN-0009462,ST-SCA-001,Central,Y,Credit,2,2,17.30
TXN-0009463,ST-SCA-001,Central,N,Debit,3,2,48.90
TXN-0009464,ST-SCA-001,Central,N,Credit,6,4,35.70
TXN-0009465,ST-SCA-001,Central,Y,Debit,1,1,7.22
TXN-0009466,ST-SCA-001,Central,Y,Debit,4,3,60.56
TXN-0009467,ST-MIS-001,Central,Y,Cash,6,3,75.58
TXN-0009468,ST-MIS-001,Central,N,Credit,6,3,31.13
TXN-0009469,ST-MIS-001,Central,Y,Credit,4,3,52.98
TXN-0009470,ST-MIS-001,Central,N,Cash,6,4,52.86
TXN-0009471,ST-MIS-001,Central,Y,Credit,6,4,66.02
TXN-0009472,ST-MIS-001,Central,N,Credit,5,4,55.92
TXN-0009473,ST-MIS-001,Central,Y,Debit,8,7,42.75
TXN-0009474,ST-MIS-001,Central,N,Cash,2,2,27.00
TXN-0009475,ST-MIS-001,Central,Y,Debit,6,3,73.04
TXN-0009476,ST-BRA-001,Central,Y,Credit,6,4,52.89
TXN-0009477,ST-BRA-001,Central,Y,Credit,5,3,75.94
TXN-0009478,ST-BRA-001,Central,Y,Credit,9,7,85.52
TXN-0009479,ST-BRA-001,Central,N,Credit,2,2,24.11
TXN-0009480,ST-BRA-001,Central,Y,Debit,2,2,17.16
TXN-0009481,ST-BRA-001,Central,N,Credit,8,5,51.50
TXN-0009482,ST-BRA-001,Central,N,Debit,9,5,81.32
TXN-0009483,ST-BRA-001,Central,Y,Mobile,3,2,47.35
TXN-0009484,ST-HAM-001,Central,Y,Debit,2,1,29.56
TXN-0009485,ST-HAM-001,Central,N,Debit,4,2,47.73
TXN-0009486,ST-HAM-001,Central,Y,Credit,5,3,32.03
TXN-0009487,ST-HAM-001,Central,Y,Credit,2,2,10.49
TXN-0009488,ST-HAM-001,Central,Y,Debit,2,2,24.70
TXN-0009489,ST-HAM-001,Central,Y,Mobile,4,3,37.95
TXN-0009490,ST-HAM-001,Central,Y,Debit,2,2,5.27
TXN-0009491,ST-HAM-001,Central,N,Credit,12,7,124.30
TXN-0009492,ST-HAM-001,Central,N,Credit,6,3,63.36
TXN-0009493,ST-HAM-001,Central,Y,Debit,3,2,32.35
TXN-0009494,ST-HAM-001,Central,Y,Cash,1,1,3.24
TXN-0009495,ST-KIT-001,Central,Y,Cash,5,4,41.52
TXN-0009496,ST-KIT-001,Central,Y,Debit,14,6,129.54
TXN-0009497,ST-KIT-001,Central,Y,Credit,6,4,78.48
TXN-0009498,ST-KIT-001,Central,Y,Cash,5,2,19.61
TXN-0009499,ST-KIT-001,Central,N,Credit,6,3,31.75
TXN-0009500,ST-LON-001,Central,Y,Debit,5,3,82.87
TXN-0009501,ST-LON-001,Central,Y,Debit,13,6,130.60
TXN-0009502,ST-LON-001,Central,Y,Debit,4,3,32.39
TXN-0009503,ST-LON-001,Central,N,Debit,5,2,31.58
TXN-0009504,ST-LON-001,Central,N,Credit,5,4,44.05
TXN-0009505,ST-LON-001,Central,N,Debit,8,6,92.54
TXN-0009506,ST-LON-001,Central,Y,Credit,3,2,9.13
TXN-0009507,ST-LON-001,Central,Y,Credit,11,7,128.93
TXN-0009508,ST-LON-001,Central,Y,Debit,5,4,65.66
TXN-0009509,ST-LON-001,Central,N,Debit,2,2,26.69
TXN-0009510,ST-LON-001,Central,Y,Credit,3,2,24.22
TXN-0009511,ST-OTT-001,Eastern,Y,Credit,3,3,40.20
TXN-0009512,ST-OTT-001,Eastern,Y,Debit,4,3,16.91
TXN-0009513,ST-OTT-001,Eastern,N,Debit,6,3,47.64
TXN-0009514,ST-OTT-001,Eastern,N,Mobile,6,3,18.60
TXN-0009515,ST-OTT-001,Eastern,Y,Cash,4,3,33.04
TXN-0009516,ST-OTT-001,Eastern,N,Debit,4,4,14.97
TXN-0009517,ST-OTT-001,Eastern,Y,Credit,2,2,12.51
TXN-0009518,ST-OTT-001,Eastern,Y,Mobile,8,5,61.52
TXN-0009519,ST-OTT-001,Eastern,N,Credit,4,3,37.23
TXN-0009520,ST-OTT-001,Eastern,Y,Credit,9,5,54.20
TXN-0009521,ST-OTT-001,Eastern,Y,Credit,5,3,23.27
TXN-0009522,ST-OTT-001,Eastern,Y,Cash,4,3,47.88
TXN-0009523,ST-OTT-001,Eastern,Y,Credit,4,3,36.49
TXN-0009524,ST-OTT-001,Eastern,N,Credit,5,2,42.45
TXN-0009525,ST-OTT-001,Eastern,Y,Debit,6,5,51.77
TXN-0009526,ST-OTT-002,Eastern,Y,Credit,1,1,14.85
TXN-0009527,ST-OTT-002,Eastern,N,Mobile,7,4,88.73
TXN-0009528,ST-OTT-002,Eastern,Y,Debit,3,2,23.98
TXN-0009529,ST-OTT-002,Eastern,Y,Credit,4,3,27.08
TXN-0009530,ST-OTT-002,Eastern,Y,Debit,9,5,66.81
TXN-0009531,ST-OTT-002,Eastern,Y,Credit,7,3,71.00
TXN-0009532,ST-OTT-002,Eastern,N,Debit,2,2,4.54
TXN-0009533,ST-OTT-002,Eastern,Y,Credit,5,4,33.00
TXN-0009534,ST-OTT-002,Eastern,Y,Credit,7,4,41.44
TXN-0009535,ST-OTT-002,Eastern,Y,Cash,4,2,21.99
TXN-0009536,ST-OTT-002,Eastern,N,Debit,4,2,13.94
TXN-0009537,ST-OTT-002,Eastern,Y,Debit,9,5,89.36
TXN-0009538,ST-OTT-002,Eastern,Y,Credit,3,2,40.71
TXN-0009539,ST-OTT-002,Eastern,N,Debit,6,4,65.24
TXN-0009540,ST-OTT-002,Eastern,Y,Mobile,3,3,44.58
TXN-0009541,ST-OTT-002,Eastern,N,Debit,3,3,34.26
TXN-0009542,ST-CAL-001,Western,Y,Credit,4,2,39.10
TXN-0009543,ST-CAL-001,Western,Y,Debit,8,3,97.38
TXN-0009544,ST-CAL-001,Western,Y,Credit,2,1,10.74
TXN-0009545,ST-CAL-001,Western,Y,Cash,3,2,8.86
TXN-0009546,ST-CAL-001,Western,Y,Credit,6,4,63.85
TXN-0009547,ST-CAL-001,Western,N,Debit,3,2,26.89
TXN-0009548,ST-CAL-001,Western,Y,Debit,5,4,57.71
TXN-0009549,ST-CAL-001,Western,Y,Debit,7,4,91.55
TXN-0009550,ST-CAL-001,Western,Y,Mobile,5,3,52.82
TXN-0009551,ST-CAL-001,Western,N,Credit,6,3,42.92
TXN-0009552,ST-CAL-001,Western,Y,Debit,8,4,86.16
TXN-0009553,ST-CAL-001,Western,N,Credit,9,3,103.60
TXN-0009554,ST-CAL-001,Western,Y,Credit,7,3,29.48
TXN-0009555,ST-EDM-001,Western,Y,Credit,8,5,93.48
TXN-0009556,ST-EDM-001,Western,Y,Cash,1,1,3.27
TXN-0009557,ST-EDM-001,Western,Y,Credit,7,5,43.07
TXN-0009558,ST-EDM-001,Western,N,Credit,4,3,51.30
TXN-0009559,ST-EDM-001,Western,Y,Mobile,1,1,2.16
TXN-0009560,ST-EDM-001,Western,Y,Credit,8,3,117.84
TXN-0009561,ST-EDM-001,Western,Y,Credit,6,4,66.82
TXN-0009562,ST-EDM-001,Western,Y,Cash,6,4,48.05
TXN-0009563,ST-EDM-001,Western,Y,Debit,2,1,30.72
TXN-0009564,ST-EDM-001,Western,N,Credit,6,3,17.67
TXN-0009565,ST-EDM-001,Western,N,Debit,6,3,28.45
TXN-0009566,ST-EDM-001,Western,N,Debit,5,4,49.81
TXN-0009567,ST-EDM-001,Western,Y,Debit,1,1,3.32
TXN-0009568,ST-EDM-001,Western,N,Credit,5,2,74.40
TXN-0009569,ST-EDM-001,Western,Y,Debit,5,4,53.94
TXN-0009570,ST-TOR-001,Central,N,Credit,3,3,28.51
TXN-0009571,ST-TOR-001,Central,N,Credit,2,1,6.26
TXN-0009572,ST-TOR-001,Central,Y,Debit,9,5,57.58
TXN-0009573,ST-TOR-001,Central,N,Debit,6,4,65.89
TXN-0009574,ST-TOR-001,Central,Y,Credit,3,2,25.85
TXN-0009575,ST-TOR-001,Central,Y,Debit,3,2,8.88
TXN-0009576,ST-TOR-001,Central,Y,Credit,9,4,60.37
TXN-0009577,ST-TOR-001,Central,Y,Debit,4,2,24.96
TXN-0009578,ST-TOR-001,Central,Y,Debit,3,2,39.67
TXN-0009579,ST-TOR-001,Central,Y,Credit,5,3,50.41
TXN-0009580,ST-TOR-001,Central,Y,Credit,4,3,28.83
TXN-0009581,ST-TOR-001,Central,N,Mobile,2,2,12.75
TXN-0009582,ST-TOR-002,Central,Y,Credit,2,1,6.44
TXN-0009583,ST-TOR-002,Central,Y,Credit,3,3,38.75
TXN-0009584,ST-TOR-002,Central,Y,Debit,6,5,58.84
TXN-0009585,ST-TOR-002,Central,N,Debit,8,5,88.24
TXN-0009586,ST-TOR-002,Central,Y,Credit,1,1,17.63
TXN-0009587,ST-TOR-002,Central,Y,Debit,7,4,86.45
TXN-0009588,ST-TOR-002,Central,Y,Credit,4,4,55.97
TXN-0009589,ST-TOR-002,Central,N,Credit,6,3,56.91
TXN-0009590,ST-TOR-002,Central,Y,Credit,5,3,49.54
TXN-0009591,ST-SCA-001,Central,Y,Credit,6,3,66.33
TXN-0009592,ST-SCA-001,Central,Y,Debit,7,4,77.92
TXN-0009593,ST-SCA-001,Central,N,Credit,4,2,43.16
TXN-0009594,ST-SCA-001,Central,Y,Debit,4,3,23.99
TXN-0009595,ST-SCA-001,Central,Y,Credit,5,4,35.83
TXN-0009596,ST-SCA-001,Central,Y,Debit,1,1,3.21
TXN-0009597,ST-SCA-001,Central,N,Debit,4,4,26.27
TXN-0009598,ST-SCA-001,Central,Y,Credit,1,1,11.40
TXN-0009599,ST-SCA-001,Central,Y,Credit,11,7,128.53
TXN-0009600,ST-SCA-001,Central,Y,Debit,8,3,59.54
TXN-0009601,ST-SCA-001,Central,N,Debit,2,1,33.00
TXN-0009602,ST-SCA-001,Central,Y,Credit,2,2,9.58
TXN-0009603,ST-MIS-001,Central,N,Debit,6,3,73.91
TXN-0009604,ST-MIS-001,Central,Y,Cash,4,3,39.16
TXN-0009605,ST-MIS-001,Central,Y,Mobile,1,1,12.55
TXN-0009606,ST-MIS-001,Central,Y,Credit,7,3,82.58
TXN-0009607,ST-MIS-001,Central,Y,Cash,3,2,26.30
TXN-0009608,ST-MIS-001,Central,N,Debit,5,2,58.96
TXN-0009609,ST-MIS-001,Central,N,Debit,6,2,100.84
TXN-0009610,ST-MIS-001,Central,Y,Credit,4,2,12.97
TXN-0009611,ST-MIS-001,Central,N,Debit,7,3,78.48
TXN-0009612,ST-MIS-001,Central,Y,Mobile,5,3,51.98
TXN-0009613,ST-MIS-001,Central,N,Credit,7,5,55.49
TXN-0009614,ST-MIS-001,Central,N,Credit,10,6,83.24
TXN-0009615,ST-MIS-001,Central,Y,Debit,6,3,49.40
TXN-0009616,ST-MIS-001,Central,Y,Credit,9,6,79.16
TXN-0009617,ST-BRA-001,Central,N,Credit,14,5,123.75
TXN-0009618,ST-BRA-001,Central,Y,Credit,3,2,51.96
TXN-0009619,ST-BRA-001,Central,Y,Debit,5,2,46.13
TXN-0009620,ST-BRA-001,Central,Y,Debit,5,4,56.24
TXN-0009621,ST-BRA-001,Central,Y,Cash,2,2,16.30
TXN-0009622,ST-BRA-001,Central,N,Credit,5,3,52.27
TXN-0009623,ST-BRA-001,Central,Y,Credit,4,3,49.01
TXN-0009624,ST-BRA-001,Central,N,Debit,10,7,61.10
TXN-0009625,ST-BRA-001,Central,Y,Credit,1,1,17.78
TXN-0009626,ST-BRA-001,Central,Y,Mobile,3,2,31.50
TXN-0009627,ST-HAM-001,Central,N,Cash,9,6,93.83
TXN-0009628,ST-HAM-001,Central,N,Cash,5,3,50.62
TXN-0009629,ST-HAM-001,Central,N,Mobile,4,3,51.45
TXN-0009630,ST-HAM-001,Central,Y,Credit,1,1,12.92
TXN-0009631,ST-HAM-001,Central,Y,Debit,5,3,19.63
TXN-0009632,ST-HAM-001,Central,Y,Credit,7,4,42.52
TXN-0009633,ST-HAM-001,Central,Y,Cash,9,5,100.94
TXN-0009634,ST-HAM-001,Central,N,Mobile,3,2,15.12
TXN-0009635,ST-HAM-001,Central,Y,Debit,2,2,19.49
TXN-0009636,ST-HAM-001,Central,N,Debit,4,2,16.92
TXN-0009637,ST-HAM-001,Central,Y,Credit,4,3,32.33
TXN-0009638,ST-KIT-001,Central,Y,Mobile,2,2,18.48
TXN-0009639,ST-KIT-001,Central,Y,Cash,7,4,47.98
TXN-0009640,ST-KIT-001,Central,Y,Credit,5,5,41.37
TXN-0009641,ST-KIT-001,Central,Y,Credit,5,3,38.24
TXN-0009642,ST-KIT-001,Central,N,Debit,2,2,8.40
TXN-0009643,ST-KIT-001,Central,Y,Cash,13,7,82.88
TXN-0009644,ST-KIT-001,Central,Y,Cash,4,2,52.06
TXN-0009645,ST-KIT-001,Central,Y,Debit,4,2,29.06
TXN-0009646,ST-KIT-001,Central,Y,Credit,8,5,85.10
TXN-0009647,ST-KIT-001,Central,Y,Credit,4,3,62.81
TXN-0009648,ST-LON-001,Central,Y,Debit,2,1,26.08
TXN-0009649,ST-LON-001,Central,Y,Credit,4,2,18.92
TXN-0009650,ST-LON-001,Central,N,Credit,2,2,17.98
TXN-0009651,ST-LON-001,Central,N,Debit,2,2,27.22
TXN-0009652,ST-LON-001,Central,Y,Credit,3,3,20.97
TXN-0009653,ST-LON-001,Central,Y,Debit,3,2,41.67
TXN-0009654,ST-LON-001,Central,N,Cash,2,2,15.35
TXN-0009655,ST-LON-001,Central,N,Debit,6,4,66.93
TXN-0009656,ST-LON-001,Central,N,Credit,6,4,58.44
TXN-0009657,ST-LON-001,Central,Y,Debit,7,5,45.77
TXN-0009658,ST-LON-001,Central,Y,Cash,8,5,105.12
TXN-0009659,ST-LON-001,Central,Y,Credit,7,5,53.59
TXN-0009660,ST-OTT-001,Eastern,Y,Debit,2,2,25.45
TXN-0009661,ST-OTT-001,Eastern,Y,Debit,2,2,9.01
TXN-0009662,ST-OTT-001,Eastern,Y,Cash,12,5,112.01
TXN-0009663,ST-OTT-001,Eastern,Y,Credit,7,4,60.00
TXN-0009664,ST-OTT-001,Eastern,Y,Debit,4,3,34.54
TXN-0009665,ST-OTT-001,Eastern,Y,Debit,10,5,88.74
TXN-0009666,ST-OTT-001,Eastern,Y,Credit,1,1,6.35
TXN-0009667,ST-OTT-001,Eastern,N,Debit,2,2,17.17
TXN-0009668,ST-OTT-001,Eastern,Y,Credit,3,3,34.72
TXN-0009669,ST-OTT-001,Eastern,Y,Mobile,2,1,27.18
TXN-0009670,ST-OTT-001,Eastern,Y,Credit,6,3,57.36
TXN-0009671,ST-OTT-001,Eastern,Y,Cash,2,2,17.38
TXN-0009672,ST-OTT-001,Eastern,Y,Debit,3,2,32.49
TXN-0009673,ST-OTT-001,Eastern,Y,Debit,8,5,54.14
TXN-0009674,ST-OTT-002,Eastern,N,Mobile,5,3,62.76
TXN-0009675,ST-OTT-002,Eastern,Y,Credit,6,4,35.12
TXN-0009676,ST-OTT-002,Eastern,Y,Debit,3,3,22.33
TXN-0009677,ST-OTT-002,Eastern,N,Credit,12,6,106.89
TXN-0009678,ST-OTT-002,Eastern,Y,Debit,2,2,12.74
TXN-0009679,ST-OTT-002,Eastern,Y,Mobile,1,1,2.14
TXN-0009680,ST-OTT-002,Eastern,Y,Debit,4,4,30.10
TXN-0009681,ST-OTT-002,Eastern,N,Debit,4,4,29.93
TXN-0009682,ST-OTT-002,Eastern,Y,Debit,1,1,3.36
TXN-0009683,ST-OTT-002,Eastern,Y,Credit,6,3,47.02
TXN-0009684,ST-OTT-002,Eastern,N,Credit,1,1,8.41
TXN-0009685,ST-OTT-002,Eastern,Y,Credit,2,2,14.46
TXN-0009686,ST-OTT-002,Eastern,N,Credit,3,2,20.68
TXN-0009687,ST-OTT-002,Eastern,Y,Credit,3,2,9.12
TXN-0009688,ST-OTT-002,Eastern,Y,Debit,6,3,50.69
TXN-0009689,ST-CAL-001,Western,Y,Credit,4,4,44.83
TXN-0009690,ST-CAL-001,Western,Y,Debit,3,2,8.52
TXN-0009691,ST-CAL-001,Western,Y,Credit,5,2,41.46
TXN-0009692,ST-CAL-001,Western,N,Debit,2,2,18.72
TXN-0009693,ST-CAL-001,Western,N,Debit,9,5,106.75
TXN-0009694,ST-CAL-001,Western,Y,Credit,6,4,33.10
TXN-0009695,ST-CAL-001,Western,Y,Cash,6,2,39.84
TXN-0009696,ST-CAL-001,Western,N,Mobile,1,1,16.22
TXN-0009697,ST-EDM-001,Western,N,Credit,3,3,33.71
TXN-0009698,ST-EDM-001,Western,N,Debit,11,7,115.93
TXN-0009699,ST-EDM-001,Western,N,Debit,2,2,18.20
TXN-0009700,ST-EDM-001,Western,Y,Cash,6,4,86.37
TXN-0009701,ST-EDM-001,Western,N,Debit,1,1,11.99
TXN-0009702,ST-EDM-001,Western,Y,Debit,4,3,18.07
TXN-0009703,ST-EDM-001,Western,Y,Credit,6,4,59.95
TXN-0009704,ST-EDM-001,Western,Y,Credit,4,2,23.54
TXN-0009705,ST-EDM-001,Western,N,Credit,3,3,40.04
TXN-0009706,ST-EDM-001,Western,Y,Debit,5,4,59.50
TXN-0009707,ST-EDM-001,Western,Y,Cash,4,3,49.62
TXN-0009708,ST-EDM-001,Western,Y,Credit,1,1,11.58
TXN-0009709,ST-EDM-001,Western,Y,Cash,2,1,34.92
TXN-0009710,ST-EDM-001,Western,Y,Mobile,2,2,20.42
TXN-0009711,ST-EDM-001,Western,Y,Debit,2,2,10.58
TXN-0009712,ST-EDM-001,Western,Y,Debit,3,3,15.56
TXN-0009713,ST-EDM-001,Western,Y,Credit,5,2,15.52
TXN-0009714,ST-TOR-001,Central,Y,Debit,3,1,7.80
TXN-0009715,ST-TOR-001,Central,N,Credit,5,3,64.05
TXN-0009716,ST-TOR-001,Central,Y,Credit,3,3,19.96
TXN-0009717,ST-TOR-001,Central,Y,Credit,3,3,36.65
TXN-0009718,ST-TOR-001,Central,Y,Debit,3,1,14.82
TXN-0009719,ST-TOR-001,Central,Y,Cash,5,3,62.83
TXN-0009720,ST-TOR-001,Central,N,Credit,2,2,18.60
TXN-0009721,ST-TOR-001,Central,Y,Credit,3,2,11.70
TXN-0009722,ST-TOR-001,Central,Y,Debit,4,2,30.88
TXN-0009723,ST-TOR-001,Central,N,Credit,1,1,11.44
TXN-0009724,ST-TOR-001,Central,N,Credit,9,4,103.07
TXN-0009725,ST-TOR-001,Central,N,Debit,4,3,38.53
TXN-0009726,ST-TOR-001,Central,Y,Mobile,1,1,11.16
TXN-0009727,ST-TOR-001,Central,Y,Cash,1,1,2.28
TXN-0009728,ST-TOR-001,Central,N,Mobile,5,3,52.86
TXN-0009729,ST-TOR-001,Central,N,Mobile,11,6,112.38
TXN-0009730,ST-TOR-001,Central,Y,Credit,13,7,120.32
TXN-0009731,ST-TOR-001,Central,N,Debit,10,5,80.53
TXN-0009732,ST-TOR-001,Central,Y,Credit,2,2,23.80
TXN-0009733,ST-TOR-002,Central,Y,Debit,2,1,26.58
TXN-0009734,ST-TOR-002,Central,Y,Cash,5,4,72.98
TXN-0009735,ST-TOR-002,Central,Y,Cash,11,6,91.36
TXN-0009736,ST-TOR-002,Central,Y,Debit,7,4,56.84
TXN-0009737,ST-TOR-002,Central,Y,Cash,3,2,12.67
TXN-0009738,ST-TOR-002,Central,Y,Credit,3,2,32.42
TXN-0009739,ST-TOR-002,Central,Y,Credit,2,2,19.26
TXN-0009740,ST-TOR-002,Central,N,Credit,1,1,2.21
TXN-0009741,ST-TOR-002,Central,N,Debit,1,1,15.07
TXN-0009742,ST-TOR-002,Central,Y,Mobile,2,1,27.32
TXN-0009743,ST-TOR-002,Central,Y,Debit,5,3,51.61
TXN-0009744,ST-TOR-002,Central,Y,Cash,6,4,41.41
TXN-0009745,ST-TOR-002,Central,N,Debit,4,3,21.85
TXN-0009746,ST-TOR-002,Central,N,Credit,1,1,5.44
TXN-0009747,ST-TOR-002,Central,Y,Mobile,7,4,58.65
TXN-0009748,ST-TOR-002,Central,Y,Credit,5,3,36.26
TXN-0009749,ST-TOR-002,Central,Y,Debit,8,6,70.46
TXN-0009750,ST-TOR-002,Central,N,Credit,5,3,59.23
TXN-0009751,ST-SCA-001,Central,Y,Credit,3,2,43.19
TXN-0009752,ST-SCA-001,Central,Y,Debit,2,2,20.38
TXN-0009753,ST-SCA-001,Central,Y,Credit,7,4,76.42
TXN-0009754,ST-SCA-001,Central,Y,Credit,5,3,48.99
TXN-0009755,ST-SCA-001,Central,Y,Debit,1,1,10.36
TXN-0009756,ST-MIS-001,Central,Y,Credit,4,2,50.00
TXN-0009757,ST-MIS-001,Central,Y,Debit,1,1,11.38
TXN-0009758,ST-MIS-001,Central,Y,Debit,7,4,38.30
TXN-0009759,ST-MIS-001,Central,N,Mobile,4,3,51.53
TXN-0009760,ST-MIS-001,Central,Y,Mobile,5,3,46.65
TXN-0009761,ST-MIS-001,Central,N,Debit,2,2,19.19
TXN-0009762,ST-BRA-001,Central,N,Cash,3,2,46.49
TXN-0009763,ST-BRA-001,Central,N,Credit,2,2,20.19
TXN-0009764,ST-BRA-001,Central,Y,Credit,9,6,65.55
TXN-0009765,ST-BRA-001,Central,N,Credit,2,2,13.82
TXN-0009766,ST-BRA-001,Central,Y,Debit,2,2,15.13
TXN-0009767,ST-BRA-001,Central,Y,Credit,4,3,25.25
TXN-0009768,ST-BRA-001,Central,Y,Debit,5,4,29.73
TXN-0009769,ST-BRA-001,Central,N,Mobile,2,2,19.79
TXN-0009770,ST-BRA-001,Central,Y,Credit,5,3,46.43
TXN-0009771,ST-BRA-001,Central,Y,Credit,2,2,7.58
TXN-0009772,ST-HAM-001,Central,Y,Debit,1,1,11.37
TXN-0009773,ST-HAM-001,Central,Y,Cash,3,3,32.69
TXN-0009774,ST-HAM-001,Central,Y,Mobile,4,2,56.82
TXN-0009775,ST-HAM-001,Central,Y,Cash,5,4,60.01
TXN-0009776,ST-HAM-001,Central,N,Debit,4,3,33.21
TXN-0009777,ST-HAM-001,Central,N,Debit,1,1,15.19
TXN-0009778,ST-HAM-001,Central,Y,Debit,9,5,64.59
TXN-0009779,ST-HAM-001,Central,Y,Credit,4,2,43.57
TXN-0009780,ST-HAM-001,Central,N,Cash,5,4,53.12
TXN-0009781,ST-HAM-001,Central,Y,Debit,2,2,7.52
TXN-0009782,ST-HAM-001,Central,Y,Credit,8,4,73.08
TXN-0009783,ST-HAM-001,Central,Y,Cash,2,2,23.80
TXN-0009784,ST-KIT-001,Central,Y,Credit,7,4,37.41
TXN-0009785,ST-KIT-001,Central,Y,Cash,1,1,7.27
TXN-0009786,ST-KIT-001,Central,N,Credit,6,4,65.92
TXN-0009787,ST-KIT-001,Central,Y,Credit,6,5,47.56
TXN-0009788,ST-KIT-001,Central,Y,Debit,2,1,6.44
TXN-0009789,ST-KIT-001,Central,Y,Credit,2,1,22.24
TXN-0009790,ST-KIT-001,Central,Y,Cash,8,5,52.94
TXN-0009791,ST-LON-001,Central,Y,Credit,5,2,51.65
TXN-0009792,ST-LON-001,Central,Y,Debit,1,1,12.20
TXN-0009793,ST-LON-001,Central,Y,Debit,2,2,25.64
TXN-0009794,ST-LON-001,Central,Y,Debit,3,2,47.02
TXN-0009795,ST-LON-001,Central,Y,Mobile,5,4,36.05
TXN-0009796,ST-LON-001,Central,Y,Mobile,8,4,90.08
TXN-0009797,ST-LON-001,Central,Y,Credit,1,1,11.05
TXN-0009798,ST-LON-001,Central,Y,Debit,6,4,67.93
TXN-0009799,ST-LON-001,Central,N,Debit,5,3,29.18
TXN-0009800,ST-LON-001,Central,Y,Cash,2,2,19.25
TXN-0009801,ST-OTT-001,Eastern,N,Credit,4,4,42.92
TXN-0009802,ST-OTT-001,Eastern,Y,Credit,1,1,16.10
TXN-0009803,ST-OTT-001,Eastern,Y,Credit,3,3,29.63
TXN-0009804,ST-OTT-001,Eastern,Y,Debit,4,2,39.43
TXN-0009805,ST-OTT-001,Eastern,Y,Cash,3,3,27.58
TXN-0009806,ST-OTT-001,Eastern,Y,Cash,4,3,46.74
TXN-0009807,ST-OTT-001,Eastern,Y,Credit,2,2,23.79
TXN-0009808,ST-OTT-001,Eastern,N,Debit,7,6,90.90
TXN-0009809,ST-OTT-001,Eastern,Y,Credit,4,3,26.04
TXN-0009810,ST-OTT-001,Eastern,Y,Credit,5,4,39.92
TXN-0009811,ST-OTT-001,Eastern,Y,Debit,6,3,77.86
TXN-0009812,ST-OTT-001,Eastern,Y,Cash,2,2,8.50
TXN-0009813,ST-OTT-001,Eastern,N,Cash,3,3,30.65
TXN-0009814,ST-OTT-002,Eastern,Y,Credit,9,4,40.64
TXN-0009815,ST-OTT-002,Eastern,Y,Credit,5,3,61.25
TXN-0009816,ST-OTT-002,Eastern,Y,Debit,2,1,6.28
TXN-0009817,ST-OTT-002,Eastern,N,Debit,8,4,69.10
TXN-0009818,ST-OTT-002,Eastern,N,Debit,4,4,38.26
TXN-0009819,ST-OTT-002,Eastern,N,Credit,1,1,15.33
TXN-0009820,ST-OTT-002,Eastern,Y,Debit,5,3,46.14
TXN-0009821,ST-CAL-001,Western,Y,Cash,4,2,40.94
TXN-0009822,ST-CAL-001,Western,Y,Debit,3,2,16.92
TXN-0009823,ST-CAL-001,Western,Y,Debit,1,1,6.53
TXN-0009824,ST-CAL-001,Western,Y,Debit,13,5,152.02
TXN-0009825,ST-CAL-001,Western,Y,Debit,10,4,92.51
TXN-0009826,ST-CAL-001,Western,Y,Cash,7,3,32.14
TXN-0009827,ST-CAL-001,Western,N,Cash,4,2,43.22
TXN-0009828,ST-CAL-001,Western,Y,Credit,7,4,79.73
TXN-0009829,ST-CAL-001,Western,Y,Credit,4,3,20.68
TXN-0009830,ST-CAL-001,Western,Y,Credit,4,2,21.85
TXN-0009831,ST-CAL-001,Western,N,Mobile,12,4,72.10
TXN-0009832,ST-EDM-001,Western,Y,Debit,7,4,45.52
TXN-0009833,ST-EDM-001,Western,Y,Credit,3,2,23.32
TXN-0009834,ST-EDM-001,Western,Y,Credit,6,3,40.88
TXN-0009835,ST-EDM-001,Western,Y,Debit,2,2,6.17
TXN-0009836,ST-EDM-001,Western,Y,Debit,7,5,60.32
TXN-0009837,ST-EDM-001,Western,Y,Credit,8,3,65.86
TXN-0009838,ST-EDM-001,Western,N,Debit,4,2,29.35
TXN-0009839,ST-EDM-001,Western,Y,Credit,7,4,64.41
TXN-0009840,ST-EDM-001,Western,Y,Debit,3,3,16.82
TXN-0009841,ST-EDM-001,Western,N,Credit,4,3,30.68
TXN-0009842,ST-EDM-001,Western,N,Mobile,1,1,12.32
TXN-0009843,ST-EDM-001,Western,Y,Mobile,4,3,48.46
TXN-0009844,ST-EDM-001,Western,N,Credit,2,2,21.60
TXN-0009845,ST-EDM-001,Western,Y,Credit,8,4,63.13
TXN-0009846,ST-EDM-001,Western,Y,Credit,8,4,63.51
TXN-0009847,ST-EDM-001,Western,Y,Mobile,4,2,31.02
TXN-0009848,ST-TOR-001,Central,Y,Credit,7,6,66.26
TXN-0009849,ST-TOR-001,Central,N,Credit,3,2,43.21
TXN-0009850,ST-TOR-001,Central,Y,Mobile,4,4,40.96
TXN-0009851,ST-TOR-001,Central,Y,Debit,1,1,5.38
TXN-0009852,ST-TOR-001,Central,N,Credit,3,3,37.14
TXN-0009853,ST-TOR-001,Central,N,Cash,2,2,7.30
TXN-0009854,ST-TOR-001,Central,Y,Credit,3,3,27.52
TXN-0009855,ST-TOR-001,Central,Y,Credit,6,3,83.62
TXN-0009856,ST-TOR-001,Central,N,Credit,2,2,20.34
TXN-0009857,ST-TOR-001,Central,Y,Credit,2,1,35.36
TXN-0009858,ST-TOR-001,Central,Y,Debit,6,4,27.00
TXN-0009859,ST-TOR-001,Central,N,Credit,8,5,54.05
TXN-0009860,ST-TOR-001,Central,Y,Credit,2,2,6.52
TXN-0009861,ST-TOR-001,Central,Y,Credit,6,3,72.24
TXN-0009862,ST-TOR-001,Central,Y,Credit,4,3,40.59
TXN-0009863,ST-TOR-001,Central,Y,Debit,4,3,38.88
TXN-0009864,ST-TOR-001,Central,N,Debit,1,1,5.29
TXN-0009865,ST-TOR-001,Central,Y,Mobile,2,2,25.66
TXN-0009866,ST-TOR-001,Central,Y,Credit,6,3,73.07
TXN-0009867,ST-TOR-001,Central,Y,Debit,7,4,93.15
TXN-0009868,ST-TOR-002,Central,Y,Cash,1,1,7.77
TXN-0009869,ST-TOR-002,Central,N,Credit,2,2,22.10
TXN-0009870,ST-TOR-002,Central,N,Debit,8,5,35.83
TXN-0009871,ST-TOR-002,Central,Y,Debit,5,3,42.71
TXN-0009872,ST-TOR-002,Central,Y,Debit,2,2,15.08
TXN-0009873,ST-TOR-002,Central,Y,Debit,8,5,105.50
TXN-0009874,ST-TOR-002,Central,N,Debit,10,6,79.44
TXN-0009875,ST-TOR-002,Central,Y,Debit,4,2,46.94
TXN-0009876,ST-TOR-002,Central,Y,Credit,5,5,48.51
TXN-0009877,ST-TOR-002,Central,N,Mobile,2,1,25.66
TXN-0009878,ST-TOR-002,Central,Y,Debit,5,5,43.98
TXN-0009879,ST-TOR-002,Central,Y,Mobile,5,3,63.93
TXN-0009880,ST-TOR-002,Central,N,Credit,4,3,51.98
TXN-0009881,ST-SCA-001,Central,N,Credit,6,3,58.43
TXN-0009882,ST-SCA-001,Central,Y,Cash,11,4,70.45
TXN-0009883,ST-SCA-001,Central,Y,Debit,7,4,46.67
TXN-0009884,ST-SCA-001,Central,Y,Credit,4,3,26.80
TXN-0009885,ST-SCA-001,Central,Y,Credit,5,2,29.49
TXN-0009886,ST-SCA-001,Central,Y,Mobile,4,4,35.56
TXN-0009887,ST-SCA-001,Central,Y,Mobile,2,2,22.30
TXN-0009888,ST-SCA-001,Central,Y,Credit,2,2,16.14
TXN-0009889,ST-SCA-001,Central,N,Debit,2,2,24.75
TXN-0009890,ST-SCA-001,Central,Y,Cash,1,1,12.01
TXN-0009891,ST-MIS-001,Central,N,Debit,4,2,37.33
TXN-0009892,ST-MIS-001,Central,Y,Debit,5,2,12.52
TXN-0009893,ST-MIS-001,Central,N,Credit,4,2,36.42
TXN-0009894,ST-MIS-001,Central,Y,Mobile,6,3,68.00
TXN-0009895,ST-MIS-001,Central,Y,Debit,3,3,34.36
TXN-0009896,ST-MIS-001,Central,N,Debit,2,2,28.29
TXN-0009897,ST-MIS-001,Central,N,Debit,13,6,105.56
TXN-0009898,ST-MIS-001,Central,Y,Credit,5,4,44.61
TXN-0009899,ST-MIS-001,Central,Y,Cash,1,1,5.50
TXN-0009900,ST-MIS-001,Central,Y,Debit,1,1,11.39
TXN-0009901,ST-MIS-001,Central,Y,Credit,5,3,49.47
TXN-0009902,ST-MIS-001,Central,N,Mobile,4,3,18.05
TXN-0009903,ST-MIS-001,Central,Y,Credit,3,2,32.56
TXN-0009904,ST-MIS-001,Central,N,Debit,11,5,59.70
TXN-0009905,ST-MIS-001,Central,Y,Cash,4,3,44.48
TXN-0009906,ST-MIS-001,Central,Y,Credit,3,1,22.29
TXN-0009907,ST-BRA-001,Central,Y,Debit,4,4,39.39
TXN-0009908,ST-BRA-001,Central,Y,Credit,4,4,29.31
TXN-0009909,ST-BRA-001,Central,Y,Debit,5,2,58.01
TXN-0009910,ST-BRA-001,Central,Y,Debit,3,2,32.51
TXN-0009911,ST-BRA-001,Central,Y,Credit,6,5,42.72
TXN-0009912,ST-BRA-001,Central,Y,Debit,9,5,72.76
TXN-0009913,ST-BRA-001,Central,N,Mobile,3,2,23.98
TXN-0009914,ST-BRA-001,Central,N,Credit,3,3,19.81
TXN-0009915,ST-BRA-001,Central,Y,Debit,4,3,38.66
TXN-0009916,ST-BRA-001,Central,Y,Debit,3,3,16.89
TXN-0009917,ST-BRA-001,Central,N,Debit,1,1,14.76
TXN-0009918,ST-BRA-001,Central,Y,Credit,7,7,51.45
TXN-0009919,ST-BRA-001,Central,Y,Credit,4,2,34.56
TXN-0009920,ST-BRA-001,Central,Y,Debit,4,2,25.83
TXN-0009921,ST-BRA-001,Central,Y,Credit,5,4,38.54
TXN-0009922,ST-BRA-001,Central,Y,Credit,4,3,13.15
TXN-0009923,ST-BRA-001,Central,N,Cash,6,4,64.72
TXN-0009924,ST-BRA-001,Central,Y,Credit,9,4,77.03
TXN-0009925,ST-BRA-001,Central,Y,Credit,2,1,10.70
TXN-0009926,ST-BRA-001,Central,Y,Debit,5,4,58.81
TXN-0009927,ST-HAM-001,Central,N,Debit,5,2,59.59
TXN-0009928,ST-HAM-001,Central,Y,Cash,7,4,55.50
TXN-0009929,ST-HAM-001,Central,Y,Debit,7,3,82.47
TXN-0009930,ST-HAM-001,Central,N,Cash,10,6,61.70
TXN-0009931,ST-HAM-001,Central,Y,Credit,3,3,20.08
TXN-0009932,ST-HAM-001,Central,N,Credit,3,1,46.65
TXN-0009933,ST-HAM-001,Central,N,Credit,4,2,45.08
TXN-0009934,ST-HAM-001,Central,Y,Debit,2,2,29.95
TXN-0009935,ST-HAM-001,Central,Y,Debit,2,2,8.74
TXN-0009936,ST-KIT-001,Central,Y,Credit,4,3,48.10
TXN-0009937,ST-KIT-001,Central,Y,Credit,4,3,35.99
TXN-0009938,ST-KIT-001,Central,N,Debit,5,3,49.32
TXN-0009939,ST-KIT-001,Central,N,Debit,6,4,30.76
TXN-0009940,ST-KIT-001,Central,Y,Credit,2,1,10.98
TXN-0009941,ST-KIT-001,Central,Y,Credit,1,1,10.82
TXN-0009942,ST-KIT-001,Central,Y,Cash,2,2,22.93
TXN-0009943,ST-KIT-001,Central,Y,Debit,2,2,31.27
TXN-0009944,ST-KIT-001,Central,N,Mobile,2,2,14.16
TXN-0009945,ST-KIT-001,Central,Y,Debit,3,2,47.09
TXN-0009946,ST-KIT-001,Central,Y,Credit,4,4,46.15
TXN-0009947,ST-KIT-001,Central,Y,Debit,2,1,6.86
TXN-0009948,ST-KIT-001,Central,Y,Credit,1,1,12.69
TXN-0009949,ST-KIT-001,Central,Y,Debit,7,4,72.42
TXN-0009950,ST-LON-001,Central,Y,Mobile,3,2,38.49
TXN-0009951,ST-LON-001,Central,Y,Mobile,2,2,18.35
TXN-0009952,ST-LON-001,Central,Y,Debit,4,3,47.79
TXN-0009953,ST-LON-001,Central,Y,Debit,6,3,83.20
TXN-0009954,ST-LON-001,Central,Y,Debit,7,5,72.00
TXN-0009955,ST-LON-001,Central,Y,Cash,3,3,34.01
TXN-0009956,ST-LON-001,Central,Y,Cash,6,3,89.63
TXN-0009957,ST-LON-001,Central,Y,Debit,3,2,42.71
TXN-0009958,ST-LON-001,Central,Y,Credit,1,1,13.44
TXN-0009959,ST-LON-001,Central,Y,Credit,4,3,27.40
TXN-0009960,ST-OTT-001,Eastern,N,Debit,9,6,62.57
TXN-0009961,ST-OTT-001,Eastern,Y,Debit,2,1,14.36
TXN-0009962,ST-OTT-001,Eastern,Y,Debit,4,3,48.55
TXN-0009963,ST-OTT-001,Eastern,Y,Cash,3,2,8.46
TXN-0009964,ST-OTT-001,Eastern,Y,Debit,1,1,15.40
TXN-0009965,ST-OTT-001,Eastern,Y,Debit,4,4,24.85
TXN-0009966,ST-OTT-001,Eastern,N,Debit,11,6,95.43
TXN-0009967,ST-OTT-001,Eastern,Y,Cash,14,7,180.63
TXN-0009968,ST-OTT-001,Eastern,N,Credit,4,3,41.95
TXN-0009969,ST-OTT-002,Eastern,N,Cash,4,3,42.65
TXN-0009970,ST-OTT-002,Eastern,Y,Cash,7,3,55.17
TXN-0009971,ST-OTT-002,Eastern,Y,Credit,4,3,46.95
TXN-0009972,ST-OTT-002,Eastern,Y,Credit,7,4,44.56
TXN-0009973,ST-CAL-001,Western,Y,Debit,3,2,16.78
TXN-0009974,ST-CAL-001,Western,Y,Credit,8,6,56.90
TXN-0009975,ST-CAL-001,Western,Y,Credit,2,1,27.04
TXN-0009976,ST-CAL-001,Western,N,Credit,6,2,63.63
TXN-0009977,ST-CAL-001,Western,Y,Credit,3,3,47.10
TXN-0009978,ST-CAL-001,Western,N,Credit,6,3,64.16
TXN-0009979,ST-CAL-001,Western,Y,Credit,6,3,58.42
TXN-0009980,ST-CAL-001,Western,N,Credit,4,2,54.46
TXN-0009981,ST-CAL-001,Western,Y,Credit,4,2,34.74
TXN-0009982,ST-CAL-001,Western,Y,Mobile,2,1,4.46
TXN-0009983,ST-EDM-001,Western,Y,Debit,4,2,31.77
TXN-0009984,ST-EDM-001,Western,Y,Credit,11,7,105.17
TXN-0009985,ST-EDM-001,Western,Y,Credit,3,2,34.70
TXN-0009986,ST-EDM-001,Western,Y,Debit,6,4,51.72
TXN-0009987,ST-EDM-001,Western,Y,Mobile,2,1,6.66
TXN-0009988,ST-EDM-001,Western,Y,Debit,2,1,10.64
TXN-0009989,ST-EDM-001,Western,N,Cash,4,3,53.46
TXN-0009990,ST-EDM-001,Western,Y,Debit,9,5,81.91
TXN-0009991,ST-EDM-001,Western,Y,Credit,3,3,23.65
TXN-0009992,ST-EDM-001,Western,Y,Cash,5,2,59.48
TXN-0009993,ST-EDM-001,Western,N,Cash,2,1,4.36
TXN-0009994,ST-EDM-001,Western,Y,Debit,3,3,31.91
TXN-0009995,ST-EDM-001,Western,Y,Debit,7,4,45.68
TXN-0009996,ST-EDM-001,Western,N,Debit,2,2,22.42
TXN-0009997,ST-EDM-001,Western,Y,Debit,5,4,52.41
TXN-0009998,ST-TOR-001,Central,Y,Debit,2,2,15.89
TXN-0009999,ST-TOR-001,Central,Y,Credit,7,3,60.15
TXN-0010000,ST-TOR-001,Central,Y,Credit,3,1,46.41
TXN-0010001,ST-TOR-001,Central,Y,Debit,3,2,23.40
TXN-0010002,ST-TOR-001,Central,Y,Credit,4,3,25.07
TXN-0010003,ST-TOR-001,Central,N,Debit,4,3,50.61
TXN-0010004,ST-TOR-001,Central,Y,Debit,5,3,43.72
TXN-0010005,ST-TOR-001,Central,Y,Debit,3,2,38.02
TXN-0010006,ST-TOR-001,Central,Y,Debit,4,3,31.75
TXN-0010007,ST-TOR-001,Central,Y,Debit,4,2,19.24
TXN-0010008,ST-TOR-001,Central,Y,Credit,6,4,47.96
TXN-0010009,ST-TOR-001,Central,Y,Debit,7,5,71.23
TXN-0010010,ST-TOR-001,Central,Y,Cash,5,2,68.90
TXN-0010011,ST-TOR-001,Central,Y,Credit,5,4,49.38
TXN-0010012,ST-TOR-001,Central,N,Cash,5,4,50.86
TXN-0010013,ST-TOR-001,Central,Y,Credit,2,1,4.62
TXN-0010014,ST-TOR-001,Central,N,Credit,11,7,126.84
TXN-0010015,ST-TOR-001,Central,Y,Debit,2,2,15.40
TXN-0010016,ST-TOR-001,Central,N,Credit,4,3,12.93
TXN-0010017,ST-TOR-001,Central,Y,Cash,3,2,33.95
TXN-0010018,ST-TOR-001,Central,Y,Debit,7,4,89.30
TXN-0010019,ST-TOR-002,Central,Y,Mobile,1,1,8.62
TXN-0010020,ST-TOR-002,Central,N,Credit,9,5,65.46
TXN-0010021,ST-TOR-002,Central,N,Mobile,3,2,24.19
TXN-0010022,ST-TOR-002,Central,Y,Debit,6,4,69.22
TXN-0010023,ST-TOR-002,Central,Y,Credit,2,2,25.85
TXN-0010024,ST-TOR-002,Central,Y,Credit,5,4,55.32
TXN-0010025,ST-TOR-002,Central,Y,Mobile,9,5,58.36
TXN-0010026,ST-TOR-002,Central,Y,Credit,6,4,68.65
TXN-0010027,ST-TOR-002,Central,N,Debit,6,4,71.29
TXN-0010028,ST-TOR-002,Central,N,Credit,3,3,23.72
TXN-0010029,ST-TOR-002,Central,Y,Credit,3,2,43.93
TXN-0010030,ST-TOR-002,Central,Y,Credit,6,3,77.08
TXN-0010031,ST-SCA-001,Central,Y,Debit,6,3,56.90
TXN-0010032,ST-SCA-001,Central,N,Credit,8,5,94.57
TXN-0010033,ST-SCA-001,Central,Y,Mobile,4,2,35.56
TXN-0010034,ST-SCA-001,Central,N,Credit,6,2,37.35
TXN-0010035,ST-SCA-001,Central,Y,Mobile,1,1,12.13
TXN-0010036,ST-SCA-001,Central,Y,Mobile,6,3,33.79
TXN-0010037,ST-MIS-001,Central,Y,Credit,1,1,2.52
TXN-0010038,ST-MIS-001,Central,Y,Debit,4,4,39.94
TXN-0010039,ST-MIS-001,Central,Y,Debit,5,3,64.21
TXN-0010040,ST-MIS-001,Central,N,Credit,3,2,12.73
TXN-0010041,ST-MIS-001,Central,Y,Credit,7,4,47.34
TXN-0010042,ST-MIS-001,Central,Y,Credit,4,2,50.78
TXN-0010043,ST-MIS-001,Central,N,Credit,2,2,7.27
TXN-0010044,ST-MIS-001,Central,N,Debit,4,3,18.53
TXN-0010045,ST-MIS-001,Central,Y,Credit,3,2,29.34
TXN-0010046,ST-MIS-001,Central,Y,Credit,5,5,50.83
TXN-0010047,ST-MIS-001,Central,Y,Credit,5,4,69.01
TXN-0010048,ST-MIS-001,Central,Y,Credit,2,2,30.54
TXN-0010049,ST-MIS-001,Central,Y,Debit,1,1,15.11
TXN-0010050,ST-MIS-001,Central,Y,Mobile,2,1,24.02
TXN-0010051,ST-MIS-001,Central,Y,Credit,6,3,20.46
TXN-0010052,ST-MIS-001,Central,N,Debit,5,4,56.30
TXN-0010053,ST-BRA-001,Central,Y,Credit,4,3,39.59
TXN-0010054,ST-BRA-001,Central,Y,Debit,3,3,29.74
TXN-0010055,ST-BRA-001,Central,Y,Debit,8,5,73.34
TXN-0010056,ST-BRA-001,Central,Y,Mobile,1,1,4.24
TXN-0010057,ST-BRA-001,Central,N,Cash,4,3,39.69
TXN-0010058,ST-BRA-001,Central,Y,Credit,5,2,33.93
TXN-0010059,ST-BRA-001,Central,Y,Credit,3,3,35.10
TXN-0010060,ST-BRA-001,Central,Y,Credit,3,2,42.85
TXN-0010061,ST-BRA-001,Central,Y,Debit,2,2,14.78
TXN-0010062,ST-BRA-001,Central,Y,Cash,3,3,15.11
TXN-0010063,ST-BRA-001,Central,N,Cash,5,3,70.15
TXN-0010064,ST-BRA-001,Central,Y,Cash,4,3,33.08
TXN-0010065,ST-BRA-001,Central,N,Debit,3,2,20.70
TXN-0010066,ST-BRA-001,Central,Y,Debit,5,3,61.68
TXN-0010067,ST-HAM-001,Central,N,Debit,4,3,31.75
TXN-0010068,ST-HAM-001,Central,Y,Debit,9,4,48.38
TXN-0010069,ST-HAM-001,Central,Y,Debit,3,3,18.27
TXN-0010070,ST-HAM-001,Central,N,Debit,7,4,77.79
TXN-0010071,ST-HAM-001,Central,N,Debit,2,2,21.20
TXN-0010072,ST-HAM-001,Central,Y,Debit,5,3,65.47
TXN-0010073,ST-HAM-001,Central,Y,Debit,4,3,37.35
TXN-0010074,ST-HAM-001,Central,N,Credit,4,3,43.17
TXN-0010075,ST-HAM-001,Central,Y,Credit,2,1,27.98
TXN-0010076,ST-HAM-001,Central,Y,Debit,6,3,73.88
TXN-0010077,ST-HAM-001,Central,Y,Cash,7,4,67.65
TXN-0010078,ST-HAM-001,Central,N,Debit,6,4,42.59
TXN-0010079,ST-HAM-001,Central,Y,Credit,7,3,51.51
TXN-0010080,ST-HAM-001,Central,Y,Credit,9,5,79.95
TXN-0010081,ST-HAM-001,Central,Y,Debit,2,2,14.63
TXN-0010082,ST-HAM-001,Central,Y,Credit,4,3,21.66
TXN-0010083,ST-KIT-001,Central,Y,Credit,4,3,42.36
TXN-0010084,ST-KIT-001,Central,Y,Debit,6,4,66.84
TXN-0010085,ST-KIT-001,Central,Y,Credit,2,2,21.34
TXN-0010086,ST-KIT-001,Central,N,Credit,4,4,38.97
TXN-0010087,ST-KIT-001,Central,Y,Debit,2,2,9.74
TXN-0010088,ST-KIT-001,Central,Y,Cash,6,5,78.21
TXN-0010089,ST-KIT-001,Central,N,Credit,4,4,41.83
TXN-0010090,ST-KIT-001,Central,N,Debit,4,4,44.77
TXN-0010091,ST-KIT-001,Central,Y,Debit,3,2,16.70
TXN-0010092,ST-KIT-001,Central,Y,Debit,1,1,4.26
TXN-0010093,ST-KIT-001,Central,Y,Debit,3,3,26.73
TXN-0010094,ST-LON-001,Central,Y,Debit,1,1,15.60
TXN-0010095,ST-LON-001,Central,N,Credit,5,3,43.49
TXN-0010096,ST-LON-001,Central,N,Credit,3,3,36.21
TXN-0010097,ST-LON-001,Central,N,Credit,9,4,81.04
TXN-0010098,ST-LON-001,Central,N,Debit,4,3,27.36
TXN-0010099,ST-LON-001,Central,Y,Mobile,5,3,28.61
TXN-0010100,ST-LON-001,Central,N,Debit,1,1,15.46
TXN-0010101,ST-LON-001,Central,Y,Credit,4,3,41.85
TXN-0010102,ST-LON-001,Central,N,Mobile,2,2,24.90
TXN-0010103,ST-LON-001,Central,N,Credit,4,3,41.75
TXN-0010104,ST-LON-001,Central,Y,Credit,5,3,65.81
TXN-0010105,ST-LON-001,Central,Y,Debit,5,3,63.20
TXN-0010106,ST-OTT-001,Eastern,N,Credit,10,4,90.82
TXN-0010107,ST-OTT-001,Eastern,N,Credit,7,6,99.16
TXN-0010108,ST-OTT-001,Eastern,Y,Debit,8,6,49.65
TXN-0010109,ST-OTT-001,Eastern,Y,Debit,2,1,30.54
TXN-0010110,ST-OTT-001,Eastern,N,Mobile,7,3,53.47
TXN-0010111,ST-OTT-001,Eastern,N,Cash,2,2,26.78
TXN-0010112,ST-OTT-001,Eastern,Y,Debit,2,1,6.42
TXN-0010113,ST-OTT-001,Eastern,Y,Credit,2,2,19.11
TXN-0010114,ST-OTT-001,Eastern,Y,Cash,12,7,115.07
TXN-0010115,ST-OTT-001,Eastern,Y,Debit,3,2,23.67
TXN-0010116,ST-OTT-002,Eastern,Y,Credit,5,3,56.67
TXN-0010117,ST-OTT-002,Eastern,N,Debit,5,4,51.01
TXN-0010118,ST-OTT-002,Eastern,N,Debit,2,1,12.20
TXN-0010119,ST-OTT-002,Eastern,Y,Credit,4,3,52.36
TXN-0010120,ST-OTT-002,Eastern,Y,Credit,7,5,34.46
TXN-0010121,ST-OTT-002,Eastern,Y,Debit,2,2,19.58
TXN-0010122,ST-OTT-002,Eastern,Y,Credit,2,2,29.32
TXN-0010123,ST-OTT-002,Eastern,N,Credit,3,3,20.89
TXN-0010124,ST-OTT-002,Eastern,Y,Credit,4,3,24.53
TXN-0010125,ST-OTT-002,Eastern,N,Mobile,3,2,34.70
TXN-0010126,ST-OTT-002,Eastern,Y,Debit,3,2,25.90
TXN-0010127,ST-OTT-002,Eastern,N,Mobile,7,2,104.29
TXN-0010128,ST-OTT-002,Eastern,Y,Debit,2,1,32.80
TXN-0010129,ST-OTT-002,Eastern,Y,Credit,4,3,37.45
TXN-0010130,ST-OTT-002,Eastern,Y,Debit,2,2,20.00
TXN-0010131,ST-CAL-001,Western,Y,Cash,3,1,48.99
TXN-0010132,ST-CAL-001,Western,Y,Cash,3,2,40.66
TXN-0010133,ST-CAL-001,Western,Y,Cash,5,3,58.77
TXN-0010134,ST-CAL-001,Western,Y,Debit,6,3,90.44
TXN-0010135,ST-CAL-001,Western,Y,Credit,4,3,30.31
TXN-0010136,ST-CAL-001,Western,N,Cash,6,4,39.20
TXN-0010137,ST-CAL-001,Western,N,Credit,10,3,68.23
TXN-0010138,ST-CAL-001,Western,Y,Credit,6,3,26.60
TXN-0010139,ST-CAL-001,Western,Y,Credit,8,4,61.32
TXN-0010140,ST-EDM-001,Western,Y,Mobile,3,2,41.02
TXN-0010141,ST-EDM-001,Western,Y,Credit,4,3,34.23
TXN-0010142,ST-EDM-001,Western,Y,Credit,9,6,64.86
TXN-0010143,ST-EDM-001,Western,N,Debit,3,2,43.23
TXN-0010144,ST-EDM-001,Western,Y,Debit,4,4,16.59
TXN-0010145,ST-EDM-001,Western,Y,Debit,7,3,63.12
TXN-0010146,ST-EDM-001,Western,Y,Cash,3,2,23.55
TXN-0010147,ST-EDM-001,Western,Y,Debit,13,6,128.73
TXN-0010148,ST-EDM-001,Western,N,Debit,9,7,82.50
TXN-0010149,ST-EDM-001,Western,Y,Credit,7,5,66.73
TXN-0010150,ST-TOR-001,Central,N,Cash,2,1,35.36
TXN-0010151,ST-TOR-001,Central,Y,Credit,5,3,31.44
TXN-0010152,ST-TOR-001,Central,Y,Debit,3,2,28.09
TXN-0010153,ST-TOR-001,Central,N,Credit,3,2,26.67
TXN-0010154,ST-TOR-001,Central,Y,Credit,2,1,23.68
TXN-0010155,ST-TOR-001,Central,Y,Cash,3,2,18.73
TXN-0010156,ST-TOR-001,Central,N,Credit,9,6,78.81
TXN-0010157,ST-TOR-001,Central,Y,Credit,6,3,63.01
TXN-0010158,ST-TOR-001,Central,Y,Credit,6,4,52.88
TXN-0010159,ST-TOR-001,Central,Y,Credit,6,5,48.15
TXN-0010160,ST-TOR-001,Central,Y,Debit,3,2,25.04
TXN-0010161,ST-TOR-001,Central,N,Credit,5,2,45.80
TXN-0010162,ST-TOR-001,Central,Y,Debit,4,2,45.51
TXN-0010163,ST-TOR-001,Central,Y,Credit,3,2,30.18
TXN-0010164,ST-TOR-001,Central,Y,Debit,3,3,12.70
TXN-0010165,ST-TOR-001,Central,Y,Mobile,2,2,21.84
TXN-0010166,ST-TOR-001,Central,Y,Credit,1,1,11.48
TXN-0010167,ST-TOR-002,Central,Y,Credit,5,4,37.45
TXN-0010168,ST-TOR-002,Central,Y,Debit,2,2,8.21
TXN-0010169,ST-TOR-002,Central,Y,Credit,9,6,78.74
TXN-0010170,ST-TOR-002,Central,N,Debit,4,2,12.87
TXN-0010171,ST-TOR-002,Central,Y,Mobile,3,2,17.25
TXN-0010172,ST-TOR-002,Central,N,Debit,6,3,62.67
TXN-0010173,ST-TOR-002,Central,N,Debit,3,2,31.58
TXN-0010174,ST-TOR-002,Central,Y,Cash,6,4,78.73
TXN-0010175,ST-TOR-002,Central,N,Cash,2,1,6.42
TXN-0010176,ST-TOR-002,Central,N,Credit,4,2,20.80
TXN-0010177,ST-TOR-002,Central,Y,Debit,6,4,60.13
TXN-0010178,ST-TOR-002,Central,Y,Debit,3,2,25.63
TXN-0010179,ST-SCA-001,Central,Y,Credit,7,4,98.01
TXN-0010180,ST-SCA-001,Central,N,Cash,5,4,40.06
TXN-0010181,ST-SCA-001,Central,Y,Cash,4,2,42.81
TXN-0010182,ST-SCA-001,Central,N,Debit,14,7,97.53
TXN-0010183,ST-SCA-001,Central,N,Credit,5,3,60.08
TXN-0010184,ST-SCA-001,Central,N,Debit,1,1,10.92
TXN-0010185,ST-SCA-001,Central,N,Debit,1,1,6.36
TXN-0010186,ST-SCA-001,Central,N,Debit,2,2,10.15
TXN-0010187,ST-SCA-001,Central,Y,Credit,3,3,25.74
TXN-0010188,ST-SCA-001,Central,Y,Debit,1,1,3.37
TXN-0010189,ST-SCA-001,Central,Y,Credit,4,3,52.58
TXN-0010190,ST-MIS-001,Central,Y,Cash,7,3,16.25
TXN-0010191,ST-MIS-001,Central,N,Cash,6,5,55.68
TXN-0010192,ST-MIS-001,Central,Y,Debit,7,6,83.92
TXN-0010193,ST-MIS-001,Central,N,Debit,7,3,58.33
TXN-0010194,ST-MIS-001,Central,Y,Debit,3,3,37.09
TXN-0010195,ST-MIS-001,Central,Y,Debit,2,2,15.33
TXN-0010196,ST-MIS-001,Central,N,Credit,8,4,64.98
TXN-0010197,ST-MIS-001,Central,Y,Debit,3,2,37.03
TXN-0010198,ST-MIS-001,Central,N,Credit,3,2,50.36
TXN-0010199,ST-MIS-001,Central,N,Cash,8,4,68.03
TXN-0010200,ST-MIS-001,Central,N,Debit,3,3,29.11
TXN-0010201,ST-MIS-001,Central,N,Debit,3,2,34.30
TXN-0010202,ST-MIS-001,Central,Y,Debit,3,3,13.84
TXN-0010203,ST-MIS-001,Central,N,Credit,5,4,34.78
TXN-0010204,ST-MIS-001,Central,Y,Debit,4,4,34.09
TXN-0010205,ST-MIS-001,Central,Y,Credit,3,2,34.55
TXN-0010206,ST-MIS-001,Central,Y,Credit,4,2,53.46
TXN-0010207,ST-MIS-001,Central,Y,Credit,1,1,5.39
TXN-0010208,ST-MIS-001,Central,N,Credit,4,2,64.22
TXN-0010209,ST-MIS-001,Central,Y,Credit,3,2,17.28
TXN-0010210,ST-BRA-001,Central,N,Credit,5,5,50.84
TXN-0010211,ST-BRA-001,Central,N,Debit,4,3,44.50
TXN-0010212,ST-BRA-001,Central,Y,Credit,5,3,49.21
TXN-0010213,ST-BRA-001,Central,Y,Debit,5,2,61.15
TXN-0010214,ST-BRA-001,Central,Y,Debit,8,4,64.13
TXN-0010215,ST-BRA-001,Central,N,Debit,4,2,47.07
TXN-0010216,ST-BRA-001,Central,Y,Mobile,9,7,93.49
TXN-0010217,ST-BRA-001,Central,Y,Mobile,7,4,87.03
TXN-0010218,ST-BRA-001,Central,Y,Credit,3,3,33.62
TXN-0010219,ST-BRA-001,Central,Y,Credit,4,3,46.26
TXN-0010220,ST-BRA-001,Central,N,Credit,1,1,15.79
TXN-0010221,ST-BRA-001,Central,Y,Credit,3,3,26.85
TXN-0010222,ST-BRA-001,Central,N,Debit,7,4,82.08
TXN-0010223,ST-BRA-001,Central,N,Cash,4,3,51.26
TXN-0010224,ST-BRA-001,Central,N,Debit,3,3,26.04
TXN-0010225,ST-BRA-001,Central,N,Credit,3,3,30.06
TXN-0010226,ST-BRA-001,Central,N,Debit,8,6,89.00
TXN-0010227,ST-BRA-001,Central,Y,Credit,3,3,30.56
TXN-0010228,ST-HAM-001,Central,Y,Debit,7,3,96.53
TXN-0010229,ST-HAM-001,Central,Y,Mobile,5,4,46.09
TXN-0010230,ST-HAM-001,Central,N,Debit,5,3,37.13
TXN-0010231,ST-HAM-001,Central,Y,Debit,1,1,11.62
TXN-0010232,ST-HAM-001,Central,N,Debit,10,6,88.39
TXN-0010233,ST-HAM-001,Central,Y,Mobile,3,2,36.70
TXN-0010234,ST-KIT-001,Central,Y,Debit,2,2,23.53
TXN-0010235,ST-KIT-001,Central,Y,Debit,5,3,43.88
TXN-0010236,ST-KIT-001,Central,Y,Cash,10,5,66.66
TXN-0010237,ST-KIT-001,Central,Y,Debit,3,3,27.00
TXN-0010238,ST-KIT-001,Central,N,Credit,4,2,18.75
TXN-0010239,ST-KIT-001,Central,Y,Debit,6,4,41.25
TXN-0010240,ST-LON-001,Central,N,Credit,10,7,96.69
TXN-0010241,ST-LON-001,Central,Y,Credit,4,3,31.33
TXN-0010242,ST-LON-001,Central,N,Cash,3,2,43.09
TXN-0010243,ST-LON-001,Central,N,Credit,1,1,2.13
TXN-0010244,ST-LON-001,Central,N,Debit,11,7,140.35
TXN-0010245,ST-LON-001,Central,N,Credit,5,4,31.44
TXN-0010246,ST-OTT-001,Eastern,Y,Credit,1,1,5.43
TXN-0010247,ST-OTT-001,Eastern,N,Cash,1,1,15.34
TXN-0010248,ST-OTT-001,Eastern,Y,Debit,6,4,60.90
TXN-0010249,ST-OTT-001,Eastern,Y,Credit,5,3,21.11
TXN-0010250,ST-OTT-001,Eastern,N,Debit,4,3,43.25
TXN-0010251,ST-OTT-001,Eastern,Y,Credit,6,3,78.70
TXN-0010252,ST-OTT-001,Eastern,Y,Credit,5,2,31.09
TXN-0010253,ST-OTT-001,Eastern,Y,Credit,3,3,33.99
TXN-0010254,ST-OTT-001,Eastern,Y,Credit,5,3,36.94
TXN-0010255,ST-OTT-001,Eastern,Y,Debit,6,3,45.36
TXN-0010256,ST-OTT-001,Eastern,Y,Debit,2,2,16.88
TXN-0010257,ST-OTT-001,Eastern,Y,Mobile,1,1,14.40
TXN-0010258,ST-OTT-001,Eastern,Y,Credit,7,6,70.45
TXN-0010259,ST-OTT-001,Eastern,Y,Credit,5,3,56.49
TXN-0010260,ST-OTT-002,Eastern,N,Debit,6,5,76.27
TXN-0010261,ST-OTT-002,Eastern,Y,Credit,8,6,55.81
TXN-0010262,ST-OTT-002,Eastern,Y,Credit,2,2,9.40
TXN-0010263,ST-OTT-002,Eastern,Y,Credit,11,6,88.79
TXN-0010264,ST-CAL-001,Western,Y,Credit,11,4,127.72
TXN-0010265,ST-CAL-001,Western,N,Debit,1,1,5.34
TXN-0010266,ST-CAL-001,Western,N,Credit,5,3,52.88
TXN-0010267,ST-CAL-001,Western,Y,Debit,8,4,42.75
TXN-0010268,ST-CAL-001,Western,Y,Credit,3,2,28.72
TXN-0010269,ST-CAL-001,Western,Y,Debit,2,2,21.07
TXN-0010270,ST-CAL-001,Western,N,Debit,5,3,44.91
TXN-0010271,ST-CAL-001,Western,N,Credit,3,2,18.68
TXN-0010272,ST-CAL-001,Western,Y,Credit,3,2,19.00
TXN-0010273,ST-EDM-001,Western,Y,Credit,5,4,54.12
TXN-0010274,ST-EDM-001,Western,N,Credit,1,1,1.91
TXN-0010275,ST-EDM-001,Western,Y,Credit,1,1,13.73
TXN-0010276,ST-EDM-001,Western,Y,Cash,4,2,17.58
TXN-0010277,ST-EDM-001,Western,Y,Credit,4,3,13.15
TXN-0010278,ST-EDM-001,Western,N,Debit,3,3,41.28
TXN-0010279,ST-EDM-001,Western,N,Credit,4,4,50.44
TXN-0010280,ST-EDM-001,Western,N,Debit,6,3,75.93
TXN-0010281,ST-EDM-001,Western,Y,Cash,11,4,95.68
TXN-0010282,ST-EDM-001,Western,Y,Credit,5,4,27.62
TXN-0010283,ST-EDM-001,Western,Y,Debit,4,3,31.24
TXN-0010284,ST-EDM-001,Western,N,Debit,8,3,74.39
TXN-0010285,ST-EDM-001,Western,Y,Debit,3,2,12.06
TXN-0010286,ST-EDM-001,Western,Y,Debit,4,3,23.84
TXN-0010287,ST-EDM-001,Western,N,Debit,6,4,58.61
TXN-0010288,ST-EDM-001,Western,Y,Credit,5,5,64.83
TXN-0010289,ST-TOR-001,Central,Y,Cash,3,2,39.96
TXN-0010290,ST-TOR-001,Central,Y,Credit,2,1,24.94
TXN-0010291,ST-TOR-001,Central,Y,Debit,7,4,40.70
TXN-0010292,ST-TOR-001,Central,Y,Debit,4,3,18.20
TXN-0010293,ST-TOR-001,Central,N,Debit,2,2,24.20
TXN-0010294,ST-TOR-001,Central,Y,Credit,3,2,21.32
TXN-0010295,ST-TOR-001,Central,Y,Credit,6,3,44.97
TXN-0010296,ST-TOR-001,Central,Y,Credit,6,3,87.11
TXN-0010297,ST-TOR-001,Central,Y,Debit,12,6,130.13
TXN-0010298,ST-TOR-001,Central,N,Cash,3,2,38.80
TXN-0010299,ST-TOR-001,Central,Y,Cash,6,3,81.80
TXN-0010300,ST-TOR-001,Central,Y,Cash,3,3,42.85
TXN-0010301,ST-TOR-001,Central,N,Credit,3,3,28.37
TXN-0010302,ST-TOR-001,Central,N,Credit,8,5,61.18
TXN-0010303,ST-TOR-001,Central,N,Debit,5,4,65.79
TXN-0010304,ST-TOR-002,Central,Y,Debit,1,1,11.90
TXN-0010305,ST-TOR-002,Central,Y,Mobile,5,4,43.14
TXN-0010306,ST-TOR-002,Central,N,Credit,5,3,59.42
TXN-0010307,ST-TOR-002,Central,Y,Debit,2,1,14.68
TXN-0010308,ST-TOR-002,Central,Y,Credit,3,2,14.05
TXN-0010309,ST-TOR-002,Central,Y,Credit,1,1,7.19
TXN-0010310,ST-TOR-002,Central,Y,Cash,3,3,30.42
TXN-0010311,ST-TOR-002,Central,Y,Debit,10,7,67.68
TXN-0010312,ST-TOR-002,Central,N,Credit,1,1,6.52
TXN-0010313,ST-TOR-002,Central,Y,Debit,1,1,12.25
TXN-0010314,ST-TOR-002,Central,Y,Debit,10,6,119.10
TXN-0010315,ST-SCA-001,Central,Y,Debit,3,1,9.99
TXN-0010316,ST-SCA-001,Central,Y,Cash,3,3,35.13
TXN-0010317,ST-SCA-001,Central,Y,Cash,4,2,42.30
TXN-0010318,ST-SCA-001,Central,Y,Debit,2,1,6.24
TXN-0010319,ST-SCA-001,Central,Y,Cash,3,2,14.13
TXN-0010320,ST-SCA-001,Central,N,Credit,2,2,22.08
TXN-0010321,ST-SCA-001,Central,Y,Cash,6,3,58.92
TXN-0010322,ST-SCA-001,Central,Y,Debit,8,3,57.17
TXN-0010323,ST-SCA-001,Central,Y,Credit,1,1,5.34
TXN-0010324,ST-SCA-001,Central,Y,Credit,9,5,76.21
TXN-0010325,ST-SCA-001,Central,Y,Credit,5,3,36.81
TXN-0010326,ST-MIS-001,Central,N,Debit,8,4,49.05
TXN-0010327,ST-MIS-001,Central,N,Credit,5,3,15.31
TXN-0010328,ST-MIS-001,Central,Y,Credit,2,1,27.74
TXN-0010329,ST-MIS-001,Central,Y,Debit,7,5,45.84
TXN-0010330,ST-MIS-001,Central,N,Credit,7,5,65.25
TXN-0010331,ST-MIS-001,Central,Y,Debit,2,2,4.99
TXN-0010332,ST-MIS-001,Central,Y,Debit,3,2,26.67
TXN-0010333,ST-MIS-001,Central,Y,Credit,1,1,13.80
TXN-0010334,ST-MIS-001,Central,N,Debit,12,6,83.47
TXN-0010335,ST-MIS-001,Central,Y,Cash,8,4,54.65
TXN-0010336,ST-MIS-001,Central,Y,Debit,9,5,70.74
TXN-0010337,ST-MIS-001,Central,Y,Credit,3,2,27.98
TXN-0010338,ST-BRA-001,Central,Y,Credit,3,2,29.03
TXN-0010339,ST-BRA-001,Central,N,Debit,3,3,15.54
TXN-0010340,ST-BRA-001,Central,N,Debit,3,3,21.08
TXN-0010341,ST-BRA-001,Central,Y,Credit,4,3,48.74
TXN-0010342,ST-HAM-001,Central,Y,Mobile,5,4,59.60
TXN-0010343,ST-HAM-001,Central,Y,Debit,10,6,62.10
TXN-0010344,ST-HAM-001,Central,N,Credit,2,2,5.67
TXN-0010345,ST-HAM-001,Central,N,Mobile,4,3,21.98
TXN-0010346,ST-HAM-001,Central,N,Cash,4,2,18.94
TXN-0010347,ST-HAM-001,Central,Y,Credit,4,3,48.92
TXN-0010348,ST-HAM-001,Central,Y,Credit,3,2,13.07
TXN-0010349,ST-HAM-001,Central,Y,Credit,4,3,25.67
TXN-0010350,ST-HAM-001,Central,Y,Debit,7,4,54.91
TXN-0010351,ST-KIT-001,Central,Y,Debit,4,4,42.35
TXN-0010352,ST-KIT-001,Central,Y,Debit,3,2,17.29
TXN-0010353,ST-KIT-001,Central,Y,Credit,2,1,25.00
TXN-0010354,ST-KIT-001,Central,N,Debit,4,4,43.79
TXN-0010355,ST-KIT-001,Central,Y,Debit,1,1,8.43
TXN-0010356,ST-KIT-001,Central,Y,Credit,5,3,63.22
TXN-0010357,ST-KIT-001,Central,N,Debit,5,5,38.02
TXN-0010358,ST-KIT-001,Central,Y,Credit,4,4,28.10
TXN-0010359,ST-KIT-001,Central,N,Debit,1,1,11.68
TXN-0010360,ST-KIT-001,Central,Y,Debit,6,5,66.12
TXN-0010361,ST-KIT-001,Central,N,Credit,7,5,71.75
TXN-0010362,ST-KIT-001,Central,Y,Debit,7,6,73.27
TXN-0010363,ST-KIT-001,Central,Y,Cash,6,4,55.06
TXN-0010364,ST-LON-001,Central,N,Debit,7,4,32.87
TXN-0010365,ST-LON-001,Central,Y,Cash,2,2,21.81
TXN-0010366,ST-LON-001,Central,Y,Credit,2,1,10.18
TXN-0010367,ST-LON-001,Central,Y,Credit,4,2,50.44
TXN-0010368,ST-LON-001,Central,Y,Debit,5,3,37.23
TXN-0010369,ST-LON-001,Central,Y,Cash,4,4,40.49
TXN-0010370,ST-LON-001,Central,N,Credit,5,2,35.14
TXN-0010371,ST-LON-001,Central,N,Debit,5,3,15.85
TXN-0010372,ST-LON-001,Central,N,Debit,8,5,41.58
TXN-0010373,ST-LON-001,Central,N,Credit,7,4,47.35
TXN-0010374,ST-LON-001,Central,Y,Cash,4,2,11.76
TXN-0010375,ST-LON-001,Central,N,Credit,11,7,99.36
TXN-0010376,ST-OTT-001,Eastern,Y,Cash,7,4,52.68
TXN-0010377,ST-OTT-001,Eastern,Y,Credit,9,5,111.74
TXN-0010378,ST-OTT-001,Eastern,Y,Debit,5,3,44.05
TXN-0010379,ST-OTT-001,Eastern,N,Debit,2,2,24.27
TXN-0010380,ST-OTT-001,Eastern,Y,Debit,3,1,21.42
TXN-0010381,ST-OTT-001,Eastern,N,Cash,3,3,12.47
TXN-0010382,ST-OTT-001,Eastern,N,Credit,6,4,42.23
TXN-0010383,ST-OTT-001,Eastern,Y,Credit,4,2,41.35
TXN-0010384,ST-OTT-001,Eastern,Y,Debit,5,4,36.28
TXN-0010385,ST-OTT-001,Eastern,Y,Cash,2,2,21.07
TXN-0010386,ST-OTT-001,Eastern,Y,Credit,1,1,15.63
TXN-0010387,ST-OTT-001,Eastern,Y,Cash,1,1,11.34
TXN-0010388,ST-OTT-001,Eastern,Y,Credit,6,3,44.10
TXN-0010389,ST-OTT-001,Eastern,N,Debit,6,4,50.96
TXN-0010390,ST-OTT-001,Eastern,Y,Debit,1,1,15.79
TXN-0010391,ST-OTT-001,Eastern,N,Debit,8,5,83.24
TXN-0010392,ST-OTT-001,Eastern,Y,Cash,6,3,29.42
TXN-0010393,ST-OTT-002,Eastern,N,Debit,7,4,68.72
TXN-0010394,ST-OTT-002,Eastern,Y,Credit,4,2,18.16
TXN-0010395,ST-OTT-002,Eastern,Y,Cash,5,2,58.37
TXN-0010396,ST-OTT-002,Eastern,Y,Credit,3,2,32.89
TXN-0010397,ST-OTT-002,Eastern,Y,Credit,4,4,34.67
TXN-0010398,ST-OTT-002,Eastern,Y,Mobile,7,5,60.96
TXN-0010399,ST-OTT-002,Eastern,N,Mobile,11,5,156.76
TXN-0010400,ST-OTT-002,Eastern,N,Cash,3,2,40.66
TXN-0010401,ST-CAL-001,Western,N,Debit,4,3,16.63
TXN-0010402,ST-CAL-001,Western,Y,Credit,2,1,14.88
TXN-0010403,ST-CAL-001,Western,Y,Credit,4,3,24.69
TXN-0010404,ST-CAL-001,Western,N,Credit,2,2,10.09
TXN-0010405,ST-CAL-001,Western,Y,Credit,5,3,51.75
TXN-0010406,ST-CAL-001,Western,N,Credit,7,2,48.63
TXN-0010407,ST-CAL-001,Western,N,Debit,2,1,17.12
TXN-0010408,ST-CAL-001,Western,Y,Cash,2,1,13.22
TXN-0010409,ST-CAL-001,Western,N,Debit,8,4,86.69
TXN-0010410,ST-CAL-001,Western,Y,Mobile,7,4,68.40
TXN-0010411,ST-CAL-001,Western,Y,Cash,4,3,52.74
TXN-0010412,ST-CAL-001,Western,Y,Debit,5,3,43.12
TXN-0010413,ST-CAL-001,Western,Y,Debit,5,4,26.42
TXN-0010414,ST-CAL-001,Western,Y,Debit,7,3,68.55
TXN-0010415,ST-CAL-001,Western,Y,Credit,1,1,3.31
TXN-0010416,ST-CAL-001,Western,Y,Credit,1,1,7.43
TXN-0010417,ST-CAL-001,Western,Y,Credit,6,2,76.06
TXN-0010418,ST-CAL-001,Western,N,Credit,6,3,43.02
TXN-0010419,ST-CAL-001,Western,N,Debit,1,1,16.46
TXN-0010420,ST-EDM-001,Western,Y,Credit,9,4,86.77
TXN-0010421,ST-EDM-001,Western,Y,Debit,3,1,10.26
TXN-0010422,ST-EDM-001,Western,N,Credit,2,2,21.68
TXN-0010423,ST-EDM-001,Western,Y,Credit,4,4,40.96
TXN-0010424,ST-EDM-001,Western,Y,Credit,3,3,13.92
TXN-0010425,ST-EDM-001,Western,Y,Credit,6,4,58.82
TXN-0010426,ST-EDM-001,Western,Y,Mobile,1,1,2.24
TXN-0010427,ST-EDM-001,Western,Y,Credit,5,4,48.34
TXN-0010428,ST-EDM-001,Western,Y,Credit,3,2,21.46
TXN-0010429,ST-TOR-001,Central,N,Credit,3,2,17.21
TXN-0010430,ST-TOR-001,Central,N,Credit,4,4,52.96
TXN-0010431,ST-TOR-001,Central,Y,Debit,9,6,80.65
TXN-0010432,ST-TOR-001,Central,Y,Mobile,9,5,61.38
TXN-0010433,ST-TOR-001,Central,N,Mobile,3,2,9.02
TXN-0010434,ST-TOR-001,Central,Y,Credit,2,2,11.92
TXN-0010435,ST-TOR-001,Central,Y,Credit,2,2,16.76
TXN-0010436,ST-TOR-001,Central,Y,Mobile,4,3,41.97
TXN-0010437,ST-TOR-001,Central,N,Debit,3,2,48.24
TXN-0010438,ST-TOR-001,Central,N,Debit,2,1,27.76
TXN-0010439,ST-TOR-001,Central,Y,Credit,4,3,46.32
TXN-0010440,ST-TOR-001,Central,Y,Credit,3,2,17.20
TXN-0010441,ST-TOR-001,Central,Y,Debit,6,4,21.88
TXN-0010442,ST-TOR-001,Central,N,Credit,10,6,106.54
TXN-0010443,ST-TOR-001,Central,Y,Credit,1,1,8.00
TXN-0010444,ST-TOR-002,Central,N,Credit,2,2,25.07
TXN-0010445,ST-TOR-002,Central,Y,Debit,4,3,51.61
TXN-0010446,ST-TOR-002,Central,Y,Debit,1,1,15.46
TXN-0010447,ST-TOR-002,Central,Y,Debit,4,4,40.30
TXN-0010448,ST-TOR-002,Central,Y,Debit,6,5,53.68
TXN-0010449,ST-TOR-002,Central,Y,Credit,4,3,23.83
TXN-0010450,ST-TOR-002,Central,Y,Debit,3,2,35.84
TXN-0010451,ST-TOR-002,Central,Y,Cash,5,3,60.37
TXN-0010452,ST-TOR-002,Central,Y,Mobile,6,4,27.00
TXN-0010453,ST-TOR-002,Central,Y,Mobile,1,1,15.68
TXN-0010454,ST-TOR-002,Central,N,Credit,2,2,10.71
TXN-0010455,ST-TOR-002,Central,Y,Debit,12,6,106.59
TXN-0010456,ST-TOR-002,Central,Y,Debit,9,5,107.12
TXN-0010457,ST-TOR-002,Central,Y,Debit,6,5,54.21
TXN-0010458,ST-SCA-001,Central,Y,Credit,5,4,32.17
TXN-0010459,ST-SCA-001,Central,N,Mobile,4,2,20.66
TXN-0010460,ST-SCA-001,Central,Y,Credit,5,4,62.09
TXN-0010461,ST-SCA-001,Central,Y,Credit,2,2,18.81
TXN-0010462,ST-SCA-001,Central,N,Debit,3,2,18.05
TXN-0010463,ST-SCA-001,Central,Y,Credit,5,3,63.95
TXN-0010464,ST-SCA-001,Central,Y,Debit,2,1,15.48
TXN-0010465,ST-SCA-001,Central,Y,Cash,1,1,5.36
TXN-0010466,ST-MIS-001,Central,Y,Credit,4,3,57.42
TXN-0010467,ST-MIS-001,Central,N,Credit,2,1,9.80
TXN-0010468,ST-MIS-001,Central,Y,Debit,1,1,14.84
TXN-0010469,ST-MIS-001,Central,Y,Cash,8,5,42.34
TXN-0010470,ST-MIS-001,Central,Y,Debit,6,4,48.19
TXN-0010471,ST-MIS-001,Central,Y,Cash,4,4,30.49
TXN-0010472,ST-MIS-001,Central,N,Credit,6,4,26.87
TXN-0010473,ST-MIS-001,Central,N,Debit,3,2,26.67
TXN-0010474,ST-MIS-001,Central,Y,Debit,4,2,45.49
TXN-0010475,ST-MIS-001,Central,N,Cash,2,2,19.82
TXN-0010476,ST-MIS-001,Central,Y,Credit,4,3,29.67
TXN-0010477,ST-MIS-001,Central,Y,Debit,4,4,40.74
TXN-0010478,ST-MIS-001,Central,Y,Credit,2,2,14.57
TXN-0010479,ST-MIS-001,Central,N,Cash,5,4,55.96
TXN-0010480,ST-BRA-001,Central,Y,Mobile,2,2,32.96
TXN-0010481,ST-BRA-001,Central,Y,Debit,4,4,29.43
TXN-0010482,ST-BRA-001,Central,N,Debit,2,1,31.70
TXN-0010483,ST-BRA-001,Central,Y,Credit,4,2,27.31
TXN-0010484,ST-BRA-001,Central,Y,Debit,10,6,77.42
TXN-0010485,ST-BRA-001,Central,Y,Credit,1,1,8.78
TXN-0010486,ST-BRA-001,Central,Y,Credit,6,4,65.25
TXN-0010487,ST-BRA-001,Central,Y,Debit,6,3,68.11
TXN-0010488,ST-BRA-001,Central,Y,Credit,9,6,99.39
TXN-0010489,ST-HAM-001,Central,Y,Debit,5,5,40.65
TXN-0010490,ST-HAM-001,Central,Y,Debit,7,4,76.35
TXN-0010491,ST-HAM-001,Central,Y,Credit,3,2,32.44
TXN-0010492,ST-HAM-001,Central,Y,Cash,6,5,40.69
TXN-0010493,ST-HAM-001,Central,Y,Debit,2,1,3.90
TXN-0010494,ST-HAM-001,Central,Y,Debit,4,3,33.84
TXN-0010495,ST-HAM-001,Central,N,Debit,8,3,84.98
TXN-0010496,ST-HAM-001,Central,Y,Debit,5,3,49.17
TXN-0010497,ST-HAM-001,Central,Y,Debit,9,5,95.50
TXN-0010498,ST-HAM-001,Central,N,Cash,5,4,42.69
TXN-0010499,ST-HAM-001,Central,Y,Credit,2,2,30.29
TXN-0010500,ST-KIT-001,Central,Y,Debit,1,1,5.01
TXN-0010501,ST-KIT-001,Central,N,Cash,4,3,22.32
TXN-0010502,ST-KIT-001,Central,Y,Credit,1,1,12.32
TXN-0010503,ST-KIT-001,Central,N,Credit,4,4,39.73
TXN-0010504,ST-KIT-001,Central,Y,Credit,3,2,19.69
TXN-0010505,ST-KIT-001,Central,Y,Cash,5,5,52.73
TXN-0010506,ST-LON-001,Central,N,Credit,4,2,45.98
TXN-0010507,ST-LON-001,Central,Y,Cash,6,4,77.03
TXN-0010508,ST-LON-001,Central,Y,Credit,7,3,61.03
TXN-0010509,ST-LON-001,Central,Y,Debit,4,2,42.60
TXN-0010510,ST-LON-001,Central,Y,Debit,6,4,54.12
TXN-0010511,ST-LON-001,Central,Y,Debit,1,1,2.28
TXN-0010512,ST-LON-001,Central,Y,Debit,2,2,24.70
TXN-0010513,ST-LON-001,Central,N,Debit,8,3,109.74
TXN-0010514,ST-LON-001,Central,Y,Debit,6,3,54.71
TXN-0010515,ST-LON-001,Central,Y,Cash,2,2,5.65
TXN-0010516,ST-LON-001,Central,Y,Cash,2,2,12.69
TXN-0010517,ST-LON-001,Central,Y,Mobile,5,3,58.47
TXN-0010518,ST-OTT-001,Eastern,Y,Debit,3,3,15.90
TXN-0010519,ST-OTT-001,Eastern,Y,Debit,7,4,50.32
TXN-0010520,ST-OTT-001,Eastern,Y,Credit,4,3,43.14
TXN-0010521,ST-OTT-001,Eastern,Y,Debit,3,3,29.17
TXN-0010522,ST-OTT-001,Eastern,Y,Credit,4,3,16.52
TXN-0010523,ST-OTT-001,Eastern,Y,Debit,9,4,96.49
TXN-0010524,ST-OTT-001,Eastern,Y,Debit,3,3,32.32
TXN-0010525,ST-OTT-001,Eastern,N,Credit,3,2,20.83
TXN-0010526,ST-OTT-001,Eastern,N,Debit,3,2,37.50
TXN-0010527,ST-OTT-001,Eastern,Y,Debit,7,4,40.00
TXN-0010528,ST-OTT-001,Eastern,N,Debit,4,2,39.70
TXN-0010529,ST-OTT-001,Eastern,Y,Debit,1,1,11.12
TXN-0010530,ST-OTT-001,Eastern,N,Credit,7,4,52.76
TXN-0010531,ST-OTT-001,Eastern,N,Credit,3,2,28.83
TXN-0010532,ST-OTT-001,Eastern,Y,Debit,1,1,17.45
TXN-0010533,ST-OTT-002,Eastern,Y,Credit,1,1,7.23
TXN-0010534,ST-OTT-002,Eastern,N,Credit,6,4,66.92
TXN-0010535,ST-OTT-002,Eastern,Y,Credit,2,2,15.36
TXN-0010536,ST-OTT-002,Eastern,Y,Cash,9,4,39.09
TXN-0010537,ST-OTT-002,Eastern,Y,Credit,8,5,81.43
TXN-0010538,ST-OTT-002,Eastern,Y,Cash,9,6,76.11
TXN-0010539,ST-OTT-002,Eastern,Y,Debit,3,2,45.83
TXN-0010540,ST-OTT-002,Eastern,Y,Debit,9,6,103.18
TXN-0010541,ST-OTT-002,Eastern,Y,Credit,6,3,72.01
TXN-0010542,ST-OTT-002,Eastern,Y,Credit,2,2,23.26
TXN-0010543,ST-OTT-002,Eastern,Y,Debit,2,2,19.33
TXN-0010544,ST-OTT-002,Eastern,Y,Cash,5,3,61.52
TXN-0010545,ST-OTT-002,Eastern,N,Credit,2,2,13.58
TXN-0010546,ST-OTT-002,Eastern,Y,Mobile,12,4,116.98
TXN-0010547,ST-CAL-001,Western,Y,Debit,5,3,16.61
TXN-0010548,ST-CAL-001,Western,Y,Debit,14,7,154.69
TXN-0010549,ST-CAL-001,Western,Y,Debit,3,3,24.55
TXN-0010550,ST-CAL-001,Western,N,Credit,1,1,5.09
TXN-0010551,ST-CAL-001,Western,Y,Credit,14,7,82.62
TXN-0010552,ST-CAL-001,Western,Y,Debit,6,3,79.36
TXN-0010553,ST-CAL-001,Western,Y,Credit,6,4,33.31
TXN-0010554,ST-CAL-001,Western,Y,Mobile,4,2,40.70
TXN-0010555,ST-CAL-001,Western,Y,Mobile,2,2,23.03
TXN-0010556,ST-CAL-001,Western,Y,Credit,6,4,41.72
TXN-0010557,ST-EDM-001,Western,Y,Cash,2,2,11.69
TXN-0010558,ST-EDM-001,Western,Y,Debit,4,2,22.26
TXN-0010559,ST-EDM-001,Western,Y,Debit,4,4,38.81
TXN-0010560,ST-EDM-001,Western,Y,Mobile,4,2,10.79
TXN-0010561,ST-EDM-001,Western,Y,Cash,4,2,46.44
TXN-0010562,ST-EDM-001,Western,N,Credit,3,2,36.85
TXN-0010563,ST-EDM-001,Western,N,Debit,5,3,22.62
TXN-0010564,ST-TOR-001,Central,Y,Mobile,1,1,5.48
TXN-0010565,ST-TOR-001,Central,Y,Credit,4,3,41.42
TXN-0010566,ST-TOR-001,Central,Y,Credit,7,3,45.68
TXN-0010567,ST-TOR-001,Central,Y,Credit,3,2,42.57
TXN-0010568,ST-TOR-001,Central,Y,Credit,3,3,25.65
TXN-0010569,ST-TOR-001,Central,N,Credit,5,2,45.88
TXN-0010570,ST-TOR-001,Central,Y,Credit,6,4,71.46
TXN-0010571,ST-TOR-001,Central,Y,Debit,2,1,23.68
TXN-0010572,ST-TOR-002,Central,Y,Debit,6,3,93.01
TXN-0010573,ST-TOR-002,Central,Y,Debit,2,2,17.93
TXN-0010574,ST-TOR-002,Central,Y,Credit,6,3,51.26
TXN-0010575,ST-TOR-002,Central,N,Credit,8,4,98.68
TXN-0010576,ST-TOR-002,Central,N,Cash,9,6,108.83
TXN-0010577,ST-TOR-002,Central,Y,Cash,4,3,44.37
TXN-0010578,ST-TOR-002,Central,Y,Credit,4,4,26.32
TXN-0010579,ST-TOR-002,Central,Y,Debit,1,1,11.31
TXN-0010580,ST-TOR-002,Central,Y,Debit,6,5,42.13
TXN-0010581,ST-TOR-002,Central,N,Credit,6,3,56.70
TXN-0010582,ST-TOR-002,Central,Y,Credit,4,2,52.76
TXN-0010583,ST-TOR-002,Central,Y,Mobile,8,4,40.33
TXN-0010584,ST-SCA-001,Central,N,Debit,7,3,59.48
TXN-0010585,ST-SCA-001,Central,Y,Credit,3,3,34.32
TXN-0010586,ST-SCA-001,Central,Y,Debit,3,2,29.51
TXN-0010587,ST-SCA-001,Central,Y,Debit,6,3,74.22
TXN-0010588,ST-SCA-001,Central,Y,Credit,7,5,85.48
TXN-0010589,ST-SCA-001,Central,N,Mobile,3,2,29.84
TXN-0010590,ST-SCA-001,Central,N,Mobile,2,2,20.01
TXN-0010591,ST-SCA-001,Central,Y,Credit,2,2,11.88
TXN-0010592,ST-SCA-001,Central,Y,Credit,6,4,49.81
TXN-0010593,ST-SCA-001,Central,N,Debit,6,4,60.12
TXN-0010594,ST-SCA-001,Central,Y,Mobile,6,2,62.37
TXN-0010595,ST-SCA-001,Central,Y,Credit,7,5,67.95
TXN-0010596,ST-MIS-001,Central,Y,Credit,6,2,62.92
TXN-0010597,ST-MIS-001,Central,N,Mobile,4,3,41.54
TXN-0010598,ST-MIS-001,Central,N,Debit,5,4,48.07
TXN-0010599,ST-MIS-001,Central,Y,Mobile,3,1,32.49
TXN-0010600,ST-MIS-001,Central,Y,Credit,9,7,63.52
TXN-0010601,ST-MIS-001,Central,Y,Debit,6,4,59.11
TXN-0010602,ST-MIS-001,Central,Y,Credit,1,1,15.49
TXN-0010603,ST-MIS-001,Central,Y,Mobile,6,4,49.76
TXN-0010604,ST-BRA-001,Central,Y,Mobile,6,3,29.29
TXN-0010605,ST-BRA-001,Central,N,Credit,2,2,13.37
TXN-0010606,ST-BRA-001,Central,Y,Credit,1,1,15.74
TXN-0010607,ST-BRA-001,Central,Y,Mobile,5,4,39.70
TXN-0010608,ST-HAM-001,Central,N,Credit,4,3,37.03
TXN-0010609,ST-HAM-001,Central,Y,Credit,6,4,38.06
TXN-0010610,ST-HAM-001,Central,Y,Credit,3,2,15.05
TXN-0010611,ST-HAM-001,Central,N,Mobile,3,1,5.70
TXN-0010612,ST-HAM-001,Central,Y,Debit,1,1,17.55
TXN-0010613,ST-HAM-001,Central,Y,Credit,4,3,52.15
TXN-0010614,ST-HAM-001,Central,Y,Debit,1,1,7.51
TXN-0010615,ST-HAM-001,Central,Y,Cash,7,6,65.54
TXN-0010616,ST-HAM-001,Central,N,Debit,6,3,30.01
TXN-0010617,ST-HAM-001,Central,Y,Debit,2,2,4.83
TXN-0010618,ST-HAM-001,Central,Y,Credit,5,4,52.88
TXN-0010619,ST-HAM-001,Central,N,Debit,2,2,23.41
TXN-0010620,ST-HAM-001,Central,Y,Credit,6,4,67.16
TXN-0010621,ST-HAM-001,Central,Y,Debit,3,3,25.25
TXN-0010622,ST-HAM-001,Central,Y,Credit,5,4,56.26
TXN-0010623,ST-KIT-001,Central,Y,Mobile,5,3,57.54
TXN-0010624,ST-KIT-001,Central,Y,Debit,4,2,51.91
TXN-0010625,ST-KIT-001,Central,Y,Debit,4,2,36.57
TXN-0010626,ST-KIT-001,Central,Y,Debit,3,2,12.18
TXN-0010627,ST-KIT-001,Central,N,Credit,2,2,6.48
TXN-0010628,ST-KIT-001,Central,N,Debit,3,2,19.17
TXN-0010629,ST-KIT-001,Central,N,Credit,3,3,28.29
TXN-0010630,ST-LON-001,Central,Y,Debit,4,2,60.03
TXN-0010631,ST-LON-001,Central,Y,Cash,4,2,49.52
TXN-0010632,ST-LON-001,Central,Y,Debit,1,1,15.60
TXN-0010633,ST-LON-001,Central,Y,Mobile,4,3,44.28
TXN-0010634,ST-LON-001,Central,Y,Credit,1,1,13.98
TXN-0010635,ST-LON-001,Central,Y,Credit,2,1,35.20
TXN-0010636,ST-LON-001,Central,Y,Credit,9,4,85.08
TXN-0010637,ST-LON-001,Central,N,Cash,4,3,30.70
TXN-0010638,ST-LON-001,Central,Y,Credit,5,4,41.46
TXN-0010639,ST-OTT-001,Eastern,Y,Debit,2,2,12.45
TXN-0010640,ST-OTT-001,Eastern,N,Credit,11,7,113.76
TXN-0010641,ST-OTT-001,Eastern,Y,Credit,7,4,60.93
TXN-0010642,ST-OTT-001,Eastern,Y,Credit,5,3,29.64
TXN-0010643,ST-OTT-001,Eastern,Y,Credit,2,2,7.22
TXN-0010644,ST-OTT-001,Eastern,N,Credit,7,5,99.75
TXN-0010645,ST-OTT-001,Eastern,Y,Debit,6,4,56.65
TXN-0010646,ST-OTT-002,Eastern,N,Debit,7,4,57.69
TXN-0010647,ST-OTT-002,Eastern,Y,Cash,3,3,12.72
TXN-0010648,ST-OTT-002,Eastern,N,Credit,12,6,77.82
TXN-0010649,ST-OTT-002,Eastern,N,Cash,11,7,102.49
TXN-0010650,ST-OTT-002,Eastern,Y,Credit,5,2,40.28
TXN-0010651,ST-OTT-002,Eastern,Y,Cash,2,2,25.74
TXN-0010652,ST-OTT-002,Eastern,Y,Cash,2,2,17.50
TXN-0010653,ST-OTT-002,Eastern,Y,Debit,3,3,27.18
TXN-0010654,ST-OTT-002,Eastern,Y,Credit,3,2,43.54
TXN-0010655,ST-CAL-001,Western,Y,Debit,7,4,45.36
TXN-0010656,ST-CAL-001,Western,Y,Cash,3,2,24.32
TXN-0010657,ST-CAL-001,Western,Y,Mobile,10,5,138.77
TXN-0010658,ST-CAL-001,Western,N,Credit,1,1,3.31
TXN-0010659,ST-CAL-001,Western,N,Cash,2,1,4.46
TXN-0010660,ST-CAL-001,Western,N,Credit,5,3,51.94
TXN-0010661,ST-CAL-001,Western,N,Credit,8,3,68.00
TXN-0010662,ST-CAL-001,Western,Y,Credit,9,5,45.92
TXN-0010663,ST-CAL-001,Western,Y,Debit,5,3,56.99
TXN-0010664,ST-CAL-001,Western,N,Debit,6,3,41.82
TXN-0010665,ST-CAL-001,Western,Y,Debit,6,4,51.15
TXN-0010666,ST-CAL-001,Western,Y,Credit,1,1,14.04
TXN-0010667,ST-CAL-001,Western,N,Debit,4,3,27.59
TXN-0010668,ST-CAL-001,Western,Y,Debit,9,3,77.34
TXN-0010669,ST-CAL-001,Western,Y,Debit,5,4,29.65
TXN-0010670,ST-EDM-001,Western,Y,Credit,4,3,28.90
TXN-0010671,ST-EDM-001,Western,N,Credit,1,1,15.03
TXN-0010672,ST-EDM-001,Western,Y,Credit,9,5,70.30
TXN-0010673,ST-EDM-001,Western,Y,Credit,2,2,29.86
TXN-0010674,ST-EDM-001,Western,N,Credit,7,3,85.63
TXN-0010675,ST-EDM-001,Western,Y,Debit,1,1,12.42
TXN-0010676,ST-EDM-001,Western,Y,Credit,2,2,13.67
TXN-0010677,ST-EDM-001,Western,N,Debit,4,2,36.33
TXN-0010678,ST-EDM-001,Western,Y,Credit,9,4,77.85
TXN-0010679,ST-EDM-001,Western,Y,Mobile,4,3,14.95
TXN-0010680,ST-EDM-001,Western,N,Credit,2,2,13.53
TXN-0010681,ST-EDM-001,Western,Y,Debit,4,4,54.39
TXN-0010682,ST-TOR-001,Central,Y,Credit,6,4,48.78
TXN-0010683,ST-TOR-001,Central,Y,Debit,7,4,67.07
TXN-0010684,ST-TOR-001,Central,Y,Debit,1,1,13.30
TXN-0010685,ST-TOR-001,Central,Y,Debit,4,3,54.48
TXN-0010686,ST-TOR-001,Central,Y,Debit,5,2,65.69
TXN-0010687,ST-TOR-001,Central,Y,Cash,6,4,75.04
TXN-0010688,ST-TOR-001,Central,Y,Mobile,3,2,20.19
TXN-0010689,ST-TOR-001,Central,N,Debit,3,3,35.48
TXN-0010690,ST-TOR-001,Central,Y,Credit,3,3,30.51
TXN-0010691,ST-TOR-001,Central,Y,Cash,4,4,45.69
TXN-0010692,ST-TOR-001,Central,Y,Debit,6,2,36.24
TXN-0010693,ST-TOR-001,Central,N,Cash,6,2,28.62
TXN-0010694,ST-TOR-001,Central,N,Debit,3,2,45.99
TXN-0010695,ST-TOR-001,Central,N,Mobile,2,2,15.13
TXN-0010696,ST-TOR-001,Central,N,Cash,4,3,36.59
TXN-0010697,ST-TOR-001,Central,Y,Mobile,2,2,22.56
TXN-0010698,ST-TOR-001,Central,N,Credit,4,1,50.16
TXN-0010699,ST-TOR-001,Central,Y,Credit,2,2,9.53
TXN-0010700,ST-TOR-002,Central,Y,Debit,4,3,46.05
TXN-0010701,ST-TOR-002,Central,Y,Credit,6,3,71.05
TXN-0010702,ST-TOR-002,Central,Y,Credit,10,6,67.22
TXN-0010703,ST-TOR-002,Central,Y,Credit,4,3,15.73
TXN-0010704,ST-TOR-002,Central,Y,Mobile,7,6,80.25
TXN-0010705,ST-TOR-002,Central,Y,Debit,3,3,35.88
TXN-0010706,ST-TOR-002,Central,Y,Credit,5,4,23.59
TXN-0010707,ST-TOR-002,Central,N,Cash,2,2,7.42
TXN-0010708,ST-TOR-002,Central,Y,Credit,5,2,43.70
TXN-0010709,ST-TOR-002,Central,N,Credit,4,4,46.78
TXN-0010710,ST-TOR-002,Central,N,Credit,3,3,44.64
TXN-0010711,ST-TOR-002,Central,Y,Credit,4,4,45.53
TXN-0010712,ST-TOR-002,Central,Y,Mobile,3,3,20.02
TXN-0010713,ST-TOR-002,Central,Y,Credit,6,4,73.90
TXN-0010714,ST-SCA-001,Central,Y,Cash,4,2,55.63
TXN-0010715,ST-SCA-001,Central,Y,Credit,4,1,7.44
TXN-0010716,ST-SCA-001,Central,Y,Debit,7,5,62.29
TXN-0010717,ST-SCA-001,Central,Y,Credit,7,5,82.26
TXN-0010718,ST-SCA-001,Central,N,Credit,8,4,54.39
TXN-0010719,ST-SCA-001,Central,Y,Credit,4,4,44.86
TXN-0010720,ST-SCA-001,Central,Y,Debit,1,1,10.85
TXN-0010721,ST-SCA-001,Central,Y,Debit,9,7,71.16
TXN-0010722,ST-MIS-001,Central,Y,Debit,4,2,47.05
TXN-0010723,ST-MIS-001,Central,Y,Mobile,9,4,123.78
TXN-0010724,ST-MIS-001,Central,Y,Debit,2,2,10.20
TXN-0010725,ST-MIS-001,Central,N,Credit,3,2,41.20
TXN-0010726,ST-MIS-001,Central,Y,Credit,4,3,53.44
TXN-0010727,ST-MIS-001,Central,N,Debit,6,4,75.59
TXN-0010728,ST-MIS-001,Central,N,Credit,2,2,10.37
TXN-0010729,ST-MIS-001,Central,Y,Cash,5,4,48.76
TXN-0010730,ST-MIS-001,Central,N,Cash,4,3,14.78
TXN-0010731,ST-BRA-001,Central,Y,Cash,6,3,36.28
TXN-0010732,ST-BRA-001,Central,N,Credit,3,3,32.01
TXN-0010733,ST-BRA-001,Central,Y,Debit,2,2,17.41
TXN-0010734,ST-BRA-001,Central,N,Credit,7,3,56.15
TXN-0010735,ST-BRA-001,Central,Y,Credit,2,1,6.62
TXN-0010736,ST-BRA-001,Central,Y,Mobile,3,3,19.01
TXN-0010737,ST-BRA-001,Central,Y,Debit,5,4,45.39
TXN-0010738,ST-BRA-001,Central,Y,Debit,3,3,28.86
TXN-0010739,ST-BRA-001,Central,Y,Debit,8,3,63.83
TXN-0010740,ST-BRA-001,Central,Y,Cash,4,3,51.73
TXN-0010741,ST-BRA-001,Central,Y,Debit,2,2,16.08
TXN-0010742,ST-BRA-001,Central,Y,Credit,4,1,43.64
TXN-0010743,ST-BRA-001,Central,Y,Credit,1,1,13.08
TXN-0010744,ST-BRA-001,Central,Y,Cash,5,2,62.28
TXN-0010745,ST-HAM-001,Central,Y,Debit,3,1,40.14
TXN-0010746,ST-HAM-001,Central,Y,Credit,3,1,21.48
TXN-0010747,ST-HAM-001,Central,N,Credit,6,5,53.82
TXN-0010748,ST-HAM-001,Central,Y,Debit,4,2,39.28
TXN-0010749,ST-HAM-001,Central,Y,Debit,2,1,10.86
TXN-0010750,ST-HAM-001,Central,Y,Credit,4,4,44.75
TXN-0010751,ST-HAM-001,Central,N,Credit,3,1,26.16
TXN-0010752,ST-HAM-001,Central,Y,Debit,5,4,38.71
TXN-0010753,ST-HAM-001,Central,Y,Debit,5,3,63.64
TXN-0010754,ST-HAM-001,Central,Y,Credit,4,2,68.64
TXN-0010755,ST-HAM-001,Central,N,Credit,7,5,101.79
TXN-0010756,ST-KIT-001,Central,Y,Mobile,10,6,88.99
TXN-0010757,ST-KIT-001,Central,N,Cash,5,3,45.37
TXN-0010758,ST-KIT-001,Central,N,Credit,10,6,77.83
TXN-0010759,ST-KIT-001,Central,N,Cash,5,4,37.59
TXN-0010760,ST-KIT-001,Central,Y,Credit,4,4,37.78
TXN-0010761,ST-KIT-001,Central,Y,Credit,2,2,18.45
TXN-0010762,ST-KIT-001,Central,N,Credit,7,6,73.86
TXN-0010763,ST-KIT-001,Central,Y,Credit,7,4,69.00
TXN-0010764,ST-KIT-001,Central,Y,Credit,2,2,9.90
TXN-0010765,ST-KIT-001,Central,Y,Credit,5,3,32.52
TXN-0010766,ST-KIT-001,Central,N,Credit,5,3,54.92
TXN-0010767,ST-KIT-001,Central,Y,Credit,3,3,33.52
TXN-0010768,ST-KIT-001,Central,Y,Debit,4,3,26.64
TXN-0010769,ST-LON-001,Central,N,Credit,9,5,100.81
TXN-0010770,ST-LON-001,Central,Y,Debit,4,2,61.50
TXN-0010771,ST-LON-001,Central,N,Credit,2,2,19.65
TXN-0010772,ST-LON-001,Central,Y,Mobile,5,4,36.92
TXN-0010773,ST-LON-001,Central,Y,Credit,6,5,41.99
TXN-0010774,ST-LON-001,Central,Y,Cash,7,5,27.91
TXN-0010775,ST-LON-001,Central,Y,Credit,6,5,56.99
TXN-0010776,ST-LON-001,Central,Y,Debit,3,3,13.16
TXN-0010777,ST-LON-001,Central,N,Cash,10,4,94.57
TXN-0010778,ST-LON-001,Central,N,Credit,5,3,49.00
TXN-0010779,ST-LON-001,Central,Y,Cash,2,1,20.28
TXN-0010780,ST-OTT-001,Eastern,Y,Debit,7,5,55.11
TXN-0010781,ST-OTT-001,Eastern,Y,Credit,8,7,67.22
TXN-0010782,ST-OTT-001,Eastern,Y,Mobile,4,3,28.44
TXN-0010783,ST-OTT-001,Eastern,Y,Credit,4,3,55.31
TXN-0010784,ST-OTT-001,Eastern,Y,Credit,4,3,23.51
TXN-0010785,ST-OTT-001,Eastern,N,Credit,5,4,31.47
TXN-0010786,ST-OTT-001,Eastern,N,Credit,4,4,24.97
TXN-0010787,ST-OTT-001,Eastern,N,Credit,3,1,45.54
TXN-0010788,ST-OTT-002,Eastern,Y,Debit,5,3,42.25
TXN-0010789,ST-OTT-002,Eastern,N,Cash,3,3,32.28
TXN-0010790,ST-OTT-002,Eastern,N,Debit,4,3,15.54
TXN-0010791,ST-OTT-002,Eastern,Y,Credit,2,2,22.77
TXN-0010792,ST-OTT-002,Eastern,Y,Mobile,4,3,45.92
TXN-0010793,ST-OTT-002,Eastern,Y,Debit,4,2,53.90
TXN-0010794,ST-OTT-002,Eastern,Y,Cash,3,2,19.71
TXN-0010795,ST-OTT-002,Eastern,Y,Debit,5,5,37.67
TXN-0010796,ST-CAL-001,Western,N,Mobile,4,3,29.17
TXN-0010797,ST-CAL-001,Western,N,Credit,9,4,48.09
TXN-0010798,ST-CAL-001,Western,Y,Credit,6,2,41.40
TXN-0010799,ST-CAL-001,Western,N,Mobile,6,2,75.10
TXN-0010800,ST-CAL-001,Western,N,Mobile,1,1,15.12
TXN-0010801,ST-CAL-001,Western,Y,Debit,2,1,26.10
TXN-0010802,ST-CAL-001,Western,N,Credit,8,4,89.91
TXN-0010803,ST-CAL-001,Western,Y,Credit,5,3,53.06
TXN-0010804,ST-CAL-001,Western,N,Debit,2,1,34.88
TXN-0010805,ST-CAL-001,Western,Y,Credit,5,3,25.24
TXN-0010806,ST-CAL-001,Western,N,Credit,6,3,71.05
TXN-0010807,ST-EDM-001,Western,Y,Mobile,3,2,23.62
TXN-0010808,ST-EDM-001,Western,N,Credit,2,2,10.80
TXN-0010809,ST-EDM-001,Western,Y,Credit,5,3,30.53
TXN-0010810,ST-EDM-001,Western,N,Debit,3,2,17.89
TXN-0010811,ST-EDM-001,Western,Y,Mobile,5,3,51.89
TXN-0010812,ST-EDM-001,Western,Y,Debit,3,3,29.82
TXN-0010813,ST-EDM-001,Western,Y,Mobile,5,3,33.74
TXN-0010814,ST-EDM-001,Western,Y,Cash,4,4,33.82
TXN-0010815,ST-EDM-001,Western,Y,Credit,5,2,21.78
TXN-0010816,ST-EDM-001,Western,Y,Debit,5,4,68.41
TXN-0010817,ST-EDM-001,Western,N,Credit,3,3,34.32
TXN-0010818,ST-EDM-001,Western,Y,Debit,3,3,17.63
TXN-0010819,ST-TOR-001,Central,Y,Debit,5,3,56.66
TXN-0010820,ST-TOR-001,Central,Y,Cash,6,5,44.53
TXN-0010821,ST-TOR-001,Central,Y,Cash,3,3,40.09
TXN-0010822,ST-TOR-001,Central,Y,Credit,7,4,30.58
TXN-0010823,ST-TOR-001,Central,Y,Credit,3,2,24.76
TXN-0010824,ST-TOR-001,Central,Y,Credit,6,3,82.89
TXN-0010825,ST-TOR-001,Central,N,Debit,2,2,20.35
TXN-0010826,ST-TOR-001,Central,Y,Mobile,1,1,14.54
TXN-0010827,ST-TOR-001,Central,Y,Credit,4,4,34.12
TXN-0010828,ST-TOR-001,Central,Y,Credit,7,3,96.35
TXN-0010829,ST-TOR-001,Central,Y,Debit,2,1,30.82
TXN-0010830,ST-TOR-001,Central,Y,Debit,3,2,35.85
TXN-0010831,ST-TOR-001,Central,N,Mobile,6,2,67.98
TXN-0010832,ST-TOR-001,Central,Y,Credit,5,4,41.38
TXN-0010833,ST-TOR-001,Central,Y,Credit,7,5,42.26
TXN-0010834,ST-TOR-001,Central,Y,Debit,2,2,22.37
TXN-0010835,ST-TOR-001,Central,N,Mobile,7,4,74.73
TXN-0010836,ST-TOR-001,Central,Y,Debit,3,2,35.19
TXN-0010837,ST-TOR-001,Central,Y,Debit,9,4,44.99
TXN-0010838,ST-TOR-001,Central,N,Debit,2,2,20.33
TXN-0010839,ST-TOR-001,Central,Y,Credit,10,6,90.66
TXN-0010840,ST-TOR-002,Central,N,Credit,6,5,73.50
TXN-0010841,ST-TOR-002,Central,N,Debit,8,4,62.58
TXN-0010842,ST-TOR-002,Central,Y,Credit,2,2,23.41
TXN-0010843,ST-TOR-002,Central,Y,Credit,6,3,85.18
TXN-0010844,ST-TOR-002,Central,Y,Credit,12,5,85.77
TXN-0010845,ST-TOR-002,Central,Y,Debit,3,2,13.90
TXN-0010846,ST-TOR-002,Central,Y,Cash,3,2,34.55
TXN-0010847,ST-TOR-002,Central,N,Debit,5,4,41.79
TXN-0010848,ST-TOR-002,Central,N,Debit,3,2,41.23
TXN-0010849,ST-TOR-002,Central,N,Debit,5,3,54.01
TXN-0010850,ST-TOR-002,Central,N,Debit,6,3,75.06
TXN-0010851,ST-TOR-002,Central,N,Credit,3,2,17.35
TXN-0010852,ST-SCA-001,Central,Y,Credit,3,3,36.63
TXN-0010853,ST-SCA-001,Central,Y,Credit,5,3,70.97
TXN-0010854,ST-SCA-001,Central,Y,Cash,9,4,97.59
TXN-0010855,ST-SCA-001,Central,N,Credit,11,6,123.48
TXN-0010856,ST-SCA-001,Central,N,Cash,2,2,27.13
TXN-0010857,ST-SCA-001,Central,Y,Cash,9,4,70.44
TXN-0010858,ST-SCA-001,Central,Y,Credit,5,3,34.93
TXN-0010859,ST-SCA-001,Central,N,Credit,8,5,54.04
TXN-0010860,ST-SCA-001,Central,N,Debit,1,1,11.09
TXN-0010861,ST-SCA-001,Central,N,Debit,4,3,57.56
TXN-0010862,ST-SCA-001,Central,Y,Mobile,6,4,60.96
TXN-0010863,ST-SCA-001,Central,Y,Debit,4,3,34.27
TXN-0010864,ST-SCA-001,Central,Y,Credit,8,6,77.85
TXN-0010865,ST-MIS-001,Central,N,Debit,5,3,66.74
TXN-0010866,ST-MIS-001,Central,Y,Mobile,6,6,48.39
TXN-0010867,ST-MIS-001,Central,N,Cash,2,2,7.60
TXN-0010868,ST-MIS-001,Central,Y,Credit,3,3,13.94
TXN-0010869,ST-MIS-001,Central,Y,Credit,11,5,132.15
TXN-0010870,ST-MIS-001,Central,Y,Credit,3,3,26.10
TXN-0010871,ST-MIS-001,Central,Y,Debit,2,2,18.52
TXN-0010872,ST-MIS-001,Central,N,Cash,3,3,25.35
TXN-0010873,ST-MIS-001,Central,Y,Debit,1,1,11.03
TXN-0010874,ST-MIS-001,Central,Y,Mobile,3,2,39.50
TXN-0010875,ST-MIS-001,Central,N,Debit,1,1,11.14
TXN-0010876,ST-BRA-001,Central,Y,Credit,4,3,37.79
TXN-0010877,ST-BRA-001,Central,Y,Credit,1,1,11.46
TXN-0010878,ST-BRA-001,Central,Y,Credit,2,2,19.45
TXN-0010879,ST-BRA-001,Central,Y,Cash,5,5,43.91
TXN-0010880,ST-BRA-001,Central,N,Debit,3,3,31.08
TXN-0010881,ST-BRA-001,Central,Y,Debit,7,3,39.01
TXN-0010882,ST-BRA-001,Central,N,Credit,8,5,80.84
TXN-0010883,ST-BRA-001,Central,Y,Debit,5,4,65.10
TXN-0010884,ST-BRA-001,Central,N,Debit,6,4,48.69
TXN-0010885,ST-BRA-001,Central,Y,Debit,2,2,6.50
TXN-0010886,ST-BRA-001,Central,N,Credit,7,4,71.38
TXN-0010887,ST-BRA-001,Central,Y,Mobile,3,3,32.47
TXN-0010888,ST-BRA-001,Central,Y,Debit,6,2,20.04
TXN-0010889,ST-BRA-001,Central,Y,Credit,5,3,57.67
TXN-0010890,ST-BRA-001,Central,Y,Debit,3,2,19.77
TXN-0010891,ST-BRA-001,Central,Y,Credit,7,3,47.77
TXN-0010892,ST-BRA-001,Central,N,Debit,2,2,4.38
TXN-0010893,ST-HAM-001,Central,Y,Mobile,6,3,17.48
TXN-0010894,ST-HAM-001,Central,Y,Debit,2,2,7.23
TXN-0010895,ST-HAM-001,Central,N,Credit,5,3,74.52
TXN-0010896,ST-HAM-001,Central,Y,Cash,9,4,103.87
TXN-0010897,ST-HAM-001,Central,Y,Credit,4,3,37.70
TXN-0010898,ST-HAM-001,Central,Y,Debit,3,3,25.76
TXN-0010899,ST-HAM-001,Central,N,Debit,1,1,13.31
TXN-0010900,ST-HAM-001,Central,Y,Debit,4,2,13.54
TXN-0010901,ST-HAM-001,Central,N,Debit,8,4,106.69
TXN-0010902,ST-HAM-001,Central,Y,Credit,10,5,114.34
TXN-0010903,ST-HAM-001,Central,N,Cash,8,6,72.74
TXN-0010904,ST-HAM-001,Central,Y,Mobile,9,4,77.33
TXN-0010905,ST-HAM-001,Central,N,Mobile,7,5,74.25
TXN-0010906,ST-HAM-001,Central,Y,Mobile,6,5,32.29
TXN-0010907,ST-HAM-001,Central,Y,Credit,5,3,44.56
TXN-0010908,ST-KIT-001,Central,Y,Credit,6,3,51.60
TXN-0010909,ST-KIT-001,Central,N,Credit,6,4,71.36
TXN-0010910,ST-KIT-001,Central,Y,Cash,3,1,37.44
TXN-0010911,ST-LON-001,Central,Y,Cash,7,3,43.19
TXN-0010912,ST-LON-001,Central,Y,Cash,1,1,14.94
TXN-0010913,ST-LON-001,Central,N,Debit,2,1,22.63
TXN-0010914,ST-LON-001,Central,Y,Debit,6,4,72.76
TXN-0010915,ST-LON-001,Central,N,Debit,5,3,27.94
TXN-0010916,ST-LON-001,Central,Y,Debit,5,3,49.21
TXN-0010917,ST-LON-001,Central,Y,Credit,4,3,26.70
TXN-0010918,ST-LON-001,Central,N,Debit,2,1,6.42
TXN-0010919,ST-LON-001,Central,Y,Credit,6,4,47.10
TXN-0010920,ST-LON-001,Central,Y,Mobile,5,2,73.70
TXN-0010921,ST-LON-001,Central,Y,Credit,6,4,42.26
TXN-0010922,ST-LON-001,Central,Y,Debit,9,6,63.86
TXN-0010923,ST-LON-001,Central,N,Credit,5,3,73.00
TXN-0010924,ST-OTT-001,Eastern,N,Debit,2,2,10.71
TXN-0010925,ST-OTT-001,Eastern,Y,Credit,4,3,45.38
TXN-0010926,ST-OTT-001,Eastern,N,Credit,3,2,28.34
TXN-0010927,ST-OTT-001,Eastern,Y,Debit,3,2,25.72
TXN-0010928,ST-OTT-001,Eastern,N,Credit,4,3,38.42
TXN-0010929,ST-OTT-001,Eastern,Y,Cash,4,2,19.32
TXN-0010930,ST-OTT-001,Eastern,Y,Debit,7,4,47.70
TXN-0010931,ST-OTT-001,Eastern,Y,Debit,2,2,20.17
TXN-0010932,ST-OTT-001,Eastern,Y,Credit,5,3,60.17
TXN-0010933,ST-OTT-001,Eastern,Y,Credit,1,1,14.84
TXN-0010934,ST-OTT-001,Eastern,Y,Debit,9,6,74.26
TXN-0010935,ST-OTT-001,Eastern,Y,Credit,2,2,25.62
TXN-0010936,ST-OTT-001,Eastern,N,Debit,7,4,66.81
TXN-0010937,ST-OTT-001,Eastern,N,Cash,3,3,16.96
TXN-0010938,ST-OTT-001,Eastern,Y,Debit,3,2,37.63
TXN-0010939,ST-OTT-002,Eastern,N,Cash,4,2,29.68
TXN-0010940,ST-OTT-002,Eastern,N,Credit,5,3,63.59
TXN-0010941,ST-OTT-002,Eastern,N,Credit,6,3,69.08
TXN-0010942,ST-OTT-002,Eastern,Y,Credit,7,6,98.39
TXN-0010943,ST-OTT-002,Eastern,Y,Credit,4,2,40.99
TXN-0010944,ST-OTT-002,Eastern,Y,Credit,4,2,33.23
TXN-0010945,ST-OTT-002,Eastern,Y,Credit,3,3,30.78
TXN-0010946,ST-OTT-002,Eastern,Y,Debit,1,1,11.02
TXN-0010947,ST-OTT-002,Eastern,Y,Debit,7,6,53.91
TXN-0010948,ST-OTT-002,Eastern,N,Cash,3,3,11.95
TXN-0010949,ST-OTT-002,Eastern,N,Credit,9,5,106.07
TXN-0010950,ST-CAL-001,Western,N,Mobile,6,4,54.51
TXN-0010951,ST-CAL-001,Western,N,Credit,6,3,33.74
TXN-0010952,ST-CAL-001,Western,Y,Debit,4,2,14.70
TXN-0010953,ST-CAL-001,Western,Y,Credit,3,2,41.51
TXN-0010954,ST-CAL-001,Western,Y,Cash,7,4,58.76
TXN-0010955,ST-CAL-001,Western,N,Debit,2,1,14.40
TXN-0010956,ST-CAL-001,Western,N,Debit,4,2,31.94
TXN-0010957,ST-CAL-001,Western,Y,Cash,8,5,42.92
TXN-0010958,ST-CAL-001,Western,N,Credit,3,2,33.12
TXN-0010959,ST-CAL-001,Western,N,Cash,2,2,15.47
TXN-0010960,ST-CAL-001,Western,Y,Debit,5,4,60.96
TXN-0010961,ST-CAL-001,Western,Y,Mobile,7,3,82.49
TXN-0010962,ST-CAL-001,Western,Y,Credit,1,1,4.96
TXN-0010963,ST-CAL-001,Western,N,Debit,8,5,73.89
TXN-0010964,ST-CAL-001,Western,Y,Cash,4,3,19.82
TXN-0010965,ST-CAL-001,Western,N,Debit,2,1,6.46
TXN-0010966,ST-CAL-001,Western,Y,Credit,5,3,50.71
TXN-0010967,ST-CAL-001,Western,Y,Debit,6,2,51.04
TXN-0010968,ST-EDM-001,Western,N,Credit,1,1,7.17
TXN-0010969,ST-EDM-001,Western,N,Mobile,4,4,32.44
TXN-0010970,ST-EDM-001,Western,Y,Credit,3,2,33.37
TXN-0010971,ST-EDM-001,Western,Y,Debit,5,3,55.48
TXN-0010972,ST-EDM-001,Western,Y,Credit,5,5,65.51
TXN-0010973,ST-EDM-001,Western,N,Debit,5,2,45.14
TXN-0010974,ST-EDM-001,Western,N,Credit,1,1,14.05
TXN-0010975,ST-EDM-001,Western,N,Credit,2,1,12.72
TXN-0010976,ST-EDM-001,Western,N,Debit,4,1,53.92
TXN-0010977,ST-EDM-001,Western,Y,Debit,8,5,82.81
TXN-0010978,ST-EDM-001,Western,Y,Debit,5,3,38.37
TXN-0010979,ST-EDM-001,Western,Y,Credit,2,2,12.10
TXN-0010980,ST-EDM-001,Western,Y,Mobile,6,3,15.14
TXN-0010981,ST-EDM-001,Western,N,Credit,3,2,32.25
TXN-0010982,ST-TOR-001,Central,N,Credit,8,6,93.76
TXN-0010983,ST-TOR-001,Central,Y,Cash,8,5,50.37
TXN-0010984,ST-TOR-001,Central,Y,Debit,4,2,59.36
TXN-0010985,ST-TOR-001,Central,Y,Mobile,7,4,94.56
TXN-0010986,ST-TOR-001,Central,N,Cash,4,3,36.89
TXN-0010987,ST-TOR-001,Central,Y,Credit,7,3,77.17
TXN-0010988,ST-TOR-001,Central,Y,Credit,1,1,15.03
TXN-0010989,ST-TOR-001,Central,Y,Credit,9,6,73.41
TXN-0010990,ST-TOR-001,Central,Y,Credit,4,2,44.22
TXN-0010991,ST-TOR-001,Central,N,Debit,3,2,28.28
TXN-0010992,ST-TOR-001,Central,N,Credit,10,5,89.25
TXN-0010993,ST-TOR-001,Central,Y,Debit,1,1,16.34
TXN-0010994,ST-TOR-001,Central,Y,Credit,2,2,21.87
TXN-0010995,ST-TOR-002,Central,Y,Credit,3,3,18.52
TXN-0010996,ST-TOR-002,Central,Y,Debit,5,4,49.58
TXN-0010997,ST-TOR-002,Central,N,Credit,4,3,47.60
TXN-0010998,ST-TOR-002,Central,Y,Credit,4,3,43.01
TXN-0010999,ST-TOR-002,Central,Y,Credit,3,3,22.24
TXN-0011000,ST-TOR-002,Central,Y,Debit,2,2,12.91
TXN-0011001,ST-TOR-002,Central,Y,Credit,1,1,11.85
TXN-0011002,ST-TOR-002,Central,N,Debit,2,2,23.26
TXN-0011003,ST-TOR-002,Central,Y,Credit,6,5,46.54
TXN-0011004,ST-TOR-002,Central,N,Mobile,4,4,33.91
TXN-0011005,ST-TOR-002,Central,N,Credit,2,2,19.48
TXN-0011006,ST-TOR-002,Central,Y,Debit,6,3,77.90
TXN-0011007,ST-TOR-002,Central,Y,Mobile,2,2,14.76
TXN-0011008,ST-SCA-001,Central,Y,Credit,10,6,108.40
TXN-0011009,ST-SCA-001,Central,N,Debit,3,2,22.69
TXN-0011010,ST-SCA-001,Central,Y,Debit,4,4,47.45
TXN-0011011,ST-SCA-001,Central,Y,Mobile,8,6,79.05
TXN-0011012,ST-SCA-001,Central,Y,Credit,5,4,40.76
TXN-0011013,ST-SCA-001,Central,Y,Credit,13,6,78.80
TXN-0011014,ST-SCA-001,Central,N,Debit,11,5,77.80
TXN-0011015,ST-SCA-001,Central,Y,Mobile,2,2,27.89
TXN-0011016,ST-SCA-001,Central,N,Mobile,2,2,28.14
TXN-0011017,ST-MIS-001,Central,N,Debit,10,6,102.79
TXN-0011018,ST-MIS-001,Central,Y,Credit,6,4,71.23
TXN-0011019,ST-MIS-001,Central,Y,Credit,2,2,15.56
TXN-0011020,ST-MIS-001,Central,Y,Debit,10,5,97.47
TXN-0011021,ST-MIS-001,Central,Y,Credit,2,1,21.10
TXN-0011022,ST-MIS-001,Central,N,Debit,6,2,23.25
TXN-0011023,ST-MIS-001,Central,N,Debit,6,5,49.89
TXN-0011024,ST-MIS-001,Central,Y,Credit,2,2,22.87
TXN-0011025,ST-MIS-001,Central,N,Credit,4,4,45.75
TXN-0011026,ST-MIS-001,Central,N,Credit,4,3,43.36
TXN-0011027,ST-MIS-001,Central,Y,Credit,3,3,22.38
TXN-0011028,ST-MIS-001,Central,Y,Debit,1,1,7.22
TXN-0011029,ST-MIS-001,Central,N,Credit,6,5,73.35
TXN-0011030,ST-MIS-001,Central,Y,Cash,3,2,37.95
TXN-0011031,ST-MIS-001,Central,N,Debit,2,2,21.42
TXN-0011032,ST-BRA-001,Central,Y,Debit,3,2,41.01
TXN-0011033,ST-BRA-001,Central,Y,Credit,6,3,40.86
TXN-0011034,ST-BRA-001,Central,N,Mobile,5,4,45.41
TXN-0011035,ST-BRA-001,Central,Y,Credit,7,4,82.09
TXN-0011036,ST-BRA-001,Central,N,Credit,3,3,11.15
TXN-0011037,ST-BRA-001,Central,Y,Credit,6,3,61.78
TXN-0011038,ST-HAM-001,Central,Y,Credit,9,6,78.51
TXN-0011039,ST-HAM-001,Central,N,Debit,3,2,40.16
TXN-0011040,ST-HAM-001,Central,Y,Debit,1,1,16.58
TXN-0011041,ST-HAM-001,Central,Y,Debit,5,4,40.12
TXN-0011042,ST-HAM-001,Central,Y,Debit,1,1,15.94
TXN-0011043,ST-HAM-001,Central,N,Credit,1,1,5.41
TXN-0011044,ST-HAM-001,Central,Y,Credit,1,1,2.20
TXN-0011045,ST-HAM-001,Central,Y,Credit,7,4,88.60
TXN-0011046,ST-HAM-001,Central,Y,Cash,4,3,37.94
TXN-0011047,ST-HAM-001,Central,Y,Credit,3,2,46.96
TXN-0011048,ST-HAM-001,Central,Y,Cash,5,4,20.76
TXN-0011049,ST-HAM-001,Central,Y,Cash,6,5,32.98
TXN-0011050,ST-HAM-001,Central,Y,Debit,5,2,47.52
TXN-0011051,ST-HAM-001,Central,Y,Credit,7,4,100.85
TXN-0011052,ST-HAM-001,Central,Y,Debit,6,2,72.76
TXN-0011053,ST-HAM-001,Central,N,Credit,2,2,21.37
TXN-0011054,ST-HAM-001,Central,Y,Debit,6,3,47.25
TXN-0011055,ST-HAM-001,Central,Y,Debit,3,3,17.54
TXN-0011056,ST-HAM-001,Central,Y,Debit,6,4,36.01
TXN-0011057,ST-KIT-001,Central,Y,Credit,10,6,95.09
TXN-0011058,ST-KIT-001,Central,N,Cash,1,1,7.26
TXN-0011059,ST-KIT-001,Central,N,Credit,4,2,20.94
TXN-0011060,ST-KIT-001,Central,N,Debit,8,4,45.02
TXN-0011061,ST-KIT-001,Central,Y,Debit,6,4,49.22
TXN-0011062,ST-KIT-001,Central,Y,Debit,7,3,75.94
TXN-0011063,ST-KIT-001,Central,N,Mobile,3,2,35.01
TXN-0011064,ST-KIT-001,Central,N,Credit,12,4,134.58
TXN-0011065,ST-KIT-001,Central,Y,Credit,6,4,46.18
TXN-0011066,ST-KIT-001,Central,Y,Debit,7,4,82.58
TXN-0011067,ST-KIT-001,Central,Y,Credit,3,3,40.75
TXN-0011068,ST-KIT-001,Central,N,Debit,7,5,59.47
TXN-0011069,ST-KIT-001,Central,N,Cash,6,4,45.53
TXN-0011070,ST-KIT-001,Central,Y,Credit,1,1,2.24
TXN-0011071,ST-LON-001,Central,Y,Credit,3,3,26.97
TXN-0011072,ST-LON-001,Central,Y,Credit,10,5,75.35
TXN-0011073,ST-LON-001,Central,N,Cash,4,3,51.35
TXN-0011074,ST-LON-001,Central,Y,Credit,3,3,20.80
TXN-0011075,ST-LON-001,Central,Y,Credit,6,3,43.70
TXN-0011076,ST-LON-001,Central,N,Debit,7,5,41.39
TXN-0011077,ST-LON-001,Central,Y,Credit,2,2,14.72
TXN-0011078,ST-LON-001,Central,Y,Mobile,2,2,27.31
TXN-0011079,ST-LON-001,Central,Y,Cash,4,3,43.52
TXN-0011080,ST-LON-001,Central,N,Credit,7,4,59.21
TXN-0011081,ST-OTT-001,Eastern,Y,Cash,5,3,55.30
TXN-0011082,ST-OTT-001,Eastern,Y,Debit,3,3,29.17
TXN-0011083,ST-OTT-001,Eastern,Y,Credit,2,2,11.10
TXN-0011084,ST-OTT-001,Eastern,N,Debit,7,4,59.65
TXN-0011085,ST-OTT-001,Eastern,Y,Debit,3,3,31.40
TXN-0011086,ST-OTT-001,Eastern,Y,Debit,8,5,34.45
TXN-0011087,ST-OTT-001,Eastern,N,Debit,7,4,59.05
TXN-0011088,ST-OTT-001,Eastern,Y,Credit,4,3,31.46
TXN-0011089,ST-OTT-001,Eastern,Y,Mobile,3,3,37.88
TXN-0011090,ST-OTT-001,Eastern,Y,Cash,4,2,51.05
TXN-0011091,ST-OTT-001,Eastern,Y,Credit,6,5,47.26
TXN-0011092,ST-OTT-001,Eastern,Y,Cash,7,3,48.62
TXN-0011093,ST-OTT-001,Eastern,Y,Debit,8,5,46.81
TXN-0011094,ST-OTT-001,Eastern,N,Debit,3,3,32.03
TXN-0011095,ST-OTT-001,Eastern,Y,Cash,4,2,40.21
TXN-0011096,ST-OTT-001,Eastern,N,Credit,5,2,55.89
TXN-0011097,ST-OTT-001,Eastern,Y,Credit,11,6,109.74
TXN-0011098,ST-OTT-001,Eastern,Y,Debit,4,3,37.73
TXN-0011099,ST-OTT-001,Eastern,Y,Credit,2,1,24.04
TXN-0011100,ST-OTT-001,Eastern,N,Mobile,8,4,45.74
TXN-0011101,ST-OTT-001,Eastern,N,Credit,5,2,60.71
TXN-0011102,ST-OTT-002,Eastern,N,Mobile,4,3,27.48
TXN-0011103,ST-OTT-002,Eastern,Y,Credit,4,4,33.19
TXN-0011104,ST-OTT-002,Eastern,Y,Debit,1,1,1.86
TXN-0011105,ST-OTT-002,Eastern,Y,Credit,4,2,45.38
TXN-0011106,ST-OTT-002,Eastern,Y,Debit,1,1,2.24
TXN-0011107,ST-OTT-002,Eastern,Y,Credit,8,6,70.84
TXN-0011108,ST-OTT-002,Eastern,Y,Credit,5,4,31.24
TXN-0011109,ST-OTT-002,Eastern,Y,Credit,13,6,81.37
TXN-0011110,ST-OTT-002,Eastern,Y,Debit,5,3,44.78
TXN-0011111,ST-OTT-002,Eastern,Y,Credit,11,6,88.78
TXN-0011112,ST-OTT-002,Eastern,N,Debit,5,4,51.92
TXN-0011113,ST-OTT-002,Eastern,Y,Cash,5,3,18.26
TXN-0011114,ST-CAL-001,Western,Y,Debit,10,6,53.78
TXN-0011115,ST-CAL-001,Western,Y,Credit,7,4,66.41
TXN-0011116,ST-CAL-001,Western,Y,Cash,4,2,32.56
TXN-0011117,ST-CAL-001,Western,Y,Debit,9,6,105.45
TXN-0011118,ST-CAL-001,Western,N,Debit,4,3,21.16
TXN-0011119,ST-CAL-001,Western,Y,Credit,7,3,72.05
TXN-0011120,ST-CAL-001,Western,Y,Mobile,3,2,24.76
TXN-0011121,ST-CAL-001,Western,Y,Credit,2,1,24.26
TXN-0011122,ST-CAL-001,Western,Y,Cash,12,6,59.33
TXN-0011123,ST-CAL-001,Western,Y,Credit,6,5,67.44
TXN-0011124,ST-CAL-001,Western,Y,Debit,5,3,62.50
TXN-0011125,ST-CAL-001,Western,Y,Credit,3,2,20.13
TXN-0011126,ST-EDM-001,Western,N,Mobile,8,3,94.11
TXN-0011127,ST-EDM-001,Western,N,Debit,4,4,40.53
TXN-0011128,ST-EDM-001,Western,Y,Credit,4,2,53.94
TXN-0011129,ST-EDM-001,Western,N,Credit,5,3,35.19
TXN-0011130,ST-EDM-001,Western,Y,Credit,6,3,44.51
TXN-0011131,ST-EDM-001,Western,Y,Debit,5,2,49.72
TXN-0011132,ST-EDM-001,Western,Y,Credit,4,4,35.95
TXN-0011133,ST-EDM-001,Western,N,Mobile,5,3,60.37
TXN-0011134,ST-EDM-001,Western,Y,Debit,7,3,37.75
TXN-0011135,ST-EDM-001,Western,N,Credit,7,4,59.55
TXN-0011136,ST-EDM-001,Western,N,Debit,13,7,94.21
TXN-0011137,ST-EDM-001,Western,N,Debit,6,6,52.05
TXN-0011138,ST-EDM-001,Western,Y,Cash,4,4,41.97
TXN-0011139,ST-EDM-001,Western,Y,Credit,3,2,23.92
TXN-0011140,ST-EDM-001,Western,Y,Debit,4,3,31.76
TXN-0011141,ST-EDM-001,Western,Y,Debit,7,4,41.19
TXN-0011142,ST-EDM-001,Western,N,Debit,9,4,80.91
TXN-0011143,ST-EDM-001,Western,Y,Debit,2,2,18.41
TXN-0011144,ST-TOR-001,Central,Y,Debit,6,5,50.60
TXN-0011145,ST-TOR-001,Central,N,Credit,4,3,43.09
TXN-0011146,ST-TOR-001,Central,Y,Credit,2,2,19.53
TXN-0011147,ST-TOR-001,Central,Y,Credit,7,5,67.11
TXN-0011148,ST-TOR-001,Central,Y,Credit,2,2,14.12
TXN-0011149,ST-TOR-001,Central,Y,Debit,3,3,15.19
TXN-0011150,ST-TOR-001,Central,Y,Debit,8,4,45.94
TXN-0011151,ST-TOR-001,Central,Y,Debit,4,1,61.96
TXN-0011152,ST-TOR-001,Central,Y,Debit,6,3,46.65
TXN-0011153,ST-TOR-001,Central,Y,Debit,10,6,88.20
TXN-0011154,ST-TOR-001,Central,Y,Debit,3,2,35.40
TXN-0011155,ST-TOR-002,Central,Y,Debit,1,1,5.30
TXN-0011156,ST-TOR-002,Central,N,Credit,5,3,55.11
TXN-0011157,ST-TOR-002,Central,Y,Credit,6,3,65.16
TXN-0011158,ST-TOR-002,Central,Y,Credit,4,2,59.42
TXN-0011159,ST-TOR-002,Central,N,Credit,5,3,43.88
TXN-0011160,ST-TOR-002,Central,N,Mobile,7,3,73.39
TXN-0011161,ST-TOR-002,Central,Y,Credit,8,7,55.93
TXN-0011162,ST-TOR-002,Central,Y,Debit,2,2,20.34
TXN-0011163,ST-TOR-002,Central,N,Debit,2,2,30.35
TXN-0011164,ST-TOR-002,Central,Y,Credit,3,3,31.34
TXN-0011165,ST-TOR-002,Central,N,Credit,4,4,31.42
TXN-0011166,ST-TOR-002,Central,N,Credit,7,4,63.44
TXN-0011167,ST-TOR-002,Central,Y,Credit,4,2,27.25
TXN-0011168,ST-SCA-001,Central,Y,Cash,7,4,91.66
TXN-0011169,ST-SCA-001,Central,Y,Credit,5,3,22.72
TXN-0011170,ST-SCA-001,Central,Y,Credit,3,2,5.96
TXN-0011171,ST-SCA-001,Central,Y,Debit,2,2,19.52
TXN-0011172,ST-SCA-001,Central,Y,Mobile,1,1,15.30
TXN-0011173,ST-SCA-001,Central,N,Debit,10,6,124.16
TXN-0011174,ST-SCA-001,Central,Y,Debit,5,3,33.64
TXN-0011175,ST-SCA-001,Central,Y,Cash,5,4,37.25
TXN-0011176,ST-SCA-001,Central,Y,Credit,5,3,55.90
TXN-0011177,ST-SCA-001,Central,N,Credit,4,2,18.68
TXN-0011178,ST-MIS-001,Central,Y,Credit,2,2,18.33
TXN-0011179,ST-MIS-001,Central,Y,Debit,5,4,32.96
TXN-0011180,ST-MIS-001,Central,Y,Credit,2,2,7.55
TXN-0011181,ST-MIS-001,Central,Y,Credit,1,1,3.18
TXN-0011182,ST-MIS-001,Central,Y,Debit,1,1,15.52
TXN-0011183,ST-MIS-001,Central,N,Debit,3,2,10.71
TXN-0011184,ST-MIS-001,Central,Y,Credit,3,2,36.55
TXN-0011185,ST-MIS-001,Central,Y,Credit,9,6,65.99
TXN-0011186,ST-MIS-001,Central,Y,Debit,5,4,47.41
TXN-0011187,ST-MIS-001,Central,N,Credit,5,3,52.30
TXN-0011188,ST-MIS-001,Central,Y,Credit,8,4,77.16
TXN-0011189,ST-MIS-001,Central,Y,Debit,8,5,34.27
TXN-0011190,ST-MIS-001,Central,N,Cash,5,3,54.15
TXN-0011191,ST-MIS-001,Central,Y,Cash,7,4,55.71
TXN-0011192,ST-MIS-001,Central,N,Debit,1,1,13.63
TXN-0011193,ST-MIS-001,Central,Y,Debit,4,2,53.89
TXN-0011194,ST-BRA-001,Central,Y,Debit,7,3,82.59
TXN-0011195,ST-BRA-001,Central,N,Cash,1,1,2.17
TXN-0011196,ST-BRA-001,Central,Y,Debit,5,3,71.08
TXN-0011197,ST-BRA-001,Central,N,Debit,7,4,58.59
TXN-0011198,ST-BRA-001,Central,Y,Cash,2,2,21.63
TXN-0011199,ST-BRA-001,Central,N,Credit,12,4,87.28
TXN-0011200,ST-BRA-001,Central,N,Debit,2,2,19.73
TXN-0011201,ST-BRA-001,Central,N,Credit,2,2,10.61
TXN-0011202,ST-BRA-001,Central,N,Credit,3,3,28.87
TXN-0011203,ST-BRA-001,Central,Y,Credit,5,2,73.64
TXN-0011204,ST-BRA-001,Central,Y,Credit,2,2,20.06
TXN-0011205,ST-BRA-001,Central,Y,Credit,3,2,18.42
TXN-0011206,ST-BRA-001,Central,Y,Credit,3,2,16.23
TXN-0011207,ST-BRA-001,Central,Y,Cash,7,4,64.50
TXN-0011208,ST-HAM-001,Central,N,Credit,10,6,94.19
TXN-0011209,ST-HAM-001,Central,Y,Credit,2,1,5.02
TXN-0011210,ST-HAM-001,Central,N,Credit,4,2,11.28
TXN-0011211,ST-HAM-001,Central,Y,Credit,4,3,23.22
TXN-0011212,ST-HAM-001,Central,Y,Mobile,3,2,17.27
TXN-0011213,ST-HAM-001,Central,Y,Debit,7,3,57.48
TXN-0011214,ST-HAM-001,Central,Y,Credit,1,1,5.64
TXN-0011215,ST-KIT-001,Central,N,Debit,4,3,30.52
TXN-0011216,ST-KIT-001,Central,Y,Credit,3,3,30.14
TXN-0011217,ST-KIT-001,Central,N,Debit,5,2,37.79
TXN-0011218,ST-KIT-001,Central,Y,Debit,4,4,41.39
TXN-0011219,ST-KIT-001,Central,N,Credit,3,2,33.26
TXN-0011220,ST-KIT-001,Central,Y,Credit,6,4,88.11
TXN-0011221,ST-KIT-001,Central,Y,Credit,2,2,22.97
TXN-0011222,ST-KIT-001,Central,Y,Credit,3,3,32.74
TXN-0011223,ST-KIT-001,Central,N,Debit,3,2,32.96
TXN-0011224,ST-KIT-001,Central,N,Debit,3,2,19.80
TXN-0011225,ST-LON-001,Central,Y,Credit,5,5,57.48
TXN-0011226,ST-LON-001,Central,Y,Credit,6,4,60.89
TXN-0011227,ST-LON-001,Central,Y,Mobile,4,3,17.66
TXN-0011228,ST-LON-001,Central,Y,Credit,4,2,10.80
TXN-0011229,ST-LON-001,Central,N,Mobile,4,3,18.81
TXN-0011230,ST-LON-001,Central,Y,Debit,7,4,57.33
TXN-0011231,ST-LON-001,Central,N,Debit,4,3,37.43
TXN-0011232,ST-LON-001,Central,N,Credit,2,2,19.62
TXN-0011233,ST-LON-001,Central,Y,Credit,1,1,1.95
TXN-0011234,ST-OTT-001,Eastern,Y,Credit,2,2,15.32
TXN-0011235,ST-OTT-001,Eastern,Y,Credit,9,5,82.51
TXN-0011236,ST-OTT-001,Eastern,Y,Debit,4,2,54.48
TXN-0011237,ST-OTT-001,Eastern,Y,Credit,7,4,92.96
TXN-0011238,ST-OTT-001,Eastern,Y,Mobile,5,3,75.32
TXN-0011239,ST-OTT-001,Eastern,Y,Debit,9,5,100.26
TXN-0011240,ST-OTT-001,Eastern,Y,Credit,3,2,30.68
TXN-0011241,ST-OTT-001,Eastern,N,Credit,5,3,14.27
TXN-0011242,ST-OTT-001,Eastern,Y,Credit,8,5,53.35
TXN-0011243,ST-OTT-001,Eastern,Y,Cash,1,1,5.28
TXN-0011244,ST-OTT-001,Eastern,Y,Cash,13,7,83.12
TXN-0011245,ST-OTT-001,Eastern,Y,Cash,5,3,32.17
TXN-0011246,ST-OTT-001,Eastern,N,Debit,7,4,72.53
TXN-0011247,ST-OTT-001,Eastern,Y,Debit,5,4,32.91
TXN-0011248,ST-OTT-001,Eastern,Y,Debit,4,2,8.80
TXN-0011249,ST-OTT-001,Eastern,N,Debit,3,3,23.56
TXN-0011250,ST-OTT-001,Eastern,N,Credit,4,2,31.50
TXN-0011251,ST-OTT-001,Eastern,Y,Debit,1,1,8.41
TXN-0011252,ST-OTT-001,Eastern,N,Credit,3,2,15.55
TXN-0011253,ST-OTT-002,Eastern,Y,Cash,6,3,51.74
TXN-0011254,ST-OTT-002,Eastern,Y,Credit,4,2,62.36
TXN-0011255,ST-OTT-002,Eastern,N,Debit,5,3,25.17
TXN-0011256,ST-OTT-002,Eastern,Y,Credit,7,5,68.58
TXN-0011257,ST-OTT-002,Eastern,Y,Mobile,4,3,40.99
TXN-0011258,ST-OTT-002,Eastern,N,Credit,6,6,44.41
TXN-0011259,ST-OTT-002,Eastern,Y,Credit,6,3,76.08
TXN-0011260,ST-OTT-002,Eastern,Y,Debit,4,3,33.31
TXN-0011261,ST-OTT-002,Eastern,Y,Mobile,8,3,61.86
TXN-0011262,ST-OTT-002,Eastern,N,Credit,3,2,32.74
TXN-0011263,ST-OTT-002,Eastern,Y,Debit,2,2,21.97
TXN-0011264,ST-CAL-001,Western,N,Credit,6,4,61.82
TXN-0011265,ST-CAL-001,Western,Y,Credit,4,1,52.04
TXN-0011266,ST-CAL-001,Western,Y,Debit,6,3,47.41
TXN-0011267,ST-CAL-001,Western,Y,Credit,5,3,67.69
TXN-0011268,ST-CAL-001,Western,N,Credit,3,2,11.89
TXN-0011269,ST-CAL-001,Western,Y,Debit,4,3,46.04
TXN-0011270,ST-CAL-001,Western,Y,Credit,5,3,11.57
TXN-0011271,ST-CAL-001,Western,N,Credit,4,2,34.38
TXN-0011272,ST-CAL-001,Western,N,Credit,5,3,61.71
TXN-0011273,ST-CAL-001,Western,Y,Mobile,4,2,44.00
TXN-0011274,ST-CAL-001,Western,N,Debit,6,2,94.64
TXN-0011275,ST-CAL-001,Western,Y,Cash,2,2,16.70
TXN-0011276,ST-CAL-001,Western,Y,Credit,7,2,60.08
TXN-0011277,ST-CAL-001,Western,Y,Cash,4,2,38.58
TXN-0011278,ST-CAL-001,Western,N,Cash,7,3,97.53
TXN-0011279,ST-CAL-001,Western,Y,Credit,4,2,32.18
TXN-0011280,ST-EDM-001,Western,Y,Mobile,4,2,36.46
TXN-0011281,ST-EDM-001,Western,Y,Credit,7,3,75.19
TXN-0011282,ST-EDM-001,Western,N,Cash,8,5,67.38
TXN-0011283,ST-EDM-001,Western,N,Debit,3,2,29.29
TXN-0011284,ST-EDM-001,Western,Y,Debit,8,6,105.25
TXN-0011285,ST-EDM-001,Western,N,Cash,2,1,30.24
TXN-0011286,ST-EDM-001,Western,Y,Debit,7,4,80.17
TXN-0011287,ST-EDM-001,Western,Y,Debit,10,5,109.55
TXN-0011288,ST-EDM-001,Western,N,Debit,6,3,95.95
TXN-0011289,ST-EDM-001,Western,Y,Debit,3,2,35.94
TXN-0011290,ST-EDM-001,Western,Y,Credit,2,2,28.69
TXN-0011291,ST-EDM-001,Western,Y,Credit,3,3,19.93
TXN-0011292,ST-EDM-001,Western,Y,Credit,1,1,11.69
TXN-0011293,ST-EDM-001,Western,N,Debit,5,3,22.32
TXN-0011294,ST-EDM-001,Western,N,Debit,7,4,52.15
TXN-0011295,ST-EDM-001,Western,N,Cash,2,2,19.47
TXN-0011296,ST-TOR-001,Central,N,Debit,2,2,15.92
TXN-0011297,ST-TOR-001,Central,Y,Debit,7,4,63.53
TXN-0011298,ST-TOR-001,Central,Y,Cash,5,4,31.91
TXN-0011299,ST-TOR-001,Central,N,Credit,8,7,85.42
TXN-0011300,ST-TOR-001,Central,Y,Credit,7,4,49.83
TXN-0011301,ST-TOR-001,Central,Y,Debit,4,4,32.65
TXN-0011302,ST-TOR-001,Central,Y,Debit,4,2,36.86
TXN-0011303,ST-TOR-001,Central,Y,Debit,2,2,19.37
TXN-0011304,ST-TOR-001,Central,N,Debit,3,2,32.67
TXN-0011305,ST-TOR-001,Central,N,Debit,9,6,96.66
TXN-0011306,ST-TOR-002,Central,Y,Debit,7,4,61.85
TXN-0011307,ST-TOR-002,Central,Y,Credit,1,1,7.17
TXN-0011308,ST-TOR-002,Central,N,Debit,8,4,98.08
TXN-0011309,ST-TOR-002,Central,Y,Debit,2,2,17.86
TXN-0011310,ST-TOR-002,Central,Y,Debit,6,4,79.88
TXN-0011311,ST-TOR-002,Central,Y,Credit,3,2,43.76
TXN-0011312,ST-SCA-001,Central,Y,Debit,2,2,18.24
TXN-0011313,ST-SCA-001,Central,N,Credit,6,2,50.38
TXN-0011314,ST-SCA-001,Central,Y,Cash,3,3,33.29
TXN-0011315,ST-SCA-001,Central,Y,Credit,2,1,25.64
TXN-0011316,ST-SCA-001,Central,Y,Credit,5,5,32.23
TXN-0011317,ST-SCA-001,Central,N,Credit,3,2,19.21
TXN-0011318,ST-SCA-001,Central,Y,Debit,2,2,20.75
TXN-0011319,ST-SCA-001,Central,Y,Credit,5,3,57.71
TXN-0011320,ST-SCA-001,Central,Y,Credit,4,3,40.16
TXN-0011321,ST-MIS-001,Central,Y,Debit,4,3,44.56
TXN-0011322,ST-MIS-001,Central,N,Credit,3,2,21.47
TXN-0011323,ST-MIS-001,Central,Y,Debit,6,4,29.64
TXN-0011324,ST-MIS-001,Central,Y,Debit,7,5,75.69
TXN-0011325,ST-MIS-001,Central,Y,Debit,1,1,12.48
TXN-0011326,ST-MIS-001,Central,Y,Debit,2,1,22.14
TXN-0011327,ST-MIS-001,Central,N,Credit,5,3,28.83
TXN-0011328,ST-MIS-001,Central,N,Debit,7,5,61.13
TXN-0011329,ST-MIS-001,Central,N,Cash,10,6,80.52
TXN-0011330,ST-MIS-001,Central,Y,Credit,2,1,24.74
TXN-0011331,ST-MIS-001,Central,Y,Credit,5,3,35.32
TXN-0011332,ST-MIS-001,Central,Y,Mobile,6,5,54.39
TXN-0011333,ST-BRA-001,Central,Y,Credit,6,3,32.66
TXN-0011334,ST-BRA-001,Central,N,Credit,2,1,26.38
TXN-0011335,ST-BRA-001,Central,Y,Credit,6,3,52.52
TXN-0011336,ST-BRA-001,Central,Y,Credit,1,1,1.85
TXN-0011337,ST-BRA-001,Central,Y,Debit,4,3,33.74
TXN-0011338,ST-BRA-001,Central,Y,Debit,4,3,39.67
TXN-0011339,ST-BRA-001,Central,Y,Credit,4,2,10.80
TXN-0011340,ST-BRA-001,Central,Y,Debit,3,3,17.43
TXN-0011341,ST-BRA-001,Central,Y,Mobile,5,3,48.99
TXN-0011342,ST-BRA-001,Central,Y,Credit,5,3,36.96
TXN-0011343,ST-HAM-001,Central,Y,Credit,7,5,52.49
TXN-0011344,ST-HAM-001,Central,Y,Credit,3,3,35.14
TXN-0011345,ST-KIT-001,Central,N,Credit,8,5,60.29
TXN-0011346,ST-KIT-001,Central,N,Debit,6,4,59.33
TXN-0011347,ST-KIT-001,Central,Y,Debit,3,2,18.37
TXN-0011348,ST-KIT-001,Central,N,Debit,3,3,22.01
TXN-0011349,ST-KIT-001,Central,N,Debit,6,3,47.96
TXN-0011350,ST-KIT-001,Central,N,Mobile,3,3,30.30
TXN-0011351,ST-KIT-001,Central,Y,Cash,5,3,45.55
TXN-0011352,ST-KIT-001,Central,N,Debit,1,1,8.54
TXN-0011353,ST-KIT-001,Central,Y,Credit,2,2,19.98
TXN-0011354,ST-LON-001,Central,Y,Credit,3,2,24.54
TXN-0011355,ST-LON-001,Central,Y,Mobile,12,7,115.70
TXN-0011356,ST-LON-001,Central,N,Credit,7,3,59.66
TXN-0011357,ST-LON-001,Central,Y,Credit,5,5,57.14
TXN-0011358,ST-LON-001,Central,N,Cash,5,4,48.06
TXN-0011359,ST-OTT-001,Eastern,Y,Debit,1,1,5.10
TXN-0011360,ST-OTT-001,Eastern,N,Debit,1,1,4.40
TXN-0011361,ST-OTT-001,Eastern,Y,Credit,7,3,74.97
TXN-0011362,ST-OTT-001,Eastern,Y,Debit,2,2,25.66
TXN-0011363,ST-OTT-001,Eastern,N,Credit,8,6,70.77
TXN-0011364,ST-OTT-001,Eastern,N,Credit,3,3,32.12
TXN-0011365,ST-OTT-001,Eastern,Y,Mobile,6,3,40.94
TXN-0011366,ST-OTT-001,Eastern,N,Mobile,4,3,27.46
TXN-0011367,ST-OTT-001,Eastern,Y,Debit,11,5,78.71
TXN-0011368,ST-OTT-001,Eastern,Y,Debit,3,2,13.17
TXN-0011369,ST-OTT-001,Eastern,N,Debit,8,4,75.91
TXN-0011370,ST-OTT-001,Eastern,N,Debit,3,2,18.70
TXN-0011371,ST-OTT-001,Eastern,Y,Credit,1,1,11.86
TXN-0011372,ST-OTT-002,Eastern,N,Credit,6,4,54.70
TXN-0011373,ST-OTT-002,Eastern,N,Credit,4,3,23.96
TXN-0011374,ST-OTT-002,Eastern,N,Credit,4,3,55.71
TXN-0011375,ST-OTT-002,Eastern,Y,Credit,5,3,29.29
TXN-0011376,ST-OTT-002,Eastern,Y,Debit,4,3,42.08
TXN-0011377,ST-CAL-001,Western,Y,Debit,5,2,22.33
TXN-0011378,ST-CAL-001,Western,N,Debit,4,2,37.70
TXN-0011379,ST-CAL-001,Western,N,Credit,6,3,75.23
TXN-0011380,ST-CAL-001,Western,Y,Credit,6,3,62.58
TXN-0011381,ST-CAL-001,Western,Y,Credit,2,2,14.61
TXN-0011382,ST-CAL-001,Western,Y,Cash,4,2,42.85
TXN-0011383,ST-CAL-001,Western,N,Debit,7,3,70.34
TXN-0011384,ST-CAL-001,Western,Y,Credit,2,2,9.40
TXN-0011385,ST-CAL-001,Western,Y,Cash,2,2,19.44
TXN-0011386,ST-CAL-001,Western,Y,Credit,5,3,50.47
TXN-0011387,ST-CAL-001,Western,N,Credit,5,3,55.28
TXN-0011388,ST-EDM-001,Western,N,Mobile,5,5,57.78
TXN-0011389,ST-EDM-001,Western,N,Credit,4,3,43.80
TXN-0011390,ST-EDM-001,Western,Y,Debit,4,4,39.64
TXN-0011391,ST-EDM-001,Western,Y,Debit,6,4,40.23
TXN-0011392,ST-EDM-001,Western,N,Cash,2,2,31.13
TXN-0011393,ST-EDM-001,Western,Y,Cash,4,4,46.78
TXN-0011394,ST-EDM-001,Western,Y,Credit,6,2,52.80
TXN-0011395,ST-EDM-001,Western,Y,Credit,4,3,40.85
TXN-0011396,ST-EDM-001,Western,N,Mobile,2,2,27.10
TXN-0011397,ST-EDM-001,Western,Y,Debit,7,5,44.67
TXN-0011398,ST-TOR-001,Central,N,Credit,4,3,36.24
TXN-0011399,ST-TOR-001,Central,N,Cash,2,2,18.23
TXN-0011400,ST-TOR-001,Central,Y,Cash,5,4,51.64
TXN-0011401,ST-TOR-001,Central,N,Credit,2,1,4.38
TXN-0011402,ST-TOR-001,Central,Y,Credit,5,4,40.10
TXN-0011403,ST-TOR-001,Central,Y,Credit,1,1,10.96
TXN-0011404,ST-TOR-001,Central,Y,Credit,6,4,70.59
TXN-0011405,ST-TOR-001,Central,Y,Debit,4,3,34.56
TXN-0011406,ST-TOR-001,Central,Y,Debit,5,3,65.02
TXN-0011407,ST-TOR-001,Central,N,Credit,2,2,26.99
TXN-0011408,ST-TOR-001,Central,Y,Credit,3,3,31.87
TXN-0011409,ST-TOR-001,Central,Y,Credit,6,3,73.87
TXN-0011410,ST-TOR-001,Central,Y,Credit,2,2,5.39
TXN-0011411,ST-TOR-001,Central,Y,Credit,2,2,12.94
TXN-0011412,ST-TOR-001,Central,Y,Debit,2,2,31.37
TXN-0011413,ST-TOR-001,Central,Y,Debit,6,5,44.28
TXN-0011414,ST-TOR-002,Central,Y,Debit,7,5,73.22
TXN-0011415,ST-TOR-002,Central,Y,Debit,6,3,40.07
TXN-0011416,ST-TOR-002,Central,Y,Cash,5,3,37.47
TXN-0011417,ST-TOR-002,Central,Y,Credit,5,5,53.48
TXN-0011418,ST-TOR-002,Central,N,Credit,3,3,34.36
TXN-0011419,ST-TOR-002,Central,Y,Credit,7,4,91.47
TXN-0011420,ST-TOR-002,Central,N,Cash,3,2,27.51
TXN-0011421,ST-TOR-002,Central,N,Credit,8,4,51.97
TXN-0011422,ST-TOR-002,Central,Y,Mobile,2,2,15.05
TXN-0011423,ST-TOR-002,Central,Y,Credit,9,6,76.75
TXN-0011424,ST-TOR-002,Central,N,Debit,15,7,167.52
TXN-0011425,ST-TOR-002,Central,N,Credit,5,3,35.78
TXN-0011426,ST-TOR-002,Central,Y,Credit,5,4,55.70
TXN-0011427,ST-TOR-002,Central,Y,Mobile,8,4,71.05
TXN-0011428,ST-SCA-001,Central,N,Debit,2,1,12.78
TXN-0011429,ST-SCA-001,Central,Y,Credit,3,2,32.89
TXN-0011430,ST-SCA-001,Central,Y,Credit,4,3,40.05
TXN-0011431,ST-SCA-001,Central,N,Debit,5,5,45.30
TXN-0011432,ST-SCA-001,Central,N,Debit,4,4,41.47
TXN-0011433,ST-SCA-001,Central,Y,Debit,8,6,76.03
TXN-0011434,ST-SCA-001,Central,Y,Debit,6,3,49.84
TXN-0011435,ST-SCA-001,Central,Y,Mobile,6,2,45.57
TXN-0011436,ST-SCA-001,Central,N,Credit,1,1,7.50
TXN-0011437,ST-MIS-001,Central,N,Credit,2,1,4.48
TXN-0011438,ST-MIS-001,Central,N,Credit,5,4,46.23
TXN-0011439,ST-MIS-001,Central,Y,Debit,1,1,10.51
TXN-0011440,ST-MIS-001,Central,N,Cash,7,4,45.08
TXN-0011441,ST-MIS-001,Central,N,Credit,6,4,67.56
TXN-0011442,ST-MIS-001,Central,Y,Debit,6,5,61.34
TXN-0011443,ST-MIS-001,Central,Y,Debit,3,2,14.50
TXN-0011444,ST-MIS-001,Central,Y,Credit,5,3,64.48
TXN-0011445,ST-MIS-001,Central,Y,Mobile,7,2,25.36
TXN-0011446,ST-MIS-001,Central,Y,Cash,2,2,15.99
TXN-0011447,ST-MIS-001,Central,N,Debit,1,1,2.32
TXN-0011448,ST-MIS-001,Central,Y,Mobile,1,1,10.07
TXN-0011449,ST-MIS-001,Central,N,Credit,4,3,36.21
TXN-0011450,ST-MIS-001,Central,Y,Credit,3,3,33.28
TXN-0011451,ST-BRA-001,Central,Y,Debit,10,5,79.59
TXN-0011452,ST-BRA-001,Central,Y,Debit,2,2,27.67
TXN-0011453,ST-BRA-001,Central,Y,Credit,5,3,18.64
TXN-0011454,ST-BRA-001,Central,Y,Debit,2,2,29.20
TXN-0011455,ST-BRA-001,Central,Y,Credit,4,2,23.55
TXN-0011456,ST-BRA-001,Central,Y,Debit,5,4,43.99
TXN-0011457,ST-BRA-001,Central,N,Debit,1,1,13.87
TXN-0011458,ST-BRA-001,Central,Y,Mobile,4,2,26.69
TXN-0011459,ST-BRA-001,Central,Y,Debit,1,1,15.20
TXN-0011460,ST-BRA-001,Central,N,Debit,8,5,98.94
TXN-0011461,ST-BRA-001,Central,N,Debit,3,2,18.93
TXN-0011462,ST-BRA-001,Central,N,Debit,1,1,3.30
TXN-0011463,ST-BRA-001,Central,N,Cash,2,2,18.58
TXN-0011464,ST-BRA-001,Central,Y,Mobile,1,1,12.28
TXN-0011465,ST-BRA-001,Central,Y,Debit,5,2,73.04
TXN-0011466,ST-BRA-001,Central,Y,Credit,1,1,2.29
TXN-0011467,ST-BRA-001,Central,N,Debit,5,3,40.67
TXN-0011468,ST-BRA-001,Central,Y,Debit,5,4,41.18
TXN-0011469,ST-HAM-001,Central,Y,Credit,1,1,5.63
TXN-0011470,ST-HAM-001,Central,Y,Credit,9,5,89.13
TXN-0011471,ST-HAM-001,Central,Y,Credit,11,7,107.66
TXN-0011472,ST-HAM-001,Central,Y,Debit,11,5,112.89
TXN-0011473,ST-HAM-001,Central,N,Credit,6,3,86.38
TXN-0011474,ST-HAM-001,Central,N,Debit,7,3,91.60
TXN-0011475,ST-HAM-001,Central,Y,Mobile,5,4,49.59
TXN-0011476,ST-HAM-001,Central,Y,Debit,5,2,50.98
TXN-0011477,ST-HAM-001,Central,Y,Credit,3,2,31.37
TXN-0011478,ST-HAM-001,Central,N,Debit,4,2,60.71
TXN-0011479,ST-HAM-001,Central,Y,Credit,2,2,29.51
TXN-0011480,ST-KIT-001,Central,Y,Debit,6,5,61.87
TXN-0011481,ST-KIT-001,Central,Y,Debit,7,4,69.77
TXN-0011482,ST-KIT-001,Central,Y,Cash,5,5,38.40
TXN-0011483,ST-KIT-001,Central,Y,Credit,9,5,98.52
TXN-0011484,ST-KIT-001,Central,Y,Credit,10,5,91.75
TXN-0011485,ST-KIT-001,Central,N,Credit,2,2,12.11
TXN-0011486,ST-KIT-001,Central,Y,Credit,4,2,55.88
TXN-0011487,ST-KIT-001,Central,N,Debit,4,4,36.56
TXN-0011488,ST-KIT-001,Central,N,Credit,2,2,16.90
TXN-0011489,ST-KIT-001,Central,Y,Debit,3,2,26.02
TXN-0011490,ST-KIT-001,Central,Y,Credit,6,3,82.05
TXN-0011491,ST-LON-001,Central,Y,Debit,3,2,13.86
TXN-0011492,ST-LON-001,Central,Y,Credit,6,3,60.92
TXN-0011493,ST-LON-001,Central,N,Cash,4,3,40.90
TXN-0011494,ST-LON-001,Central,Y,Debit,9,5,41.14
TXN-0011495,ST-LON-001,Central,N,Debit,6,3,70.89
TXN-0011496,ST-LON-001,Central,N,Credit,3,2,33.25
TXN-0011497,ST-LON-001,Central,N,Credit,6,3,56.32
TXN-0011498,ST-LON-001,Central,N,Debit,4,3,34.45
TXN-0011499,ST-LON-001,Central,Y,Credit,5,4,63.29
TXN-0011500,ST-LON-001,Central,Y,Debit,6,3,44.96
TXN-0011501,ST-LON-001,Central,Y,Debit,4,2,28.59
TXN-0011502,ST-OTT-001,Eastern,Y,Debit,4,2,36.56
TXN-0011503,ST-OTT-001,Eastern,Y,Credit,7,4,76.75
TXN-0011504,ST-OTT-001,Eastern,Y,Credit,4,2,59.71
TXN-0011505,ST-OTT-001,Eastern,Y,Debit,1,1,3.08
TXN-0011506,ST-OTT-001,Eastern,Y,Credit,10,5,93.10
TXN-0011507,ST-OTT-001,Eastern,Y,Debit,5,3,66.09
TXN-0011508,ST-OTT-001,Eastern,Y,Credit,4,3,32.86
TXN-0011509,ST-OTT-001,Eastern,Y,Credit,8,3,73.01
TXN-0011510,ST-OTT-001,Eastern,Y,Credit,4,4,32.19
TXN-0011511,ST-OTT-001,Eastern,Y,Debit,13,6,70.53
TXN-0011512,ST-OTT-001,Eastern,N,Cash,1,1,3.00
TXN-0011513,ST-OTT-001,Eastern,Y,Debit,13,7,107.75
TXN-0011514,ST-OTT-001,Eastern,Y,Cash,10,5,60.71
TXN-0011515,ST-OTT-001,Eastern,Y,Credit,6,3,69.02
TXN-0011516,ST-OTT-001,Eastern,Y,Credit,3,3,28.23
TXN-0011517,ST-OTT-001,Eastern,Y,Credit,4,4,37.14
TXN-0011518,ST-OTT-002,Eastern,Y,Mobile,6,4,86.90
TXN-0011519,ST-OTT-002,Eastern,Y,Debit,7,4,61.96
TXN-0011520,ST-OTT-002,Eastern,N,Credit,3,3,26.61
TXN-0011521,ST-OTT-002,Eastern,Y,Debit,1,1,3.18
TXN-0011522,ST-OTT-002,Eastern,N,Debit,2,2,17.07
TXN-0011523,ST-OTT-002,Eastern,N,Credit,2,2,26.06
TXN-0011524,ST-OTT-002,Eastern,N,Debit,4,3,43.56
TXN-0011525,ST-OTT-002,Eastern,Y,Credit,3,3,18.98
TXN-0011526,ST-OTT-002,Eastern,Y,Debit,2,2,16.23
TXN-0011527,ST-OTT-002,Eastern,N,Credit,8,6,102.68
TXN-0011528,ST-OTT-002,Eastern,Y,Debit,2,1,12.62
TXN-0011529,ST-OTT-002,Eastern,Y,Debit,5,3,44.19
TXN-0011530,ST-CAL-001,Western,Y,Debit,6,4,53.70
TXN-0011531,ST-CAL-001,Western,Y,Debit,1,1,11.81
TXN-0011532,ST-CAL-001,Western,Y,Credit,8,3,50.41
TXN-0011533,ST-CAL-001,Western,Y,Debit,4,1,59.28
TXN-0011534,ST-CAL-001,Western,Y,Mobile,6,5,44.84
TXN-0011535,ST-CAL-001,Western,N,Credit,10,5,103.01
TXN-0011536,ST-CAL-001,Western,N,Credit,3,3,31.81
TXN-0011537,ST-CAL-001,Western,N,Debit,6,3,62.49
TXN-0011538,ST-CAL-001,Western,Y,Credit,5,2,28.88
TXN-0011539,ST-CAL-001,Western,N,Mobile,7,4,64.46
TXN-0011540,ST-CAL-001,Western,Y,Debit,8,5,74.64
TXN-0011541,ST-CAL-001,Western,Y,Debit,18,7,201.09
TXN-0011542,ST-CAL-001,Western,N,Credit,3,3,24.87
TXN-0011543,ST-CAL-001,Western,Y,Credit,5,3,37.42
TXN-0011544,ST-EDM-001,Western,Y,Debit,6,5,65.02
TXN-0011545,ST-EDM-001,Western,Y,Cash,1,1,1.86
TXN-0011546,ST-EDM-001,Western,Y,Mobile,4,2,27.91
TXN-0011547,ST-EDM-001,Western,N,Credit,2,2,14.02
TXN-0011548,ST-EDM-001,Western,Y,Cash,4,2,31.73
TXN-0011549,ST-EDM-001,Western,Y,Credit,2,2,16.35
TXN-0011550,ST-EDM-001,Western,Y,Debit,4,3,23.56
TXN-0011551,ST-EDM-001,Western,Y,Debit,1,1,3.31
TXN-0011552,ST-EDM-001,Western,Y,Debit,10,7,47.97
TXN-0011553,ST-EDM-001,Western,N,Credit,4,3,20.22
TXN-0011554,ST-EDM-001,Western,Y,Cash,5,2,23.71
TXN-0011555,ST-EDM-001,Western,Y,Credit,2,2,17.78
TXN-0011556,ST-EDM-001,Western,Y,Debit,4,3,27.88
TXN-0011557,ST-EDM-001,Western,Y,Debit,1,1,2.25
TXN-0011558,ST-TOR-001,Central,Y,Debit,10,5,79.61
TXN-0011559,ST-TOR-001,Central,N,Debit,5,3,40.63
TXN-0011560,ST-TOR-001,Central,Y,Debit,3,2,34.10
TXN-0011561,ST-TOR-001,Central,Y,Debit,1,1,14.72
TXN-0011562,ST-TOR-001,Central,N,Credit,1,1,3.39
TXN-0011563,ST-TOR-001,Central,Y,Cash,7,3,53.11
TXN-0011564,ST-TOR-001,Central,Y,Credit,5,3,29.99
TXN-0011565,ST-TOR-001,Central,Y,Cash,12,6,132.76
TXN-0011566,ST-TOR-001,Central,Y,Debit,1,1,6.38
TXN-0011567,ST-TOR-001,Central,Y,Mobile,3,2,33.10
TXN-0011568,ST-TOR-001,Central,N,Debit,8,3,64.62
TXN-0011569,ST-TOR-001,Central,Y,Debit,4,3,32.14
TXN-0011570,ST-TOR-001,Central,Y,Credit,4,3,37.55
TXN-0011571,ST-TOR-001,Central,N,Debit,1,1,5.44
TXN-0011572,ST-TOR-001,Central,N,Debit,7,4,41.13
TXN-0011573,ST-TOR-002,Central,N,Credit,2,2,9.22
TXN-0011574,ST-TOR-002,Central,N,Debit,6,5,45.14
TXN-0011575,ST-TOR-002,Central,Y,Debit,8,3,62.38
TXN-0011576,ST-TOR-002,Central,Y,Debit,7,4,102.56
TXN-0011577,ST-TOR-002,Central,N,Debit,3,3,32.85
TXN-0011578,ST-TOR-002,Central,N,Cash,3,1,49.86
TXN-0011579,ST-TOR-002,Central,Y,Debit,6,3,48.86
TXN-0011580,ST-TOR-002,Central,Y,Credit,5,3,16.68
TXN-0011581,ST-TOR-002,Central,Y,Credit,1,1,5.39
TXN-0011582,ST-TOR-002,Central,Y,Debit,6,5,47.55
TXN-0011583,ST-TOR-002,Central,Y,Credit,5,5,52.20
TXN-0011584,ST-TOR-002,Central,Y,Debit,9,4,75.41
TXN-0011585,ST-SCA-001,Central,Y,Debit,4,3,24.50
TXN-0011586,ST-SCA-001,Central,N,Credit,1,1,2.14
TXN-0011587,ST-SCA-001,Central,Y,Credit,2,2,30.83
TXN-0011588,ST-SCA-001,Central,N,Cash,4,2,22.80
TXN-0011589,ST-SCA-001,Central,Y,Credit,2,2,18.01
TXN-0011590,ST-SCA-001,Central,N,Debit,6,3,58.68
TXN-0011591,ST-SCA-001,Central,Y,Credit,7,4,96.38
TXN-0011592,ST-SCA-001,Central,Y,Debit,8,5,64.46
TXN-0011593,ST-SCA-001,Central,Y,Debit,7,4,46.17
TXN-0011594,ST-SCA-001,Central,Y,Credit,3,3,36.00
TXN-0011595,ST-SCA-001,Central,Y,Debit,8,4,39.17
TXN-0011596,ST-SCA-001,Central,Y,Debit,2,2,25.14
TXN-0011597,ST-SCA-001,Central,Y,Cash,5,4,61.80
TXN-0011598,ST-SCA-001,Central,Y,Credit,6,4,77.56
TXN-0011599,ST-SCA-001,Central,Y,Mobile,5,4,49.93
TXN-0011600,ST-SCA-001,Central,N,Cash,4,1,22.36
TXN-0011601,ST-MIS-001,Central,Y,Cash,1,1,3.29
TXN-0011602,ST-MIS-001,Central,N,Credit,3,2,8.80
TXN-0011603,ST-MIS-001,Central,Y,Credit,2,2,24.33
TXN-0011604,ST-MIS-001,Central,N,Credit,8,3,92.12
TXN-0011605,ST-MIS-001,Central,Y,Credit,1,1,14.81
TXN-0011606,ST-MIS-001,Central,Y,Debit,7,4,50.44
TXN-0011607,ST-MIS-001,Central,Y,Debit,5,3,51.18
TXN-0011608,ST-MIS-001,Central,Y,Debit,3,2,30.59
TXN-0011609,ST-BRA-001,Central,N,Credit,5,3,27.23
TXN-0011610,ST-BRA-001,Central,Y,Mobile,5,3,39.40
TXN-0011611,ST-BRA-001,Central,Y,Credit,4,3,30.55
TXN-0011612,ST-BRA-001,Central,N,Debit,10,7,82.32
TXN-0011613,ST-BRA-001,Central,N,Credit,4,2,19.12
TXN-0011614,ST-BRA-001,Central,Y,Debit,2,2,28.68
TXN-0011615,ST-BRA-001,Central,Y,Credit,8,4,60.70
TXN-0011616,ST-BRA-001,Central,Y,Cash,3,2,38.23
TXN-0011617,ST-BRA-001,Central,N,Cash,1,1,8.81
TXN-0011618,ST-HAM-001,Central,N,Cash,3,1,7.44
TXN-0011619,ST-HAM-001,Central,Y,Mobile,5,4,62.40
TXN-0011620,ST-HAM-001,Central,N,Credit,5,4,56.28
TXN-0011621,ST-HAM-001,Central,Y,Debit,5,3,67.84
TXN-0011622,ST-HAM-001,Central,Y,Mobile,3,2,22.47
TXN-0011623,ST-HAM-001,Central,N,Credit,2,2,26.14
TXN-0011624,ST-HAM-001,Central,Y,Cash,4,3,35.32
TXN-0011625,ST-HAM-001,Central,Y,Debit,4,3,32.19
TXN-0011626,ST-HAM-001,Central,N,Credit,2,2,16.76
TXN-0011627,ST-HAM-001,Central,Y,Debit,6,3,56.60
TXN-0011628,ST-HAM-001,Central,N,Credit,1,1,2.18
TXN-0011629,ST-HAM-001,Central,N,Debit,2,2,21.49
TXN-0011630,ST-HAM-001,Central,Y,Debit,1,1,11.09
TXN-0011631,ST-HAM-001,Central,Y,Credit,4,3,38.89
TXN-0011632,ST-HAM-001,Central,Y,Mobile,3,3,27.27
TXN-0011633,ST-KIT-001,Central,Y,Debit,5,4,47.20
TXN-0011634,ST-KIT-001,Central,Y,Cash,4,3,41.36
TXN-0011635,ST-KIT-001,Central,N,Cash,5,5,59.62
TXN-0011636,ST-KIT-001,Central,Y,Mobile,1,1,3.16
TXN-0011637,ST-KIT-001,Central,Y,Credit,2,2,6.67
TXN-0011638,ST-KIT-001,Central,Y,Credit,3,2,17.76
TXN-0011639,ST-KIT-001,Central,Y,Credit,3,3,11.42
TXN-0011640,ST-KIT-001,Central,N,Debit,3,2,28.20
TXN-0011641,ST-KIT-001,Central,Y,Debit,3,2,17.89
TXN-0011642,ST-LON-001,Central,Y,Debit,3,2,36.31
TXN-0011643,ST-LON-001,Central,N,Debit,2,1,31.90
TXN-0011644,ST-LON-001,Central,Y,Debit,4,4,39.17
TXN-0011645,ST-LON-001,Central,Y,Debit,7,4,71.00
TXN-0011646,ST-LON-001,Central,Y,Debit,6,4,52.23
TXN-0011647,ST-LON-001,Central,N,Credit,5,4,31.27
TXN-0011648,ST-LON-001,Central,Y,Credit,2,2,16.80
TXN-0011649,ST-LON-001,Central,Y,Debit,3,2,29.42
TXN-0011650,ST-LON-001,Central,Y,Debit,4,4,37.83
TXN-0011651,ST-LON-001,Central,Y,Mobile,13,7,145.19
TXN-0011652,ST-LON-001,Central,N,Credit,1,1,11.24
TXN-0011653,ST-LON-001,Central,N,Credit,2,1,30.58
TXN-0011654,ST-LON-001,Central,Y,Credit,7,3,89.74
TXN-0011655,ST-OTT-001,Eastern,Y,Credit,3,2,11.83
TXN-0011656,ST-OTT-001,Eastern,N,Debit,3,2,46.23
TXN-0011657,ST-OTT-001,Eastern,N,Debit,2,2,18.00
TXN-0011658,ST-OTT-001,Eastern,Y,Credit,4,4,49.40
TXN-0011659,ST-OTT-001,Eastern,Y,Debit,3,2,49.25
TXN-0011660,ST-OTT-001,Eastern,Y,Credit,4,3,44.71
TXN-0011661,ST-OTT-001,Eastern,Y,Credit,4,4,30.80
TXN-0011662,ST-OTT-001,Eastern,Y,Debit,2,2,28.97
TXN-0011663,ST-OTT-001,Eastern,N,Cash,5,2,76.48
TXN-0011664,ST-OTT-001,Eastern,Y,Debit,4,3,23.60
TXN-0011665,ST-OTT-001,Eastern,Y,Debit,6,4,54.97
TXN-0011666,ST-OTT-001,Eastern,N,Debit,2,2,6.47
TXN-0011667,ST-OTT-001,Eastern,Y,Credit,2,2,19.05
TXN-0011668,ST-OTT-001,Eastern,Y,Debit,6,3,46.39
TXN-0011669,ST-OTT-001,Eastern,Y,Cash,3,2,31.29
TXN-0011670,ST-OTT-001,Eastern,N,Credit,5,4,44.70
TXN-0011671,ST-OTT-001,Eastern,Y,Cash,1,1,16.40
TXN-0011672,ST-OTT-002,Eastern,N,Debit,2,1,25.62
TXN-0011673,ST-OTT-002,Eastern,Y,Debit,1,1,2.27
TXN-0011674,ST-OTT-002,Eastern,Y,Credit,2,2,27.39
TXN-0011675,ST-OTT-002,Eastern,Y,Debit,4,2,50.58
TXN-0011676,ST-OTT-002,Eastern,N,Credit,10,5,126.07
TXN-0011677,ST-OTT-002,Eastern,Y,Credit,3,3,17.54
TXN-0011678,ST-CAL-001,Western,N,Mobile,3,1,52.35
TXN-0011679,ST-CAL-001,Western,N,Credit,7,5,31.23
TXN-0011680,ST-CAL-001,Western,N,Debit,4,3,19.47
TXN-0011681,ST-CAL-001,Western,Y,Credit,4,2,44.90
TXN-0011682,ST-CAL-001,Western,Y,Debit,5,2,22.28
TXN-0011683,ST-CAL-001,Western,Y,Debit,5,5,56.63
TXN-0011684,ST-CAL-001,Western,Y,Debit,3,3,25.16
TXN-0011685,ST-CAL-001,Western,Y,Debit,2,1,12.54
TXN-0011686,ST-CAL-001,Western,Y,Credit,6,2,84.36
TXN-0011687,ST-CAL-001,Western,N,Mobile,4,3,19.95
TXN-0011688,ST-CAL-001,Western,N,Debit,6,4,68.92
TXN-0011689,ST-CAL-001,Western,N,Credit,4,3,41.53
TXN-0011690,ST-CAL-001,Western,Y,Debit,7,4,102.04
TXN-0011691,ST-EDM-001,Western,N,Credit,1,1,12.69
TXN-0011692,ST-EDM-001,Western,N,Credit,8,5,62.98
TXN-0011693,ST-EDM-001,Western,Y,Debit,8,4,94.01
TXN-0011694,ST-EDM-001,Western,Y,Credit,4,4,54.12
TXN-0011695,ST-EDM-001,Western,N,Debit,6,4,32.21
TXN-0011696,ST-EDM-001,Western,Y,Credit,2,2,9.58
TXN-0011697,ST-EDM-001,Western,Y,Credit,5,2,61.23
TXN-0011698,ST-EDM-001,Western,Y,Credit,3,2,7.49
TXN-0011699,ST-EDM-001,Western,N,Cash,1,1,10.64
TXN-0011700,ST-EDM-001,Western,N,Credit,5,2,31.40
TXN-0011701,ST-EDM-001,Western,Y,Debit,1,1,5.31
TXN-0011702,ST-EDM-001,Western,Y,Debit,2,2,17.63
TXN-0011703,ST-TOR-001,Central,N,Credit,6,3,47.39
TXN-0011704,ST-TOR-001,Central,Y,Credit,8,5,45.11
TXN-0011705,ST-TOR-001,Central,N,Debit,2,2,31.52
TXN-0011706,ST-TOR-001,Central,Y,Credit,4,3,42.71
TXN-0011707,ST-TOR-001,Central,N,Credit,3,3,21.68
TXN-0011708,ST-TOR-001,Central,Y,Credit,2,2,19.10
TXN-0011709,ST-TOR-001,Central,Y,Credit,4,3,54.02
TXN-0011710,ST-TOR-001,Central,Y,Debit,1,1,7.40
TXN-0011711,ST-TOR-001,Central,Y,Credit,4,3,40.83
TXN-0011712,ST-TOR-002,Central,Y,Credit,4,2,55.43
TXN-0011713,ST-TOR-002,Central,Y,Debit,5,3,73.05
TXN-0011714,ST-TOR-002,Central,Y,Debit,3,2,45.46
TXN-0011715,ST-TOR-002,Central,Y,Credit,6,5,50.92
TXN-0011716,ST-TOR-002,Central,N,Debit,4,3,39.83
TXN-0011717,ST-TOR-002,Central,Y,Debit,2,2,22.20
TXN-0011718,ST-TOR-002,Central,N,Debit,5,4,60.30
TXN-0011719,ST-TOR-002,Central,Y,Credit,4,4,38.87
TXN-0011720,ST-TOR-002,Central,Y,Credit,4,3,44.65
TXN-0011721,ST-TOR-002,Central,N,Credit,6,4,83.50
TXN-0011722,ST-TOR-002,Central,N,Credit,4,3,24.57
TXN-0011723,ST-TOR-002,Central,Y,Credit,2,2,24.67
TXN-0011724,ST-TOR-002,Central,N,Credit,6,4,66.20
TXN-0011725,ST-TOR-002,Central,N,Credit,2,2,18.63
TXN-0011726,ST-TOR-002,Central,Y,Credit,2,1,26.24
TXN-0011727,ST-TOR-002,Central,N,Credit,3,2,35.11
TXN-0011728,ST-TOR-002,Central,Y,Debit,5,3,44.05
TXN-0011729,ST-TOR-002,Central,Y,Cash,4,3,42.09
TXN-0011730,ST-SCA-001,Central,Y,Debit,8,4,101.12
TXN-0011731,ST-SCA-001,Central,Y,Credit,2,1,25.90
TXN-0011732,ST-SCA-001,Central,Y,Credit,3,3,30.41
TXN-0011733,ST-SCA-001,Central,Y,Credit,6,4,42.77
TXN-0011734,ST-SCA-001,Central,N,Credit,5,3,52.87
TXN-0011735,ST-SCA-001,Central,Y,Debit,4,3,42.25
TXN-0011736,ST-SCA-001,Central,Y,Credit,9,5,82.18
TXN-0011737,ST-SCA-001,Central,Y,Credit,4,1,10.08
TXN-0011738,ST-SCA-001,Central,Y,Debit,3,1,9.75
TXN-0011739,ST-SCA-001,Central,Y,Cash,10,7,53.38
TXN-0011740,ST-MIS-001,Central,Y,Credit,1,1,3.31
TXN-0011741,ST-MIS-001,Central,Y,Debit,3,1,36.45
TXN-0011742,ST-MIS-001,Central,N,Mobile,10,6,94.37
TXN-0011743,ST-MIS-001,Central,Y,Cash,5,3,27.37
TXN-0011744,ST-MIS-001,Central,N,Credit,2,2,28.76
TXN-0011745,ST-MIS-001,Central,N,Mobile,7,3,59.94
TXN-0011746,ST-MIS-001,Central,N,Mobile,5,3,58.55
TXN-0011747,ST-MIS-001,Central,N,Debit,3,3,21.61
TXN-0011748,ST-MIS-001,Central,Y,Cash,2,2,27.32
TXN-0011749,ST-MIS-001,Central,Y,Credit,5,4,39.59
TXN-0011750,ST-MIS-001,Central,Y,Debit,1,1,5.06
TXN-0011751,ST-MIS-001,Central,Y,Credit,4,2,22.32
TXN-0011752,ST-MIS-001,Central,N,Credit,1,1,13.94
TXN-0011753,ST-MIS-001,Central,N,Credit,4,3,31.17
TXN-0011754,ST-MIS-001,Central,Y,Mobile,2,2,24.20
TXN-0011755,ST-MIS-001,Central,N,Credit,8,6,83.35
TXN-0011756,ST-BRA-001,Central,Y,Credit,4,3,40.40
TXN-0011757,ST-BRA-001,Central,N,Credit,6,3,43.36
TXN-0011758,ST-BRA-001,Central,Y,Cash,6,5,35.63
TXN-0011759,ST-BRA-001,Central,Y,Credit,5,4,68.41
TXN-0011760,ST-BRA-001,Central,N,Debit,12,7,138.57
TXN-0011761,ST-BRA-001,Central,Y,Credit,4,3,26.36
TXN-0011762,ST-BRA-001,Central,Y,Credit,4,4,29.51
TXN-0011763,ST-BRA-001,Central,N,Credit,5,3,62.14
TXN-0011764,ST-BRA-001,Central,N,Credit,3,1,15.87
TXN-0011765,ST-BRA-001,Central,Y,Debit,3,2,38.86
TXN-0011766,ST-BRA-001,Central,N,Debit,7,5,53.92
TXN-0011767,ST-BRA-001,Central,Y,Credit,6,3,40.34
TXN-0011768,ST-BRA-001,Central,Y,Credit,7,3,41.24
TXN-0011769,ST-HAM-001,Central,Y,Debit,3,2,37.77
TXN-0011770,ST-HAM-001,Central,Y,Cash,3,3,17.29
TXN-0011771,ST-HAM-001,Central,Y,Credit,5,3,58.37
TXN-0011772,ST-HAM-001,Central,Y,Mobile,4,3,26.78
TXN-0011773,ST-HAM-001,Central,Y,Credit,8,4,89.21
TXN-0011774,ST-HAM-001,Central,Y,Cash,11,4,109.46
TXN-0011775,ST-HAM-001,Central,N,Debit,9,4,97.03
TXN-0011776,ST-HAM-001,Central,Y,Credit,5,4,55.36
TXN-0011777,ST-HAM-001,Central,Y,Debit,4,3,25.88
TXN-0011778,ST-HAM-001,Central,Y,Credit,7,3,37.91
TXN-0011779,ST-KIT-001,Central,N,Debit,3,3,28.00
TXN-0011780,ST-KIT-001,Central,Y,Debit,7,5,48.21
TXN-0011781,ST-KIT-001,Central,N,Debit,5,3,20.02
TXN-0011782,ST-KIT-001,Central,Y,Credit,2,1,8.66
TXN-0011783,ST-KIT-001,Central,Y,Debit,7,5,83.16
TXN-0011784,ST-KIT-001,Central,Y,Debit,4,3,55.22
TXN-0011785,ST-KIT-001,Central,Y,Credit,4,3,56.49
TXN-0011786,ST-KIT-001,Central,Y,Cash,10,5,71.79
TXN-0011787,ST-KIT-001,Central,Y,Credit,5,3,33.52
TXN-0011788,ST-KIT-001,Central,Y,Credit,5,2,42.01
TXN-0011789,ST-LON-001,Central,Y,Credit,6,5,66.68
TXN-0011790,ST-LON-001,Central,Y,Debit,2,1,31.88
TXN-0011791,ST-LON-001,Central,N,Credit,1,1,12.85
TXN-0011792,ST-LON-001,Central,N,Credit,3,2,33.58
TXN-0011793,ST-LON-001,Central,Y,Cash,7,4,63.81
TXN-0011794,ST-LON-001,Central,Y,Credit,5,4,39.37
TXN-0011795,ST-LON-001,Central,Y,Debit,3,3,39.59
TXN-0011796,ST-LON-001,Central,Y,Credit,6,5,60.87
TXN-0011797,ST-LON-001,Central,Y,Mobile,2,2,15.64
TXN-0011798,ST-LON-001,Central,Y,Debit,6,4,50.21
TXN-0011799,ST-LON-001,Central,N,Cash,6,5,46.34
TXN-0011800,ST-LON-001,Central,Y,Credit,3,2,40.43
TXN-0011801,ST-LON-001,Central,N,Credit,6,5,62.60
TXN-0011802,ST-OTT-001,Eastern,Y,Credit,9,5,112.63
TXN-0011803,ST-OTT-001,Eastern,N,Debit,8,5,109.62
TXN-0011804,ST-OTT-001,Eastern,Y,Credit,4,2,17.55
TXN-0011805,ST-OTT-001,Eastern,N,Debit,5,3,28.49
TXN-0011806,ST-OTT-001,Eastern,N,Credit,4,4,31.32
TXN-0011807,ST-OTT-001,Eastern,N,Mobile,6,3,79.20
TXN-0011808,ST-OTT-001,Eastern,Y,Cash,1,1,15.21
TXN-0011809,ST-OTT-001,Eastern,Y,Credit,3,2,44.61
TXN-0011810,ST-OTT-001,Eastern,Y,Debit,1,1,3.21
TXN-0011811,ST-OTT-001,Eastern,Y,Cash,10,6,77.24
TXN-0011812,ST-OTT-001,Eastern,Y,Credit,3,2,14.08
TXN-0011813,ST-OTT-001,Eastern,Y,Cash,6,4,46.37
TXN-0011814,ST-OTT-001,Eastern,Y,Debit,2,2,17.37
TXN-0011815,ST-OTT-002,Eastern,Y,Credit,7,4,55.05
TXN-0011816,ST-OTT-002,Eastern,N,Debit,8,3,57.62
TXN-0011817,ST-OTT-002,Eastern,Y,Credit,2,2,15.34
TXN-0011818,ST-OTT-002,Eastern,Y,Credit,7,3,65.83
TXN-0011819,ST-OTT-002,Eastern,N,Credit,6,4,45.34
TXN-0011820,ST-OTT-002,Eastern,Y,Credit,4,1,24.28
TXN-0011821,ST-OTT-002,Eastern,Y,Credit,2,2,18.63
TXN-0011822,ST-OTT-002,Eastern,Y,Debit,7,4,46.05
TXN-0011823,ST-OTT-002,Eastern,Y,Credit,1,1,16.92
TXN-0011824,ST-OTT-002,Eastern,Y,Debit,7,4,37.25
TXN-0011825,ST-OTT-002,Eastern,Y,Debit,4,3,50.02
TXN-0011826,ST-OTT-002,Eastern,Y,Credit,2,2,20.22
TXN-0011827,ST-OTT-002,Eastern,Y,Credit,7,6,58.74
TXN-0011828,ST-OTT-002,Eastern,N,Credit,3,2,8.83
TXN-0011829,ST-CAL-001,Western,Y,Debit,8,3,78.78
TXN-0011830,ST-CAL-001,Western,Y,Debit,5,2,41.58
TXN-0011831,ST-CAL-001,Western,N,Debit,7,4,47.96
TXN-0011832,ST-CAL-001,Western,N,Credit,10,6,100.14
TXN-0011833,ST-CAL-001,Western,Y,Credit,2,1,14.46
TXN-0011834,ST-CAL-001,Western,N,Cash,6,3,31.82
TXN-0011835,ST-CAL-001,Western,N,Debit,1,1,5.56
TXN-0011836,ST-CAL-001,Western,Y,Credit,9,5,72.70
TXN-0011837,ST-CAL-001,Western,N,Cash,2,2,10.90
TXN-0011838,ST-CAL-001,Western,Y,Credit,2,1,27.32
TXN-0011839,ST-CAL-001,Western,Y,Credit,3,2,21.36
TXN-0011840,ST-CAL-001,Western,N,Credit,1,1,5.50
TXN-0011841,ST-CAL-001,Western,Y,Debit,13,6,88.85
TXN-0011842,ST-CAL-001,Western,N,Credit,3,2,34.29
TXN-0011843,ST-CAL-001,Western,N,Credit,13,5,95.80
TXN-0011844,ST-CAL-001,Western,Y,Credit,3,2,7.89
TXN-0011845,ST-CAL-001,Western,N,Debit,7,2,42.06
TXN-0011846,ST-CAL-001,Western,N,Debit,4,2,28.42
TXN-0011847,ST-CAL-001,Western,Y,Credit,1,1,12.06
TXN-0011848,ST-CAL-001,Western,N,Cash,3,2,27.21
TXN-0011849,ST-EDM-001,Western,Y,Credit,6,4,63.24
TXN-0011850,ST-EDM-001,Western,Y,Debit,6,5,57.34
TXN-0011851,ST-EDM-001,Western,Y,Credit,10,5,98.57
TXN-0011852,ST-EDM-001,Western,Y,Credit,4,4,34.17
TXN-0011853,ST-EDM-001,Western,Y,Credit,1,1,15.18
TXN-0011854,ST-EDM-001,Western,Y,Mobile,2,2,4.35
TXN-0011855,ST-EDM-001,Western,N,Credit,3,2,41.64
TXN-0011856,ST-EDM-001,Western,Y,Debit,2,2,18.87
TXN-0011857,ST-EDM-001,Western,N,Debit,7,5,34.19
TXN-0011858,ST-EDM-001,Western,N,Cash,8,5,89.03
TXN-0011859,ST-TOR-001,Central,Y,Mobile,12,7,95.18
TXN-0011860,ST-TOR-001,Central,Y,Debit,3,2,33.95
TXN-0011861,ST-TOR-001,Central,N,Mobile,4,2,20.46
TXN-0011862,ST-TOR-001,Central,N,Debit,3,2,15.74
TXN-0011863,ST-TOR-001,Central,Y,Debit,6,6,62.27
TXN-0011864,ST-TOR-001,Central,N,Cash,3,2,43.52
TXN-0011865,ST-TOR-001,Central,Y,Credit,12,7,129.79
TXN-0011866,ST-TOR-001,Central,N,Mobile,3,3,41.06
TXN-0011867,ST-TOR-001,Central,Y,Cash,7,4,81.10
TXN-0011868,ST-TOR-001,Central,Y,Credit,3,3,24.14
TXN-0011869,ST-TOR-001,Central,N,Credit,2,1,25.62
TXN-0011870,ST-TOR-001,Central,N,Credit,3,3,29.80
TXN-0011871,ST-TOR-001,Central,N,Cash,6,4,62.38
TXN-0011872,ST-TOR-002,Central,N,Credit,1,1,2.18
TXN-0011873,ST-TOR-002,Central,Y,Debit,5,3,40.09
TXN-0011874,ST-TOR-002,Central,N,Debit,6,4,36.02
TXN-0011875,ST-TOR-002,Central,N,Cash,2,2,11.02
TXN-0011876,ST-TOR-002,Central,Y,Debit,4,2,19.58
TXN-0011877,ST-TOR-002,Central,N,Mobile,10,6,123.21
TXN-0011878,ST-SCA-001,Central,Y,Cash,5,2,49.50
TXN-0011879,ST-SCA-001,Central,Y,Credit,4,2,13.38
TXN-0011880,ST-SCA-001,Central,Y,Cash,6,3,45.33
TXN-0011881,ST-SCA-001,Central,Y,Credit,5,3,60.99
TXN-0011882,ST-SCA-001,Central,Y,Debit,6,2,50.34
TXN-0011883,ST-SCA-001,Central,Y,Credit,2,2,25.39
TXN-0011884,ST-SCA-001,Central,Y,Credit,8,4,58.37
TXN-0011885,ST-SCA-001,Central,Y,Credit,3,1,16.47
TXN-0011886,ST-SCA-001,Central,Y,Credit,4,2,28.04
TXN-0011887,ST-SCA-001,Central,Y,Credit,10,6,41.69
TXN-0011888,ST-MIS-001,Central,N,Debit,3,2,28.84
TXN-0011889,ST-MIS-001,Central,N,Cash,2,2,13.56
TXN-0011890,ST-MIS-001,Central,N,Debit,6,3,51.88
TXN-0011891,ST-MIS-001,Central,Y,Debit,2,2,9.95
TXN-0011892,ST-MIS-001,Central,Y,Debit,7,4,90.54
TXN-0011893,ST-MIS-001,Central,Y,Credit,6,2,19.56
TXN-0011894,ST-MIS-001,Central,N,Debit,9,5,66.97
TXN-0011895,ST-MIS-001,Central,Y,Credit,5,3,58.57
TXN-0011896,ST-MIS-001,Central,Y,Cash,3,2,36.90
TXN-0011897,ST-MIS-001,Central,Y,Debit,9,5,93.28
TXN-0011898,ST-MIS-001,Central,Y,Credit,5,4,60.24
TXN-0011899,ST-MIS-001,Central,Y,Credit,6,3,47.91
TXN-0011900,ST-MIS-001,Central,Y,Credit,2,1,17.52
TXN-0011901,ST-MIS-001,Central,Y,Mobile,4,3,45.87
TXN-0011902,ST-MIS-001,Central,Y,Debit,4,4,21.59
TXN-0011903,ST-MIS-001,Central,Y,Debit,5,3,43.33
TXN-0011904,ST-MIS-001,Central,Y,Credit,3,3,26.25
TXN-0011905,ST-MIS-001,Central,N,Mobile,2,2,19.76
TXN-0011906,ST-MIS-001,Central,Y,Mobile,2,2,28.73
TXN-0011907,ST-MIS-001,Central,N,Credit,4,3,31.41
TXN-0011908,ST-MIS-001,Central,Y,Credit,8,4,67.16
TXN-0011909,ST-BRA-001,Central,N,Debit,8,5,91.04
TXN-0011910,ST-BRA-001,Central,Y,Debit,9,4,87.54
TXN-0011911,ST-BRA-001,Central,N,Debit,4,3,35.40
TXN-0011912,ST-BRA-001,Central,Y,Mobile,8,4,109.73
TXN-0011913,ST-BRA-001,Central,Y,Credit,1,1,12.57
TXN-0011914,ST-BRA-001,Central,Y,Credit,4,3,34.55
TXN-0011915,ST-BRA-001,Central,Y,Cash,1,1,9.94
TXN-0011916,ST-BRA-001,Central,Y,Cash,10,4,92.06
TXN-0011917,ST-BRA-001,Central,N,Credit,3,3,32.48
TXN-0011918,ST-BRA-001,Central,N,Credit,3,1,44.88
TXN-0011919,ST-HAM-001,Central,Y,Credit,3,1,40.23
TXN-0011920,ST-HAM-001,Central,N,Credit,10,6,100.68
TXN-0011921,ST-HAM-001,Central,Y,Credit,4,3,44.33
TXN-0011922,ST-HAM-001,Central,N,Debit,1,1,4.42
TXN-0011923,ST-HAM-001,Central,Y,Debit,2,1,4.52
TXN-0011924,ST-HAM-001,Central,Y,Credit,4,3,49.55
TXN-0011925,ST-HAM-001,Central,N,Cash,7,3,42.74
TXN-0011926,ST-HAM-001,Central,Y,Credit,6,3,39.14
TXN-0011927,ST-HAM-001,Central,Y,Credit,5,2,54.40
TXN-0011928,ST-KIT-001,Central,N,Credit,4,2,66.50
TXN-0011929,ST-KIT-001,Central,N,Credit,2,2,17.37
TXN-0011930,ST-KIT-001,Central,N,Credit,10,6,88.52
TXN-0011931,ST-KIT-001,Central,Y,Mobile,5,2,20.90
TXN-0011932,ST-KIT-001,Central,Y,Debit,6,4,37.57
TXN-0011933,ST-KIT-001,Central,N,Debit,4,3,33.60
TXN-0011934,ST-KIT-001,Central,Y,Credit,7,4,46.44
TXN-0011935,ST-KIT-001,Central,Y,Credit,18,7,186.00
TXN-0011936,ST-KIT-001,Central,Y,Credit,4,4,43.94
TXN-0011937,ST-KIT-001,Central,N,Debit,3,2,18.99
TXN-0011938,ST-KIT-001,Central,Y,Debit,4,3,35.47
TXN-0011939,ST-LON-001,Central,Y,Credit,2,2,20.90
TXN-0011940,ST-LON-001,Central,Y,Debit,6,5,41.77
TXN-0011941,ST-LON-001,Central,Y,Debit,2,1,16.28
TXN-0011942,ST-LON-001,Central,Y,Debit,5,4,51.34
TXN-0011943,ST-LON-001,Central,Y,Debit,3,3,25.69
TXN-0011944,ST-LON-001,Central,Y,Debit,3,2,27.77
TXN-0011945,ST-LON-001,Central,N,Credit,4,4,34.43
TXN-0011946,ST-LON-001,Central,Y,Credit,5,4,37.04
TXN-0011947,ST-LON-001,Central,Y,Mobile,4,4,42.26
TXN-0011948,ST-LON-001,Central,N,Credit,6,5,50.16
TXN-0011949,ST-LON-001,Central,Y,Cash,6,4,55.88
TXN-0011950,ST-OTT-001,Eastern,Y,Debit,4,2,35.58
TXN-0011951,ST-OTT-001,Eastern,N,Debit,2,2,11.67
TXN-0011952,ST-OTT-001,Eastern,Y,Mobile,3,1,9.57
TXN-0011953,ST-OTT-001,Eastern,N,Debit,5,3,66.87
TXN-0011954,ST-OTT-001,Eastern,Y,Credit,3,2,38.41
TXN-0011955,ST-OTT-001,Eastern,Y,Debit,6,3,57.06
TXN-0011956,ST-OTT-001,Eastern,N,Debit,6,4,42.77
TXN-0011957,ST-OTT-001,Eastern,Y,Credit,4,3,39.11
TXN-0011958,ST-OTT-001,Eastern,Y,Credit,3,3,18.45
TXN-0011959,ST-OTT-001,Eastern,N,Cash,5,3,37.55
TXN-0011960,ST-OTT-001,Eastern,Y,Cash,1,1,10.92
TXN-0011961,ST-OTT-001,Eastern,Y,Debit,5,4,24.46
TXN-0011962,ST-OTT-001,Eastern,Y,Credit,6,4,50.66
TXN-0011963,ST-OTT-002,Eastern,Y,Cash,5,5,35.86
TXN-0011964,ST-OTT-002,Eastern,Y,Debit,2,2,17.85
TXN-0011965,ST-OTT-002,Eastern,Y,Cash,4,4,49.35
TXN-0011966,ST-OTT-002,Eastern,Y,Credit,6,3,62.84
TXN-0011967,ST-OTT-002,Eastern,Y,Debit,7,3,60.26
TXN-0011968,ST-OTT-002,Eastern,Y,Credit,3,2,30.28
TXN-0011969,ST-OTT-002,Eastern,Y,Credit,4,2,12.40
TXN-0011970,ST-OTT-002,Eastern,Y,Credit,9,4,65.16
TXN-0011971,ST-OTT-002,Eastern,Y,Credit,3,2,21.54
TXN-0011972,ST-OTT-002,Eastern,Y,Debit,2,2,11.29
TXN-0011973,ST-OTT-002,Eastern,N,Debit,7,4,90.07
TXN-0011974,ST-OTT-002,Eastern,Y,Credit,3,2,26.55
TXN-0011975,ST-CAL-001,Western,Y,Credit,15,7,140.00
TXN-0011976,ST-CAL-001,Western,Y,Debit,7,3,80.25
TXN-0011977,ST-CAL-001,Western,Y,Debit,4,3,51.47
TXN-0011978,ST-CAL-001,Western,Y,Credit,8,5,107.93
TXN-0011979,ST-CAL-001,Western,Y,Debit,4,3,16.72
TXN-0011980,ST-CAL-001,Western,N,Credit,4,3,30.48
TXN-0011981,ST-CAL-001,Western,Y,Credit,7,4,44.51
TXN-0011982,ST-CAL-001,Western,N,Cash,6,3,80.96
TXN-0011983,ST-CAL-001,Western,Y,Debit,7,4,52.11
TXN-0011984,ST-CAL-001,Western,Y,Debit,9,6,55.58
TXN-0011985,ST-CAL-001,Western,Y,Mobile,6,3,81.98
TXN-0011986,ST-CAL-001,Western,N,Debit,5,3,42.90
TXN-0011987,ST-CAL-001,Western,N,Cash,8,4,97.29
TXN-0011988,ST-CAL-001,Western,Y,Credit,4,2,35.62
TXN-0011989,ST-CAL-001,Western,Y,Credit,6,2,49.60
TXN-0011990,ST-CAL-001,Western,N,Debit,3,3,17.92
TXN-0011991,ST-CAL-001,Western,Y,Cash,3,2,15.90
TXN-0011992,ST-CAL-001,Western,Y,Credit,4,2,18.18
TXN-0011993,ST-CAL-001,Western,N,Credit,7,5,78.16
TXN-0011994,ST-EDM-001,Western,N,Debit,3,2,32.70
TXN-0011995,ST-EDM-001,Western,Y,Credit,1,1,15.36
TXN-0011996,ST-EDM-001,Western,Y,Cash,7,3,70.70
TXN-0011997,ST-EDM-001,Western,N,Debit,3,3,27.87
TXN-0011998,ST-EDM-001,Western,Y,Debit,5,4,45.60
TXN-0011999,ST-EDM-001,Western,Y,Debit,12,5,136.40
TXN-0012000,ST-EDM-001,Western,Y,Debit,5,3,51.61
TXN-0012001,ST-EDM-001,Western,N,Credit,4,2,24.46
TXN-0012002,ST-EDM-001,Western,N,Cash,5,3,62.71
TXN-0012003,ST-EDM-001,Western,Y,Cash,5,2,40.07
TXN-0012004,ST-EDM-001,Western,N,Debit,8,4,60.66
TXN-0012005,ST-EDM-001,Western,Y,Credit,4,3,45.13
TXN-0012006,ST-EDM-001,Western,Y,Credit,7,4,66.81
TXN-0012007,ST-EDM-001,Western,Y,Credit,3,3,26.36
TXN-0012008,ST-EDM-001,Western,N,Credit,1,1,8.56
TXN-0012009,ST-EDM-001,Western,Y,Debit,1,1,15.14
TXN-0012010,ST-EDM-001,Western,N,Credit,5,4,49.42
TXN-0012011,ST-EDM-001,Western,Y,Debit,6,4,79.74
TXN-0012012,ST-EDM-001,Western,N,Mobile,2,2,14.15
TXN-0012013,ST-EDM-001,Western,Y,Credit,7,3,42.10
TXN-0012014,ST-EDM-001,Western,Y,Credit,1,1,11.89
TXN-0012015,ST-EDM-001,Western,Y,Debit,7,6,70.43
TXN-0012016,ST-EDM-001,Western,Y,Debit,8,5,78.99
TXN-0012017,ST-TOR-001,Central,Y,Credit,3,3,23.00
TXN-0012018,ST-TOR-001,Central,Y,Credit,2,1,23.12
TXN-0012019,ST-TOR-001,Central,Y,Debit,2,1,30.08
TXN-0012020,ST-TOR-001,Central,Y,Credit,1,1,3.30
TXN-0012021,ST-TOR-001,Central,Y,Debit,5,3,29.03
TXN-0012022,ST-TOR-001,Central,Y,Cash,1,1,2.26
TXN-0012023,ST-TOR-001,Central,N,Debit,6,4,80.44
TXN-0012024,ST-TOR-001,Central,Y,Credit,3,2,16.99
TXN-0012025,ST-TOR-001,Central,N,Debit,4,2,8.21
TXN-0012026,ST-TOR-001,Central,Y,Credit,6,4,36.57
TXN-0012027,ST-TOR-001,Central,Y,Debit,5,3,48.84
TXN-0012028,ST-TOR-001,Central,Y,Mobile,2,1,35.24
TXN-0012029,ST-TOR-001,Central,N,Credit,8,6,55.71
TXN-0012030,ST-TOR-001,Central,Y,Credit,7,2,69.85
TXN-0012031,ST-TOR-001,Central,N,Credit,2,1,8.64
TXN-0012032,ST-TOR-001,Central,Y,Credit,7,4,31.08
TXN-0012033,ST-TOR-001,Central,Y,Debit,6,2,75.54
TXN-0012034,ST-TOR-002,Central,Y,Debit,1,1,16.05
TXN-0012035,ST-TOR-002,Central,Y,Mobile,8,4,52.38
TXN-0012036,ST-TOR-002,Central,Y,Cash,4,4,46.02
TXN-0012037,ST-TOR-002,Central,N,Debit,8,5,52.64
TXN-0012038,ST-TOR-002,Central,Y,Mobile,1,1,5.28
TXN-0012039,ST-TOR-002,Central,Y,Debit,5,2,59.62
TXN-0012040,ST-TOR-002,Central,Y,Credit,5,4,59.84
TXN-0012041,ST-TOR-002,Central,Y,Cash,6,4,64.42
TXN-0012042,ST-TOR-002,Central,N,Credit,9,4,60.01
TXN-0012043,ST-TOR-002,Central,N,Credit,4,2,33.99
TXN-0012044,ST-TOR-002,Central,Y,Mobile,6,3,32.76
TXN-0012045,ST-TOR-002,Central,Y,Debit,4,3,58.63
TXN-0012046,ST-TOR-002,Central,N,Credit,5,4,42.68
TXN-0012047,ST-TOR-002,Central,Y,Debit,3,3,40.35
TXN-0012048,ST-TOR-002,Central,Y,Debit,9,4,126.49
TXN-0012049,ST-TOR-002,Central,N,Credit,7,5,74.59
TXN-0012050,ST-SCA-001,Central,Y,Credit,3,2,9.00
TXN-0012051,ST-SCA-001,Central,Y,Credit,6,3,28.06
TXN-0012052,ST-SCA-001,Central,Y,Debit,5,3,47.91
TXN-0012053,ST-SCA-001,Central,Y,Credit,2,1,4.30
TXN-0012054,ST-SCA-001,Central,Y,Credit,3,3,13.02
TXN-0012055,ST-SCA-001,Central,N,Debit,3,2,40.15
TXN-0012056,ST-SCA-001,Central,N,Debit,3,2,40.45
TXN-0012057,ST-SCA-001,Central,Y,Credit,5,2,42.95
TXN-0012058,ST-SCA-001,Central,Y,Debit,5,4,32.70
TXN-0012059,ST-SCA-001,Central,Y,Cash,4,2,38.78
TXN-0012060,ST-SCA-001,Central,Y,Debit,7,3,49.73
TXN-0012061,ST-SCA-001,Central,Y,Mobile,4,3,31.70
TXN-0012062,ST-SCA-001,Central,Y,Mobile,5,5,47.85
TXN-0012063,ST-SCA-001,Central,Y,Cash,2,1,14.16
TXN-0012064,ST-SCA-001,Central,N,Credit,11,6,77.05
TXN-0012065,ST-MIS-001,Central,Y,Mobile,1,1,12.16
TXN-0012066,ST-MIS-001,Central,Y,Cash,5,3,46.20
TXN-0012067,ST-MIS-001,Central,Y,Debit,6,3,64.11
TXN-0012068,ST-MIS-001,Central,Y,Cash,4,3,33.14
TXN-0012069,ST-MIS-001,Central,Y,Debit,5,3,26.02
TXN-0012070,ST-MIS-001,Central,N,Debit,2,2,24.10
TXN-0012071,ST-MIS-001,Central,N,Debit,8,4,60.90
TXN-0012072,ST-MIS-001,Central,Y,Debit,3,3,32.46
TXN-0012073,ST-MIS-001,Central,Y,Debit,2,1,12.68
TXN-0012074,ST-MIS-001,Central,Y,Debit,3,2,9.42
TXN-0012075,ST-MIS-001,Central,N,Credit,3,3,32.65
TXN-0012076,ST-MIS-001,Central,N,Mobile,1,1,11.55
TXN-0012077,ST-BRA-001,Central,N,Debit,8,5,62.18
TXN-0012078,ST-BRA-001,Central,Y,Credit,1,1,3.30
TXN-0012079,ST-BRA-001,Central,N,Debit,3,3,38.77
TXN-0012080,ST-BRA-001,Central,Y,Credit,3,3,36.75
TXN-0012081,ST-BRA-001,Central,Y,Cash,4,2,42.34
TXN-0012082,ST-BRA-001,Central,Y,Credit,2,2,26.25
TXN-0012083,ST-BRA-001,Central,N,Credit,3,2,27.00
TXN-0012084,ST-BRA-001,Central,N,Debit,2,2,23.29
TXN-0012085,ST-BRA-001,Central,Y,Mobile,3,2,34.20
TXN-0012086,ST-BRA-001,Central,Y,Credit,4,3,42.61
TXN-0012087,ST-BRA-001,Central,Y,Cash,6,3,89.33
TXN-0012088,ST-BRA-001,Central,N,Credit,1,1,4.93
TXN-0012089,ST-BRA-001,Central,Y,Credit,3,3,24.62
TXN-0012090,ST-BRA-001,Central,Y,Debit,5,2,31.83
TXN-0012091,ST-HAM-001,Central,N,Mobile,2,2,18.19
TXN-0012092,ST-HAM-001,Central,Y,Credit,10,7,77.52
TXN-0012093,ST-HAM-001,Central,N,Credit,8,4,101.28
TXN-0012094,ST-HAM-001,Central,N,Debit,5,2,59.24
TXN-0012095,ST-HAM-001,Central,N,Cash,8,5,100.33
TXN-0012096,ST-HAM-001,Central,Y,Cash,6,3,86.56
TXN-0012097,ST-HAM-001,Central,Y,Debit,1,1,5.30
TXN-0012098,ST-HAM-001,Central,N,Mobile,6,4,28.14
TXN-0012099,ST-HAM-001,Central,N,Debit,10,4,96.31
TXN-0012100,ST-HAM-001,Central,Y,Cash,3,2,37.09
TXN-0012101,ST-KIT-001,Central,N,Cash,10,6,103.37
TXN-0012102,ST-KIT-001,Central,N,Debit,2,1,5.20
TXN-0012103,ST-KIT-001,Central,N,Cash,5,3,44.56
TXN-0012104,ST-KIT-001,Central,Y,Credit,5,2,30.70
TXN-0012105,ST-KIT-001,Central,Y,Credit,3,2,11.67
TXN-0012106,ST-KIT-001,Central,Y,Mobile,2,2,18.23
TXN-0012107,ST-KIT-001,Central,N,Mobile,2,2,28.77
TXN-0012108,ST-KIT-001,Central,Y,Debit,2,2,8.73
TXN-0012109,ST-KIT-001,Central,Y,Credit,3,3,34.85
TXN-0012110,ST-KIT-001,Central,Y,Credit,3,2,38.28
TXN-0012111,ST-KIT-001,Central,N,Credit,3,3,29.31
TXN-0012112,ST-KIT-001,Central,Y,Credit,1,1,13.90
TXN-0012113,ST-KIT-001,Central,Y,Debit,3,2,33.57
TXN-0012114,ST-KIT-001,Central,N,Debit,1,1,15.93
TXN-0012115,ST-KIT-001,Central,N,Credit,2,2,24.73
TXN-0012116,ST-KIT-001,Central,Y,Credit,5,4,51.12
TXN-0012117,ST-KIT-001,Central,N,Debit,3,2,20.49
TXN-0012118,ST-KIT-001,Central,N,Debit,8,4,52.50
TXN-0012119,ST-KIT-001,Central,Y,Cash,4,2,36.44
TXN-0012120,ST-KIT-001,Central,Y,Credit,2,1,12.86
TXN-0012121,ST-KIT-001,Central,Y,Debit,1,1,12.99
TXN-0012122,ST-LON-001,Central,Y,Credit,9,4,75.84
TXN-0012123,ST-LON-001,Central,N,Credit,2,2,8.61
TXN-0012124,ST-LON-001,Central,Y,Debit,8,3,92.93
TXN-0012125,ST-LON-001,Central,N,Debit,6,3,41.79
TXN-0012126,ST-LON-001,Central,Y,Debit,4,2,54.44
TXN-0012127,ST-LON-001,Central,Y,Debit,2,2,12.67
TXN-0012128,ST-LON-001,Central,Y,Credit,8,4,74.14
TXN-0012129,ST-LON-001,Central,N,Mobile,2,2,16.65
TXN-0012130,ST-LON-001,Central,N,Credit,4,4,43.14
TXN-0012131,ST-LON-001,Central,Y,Credit,7,3,36.54
TXN-0012132,ST-LON-001,Central,Y,Debit,9,4,109.40
TXN-0012133,ST-LON-001,Central,N,Debit,6,4,60.07
TXN-0012134,ST-LON-001,Central,Y,Credit,4,3,45.99
TXN-0012135,ST-LON-001,Central,Y,Debit,1,1,9.89
TXN-0012136,ST-OTT-001,Eastern,Y,Credit,4,3,56.58
TXN-0012137,ST-OTT-001,Eastern,Y,Credit,3,2,19.17
TXN-0012138,ST-OTT-001,Eastern,Y,Credit,3,2,45.74
TXN-0012139,ST-OTT-001,Eastern,Y,Debit,4,3,19.07
TXN-0012140,ST-OTT-001,Eastern,Y,Credit,7,5,74.76
TXN-0012141,ST-OTT-001,Eastern,Y,Debit,2,2,8.04
TXN-0012142,ST-OTT-001,Eastern,N,Debit,1,1,11.49
TXN-0012143,ST-OTT-001,Eastern,Y,Mobile,5,3,67.74
TXN-0012144,ST-OTT-001,Eastern,N,Debit,3,2,33.70
TXN-0012145,ST-OTT-001,Eastern,Y,Credit,7,4,77.12
TXN-0012146,ST-OTT-001,Eastern,N,Debit,7,4,60.27
TXN-0012147,ST-OTT-001,Eastern,N,Credit,4,2,19.53
TXN-0012148,ST-OTT-002,Eastern,Y,Debit,7,3,74.07
TXN-0012149,ST-OTT-002,Eastern,Y,Credit,7,3,78.99
TXN-0012150,ST-OTT-002,Eastern,Y,Debit,8,5,49.87
TXN-0012151,ST-OTT-002,Eastern,Y,Debit,3,3,24.39
TXN-0012152,ST-OTT-002,Eastern,Y,Debit,4,1,40.16
TXN-0012153,ST-OTT-002,Eastern,Y,Cash,2,2,30.83
TXN-0012154,ST-OTT-002,Eastern,Y,Credit,4,4,32.69
TXN-0012155,ST-OTT-002,Eastern,Y,Debit,9,5,65.21
TXN-0012156,ST-OTT-002,Eastern,N,Credit,5,2,29.62
TXN-0012157,ST-OTT-002,Eastern,Y,Debit,2,2,13.72
TXN-0012158,ST-OTT-002,Eastern,Y,Credit,5,3,23.21
TXN-0012159,ST-OTT-002,Eastern,Y,Debit,2,2,28.76
TXN-0012160,ST-OTT-002,Eastern,N,Credit,3,3,30.15
TXN-0012161,ST-CAL-001,Western,N,Debit,3,1,46.65
TXN-0012162,ST-CAL-001,Western,Y,Credit,7,3,40.77
TXN-0012163,ST-CAL-001,Western,Y,Credit,5,3,47.55
TXN-0012164,ST-CAL-001,Western,Y,Debit,9,4,76.74
TXN-0012165,ST-CAL-001,Western,Y,Mobile,4,2,60.66
TXN-0012166,ST-CAL-001,Western,N,Credit,7,4,91.97
TXN-0012167,ST-CAL-001,Western,N,Debit,4,3,24.15
TXN-0012168,ST-CAL-001,Western,Y,Credit,3,1,47.91
TXN-0012169,ST-CAL-001,Western,Y,Credit,3,2,26.81
TXN-0012170,ST-CAL-001,Western,Y,Credit,5,3,55.56
TXN-0012171,ST-CAL-001,Western,N,Credit,8,4,47.00
TXN-0012172,ST-CAL-001,Western,N,Debit,3,2,16.53
TXN-0012173,ST-CAL-001,Western,Y,Mobile,5,4,72.87
TXN-0012174,ST-CAL-001,Western,Y,Debit,10,4,83.21
TXN-0012175,ST-CAL-001,Western,Y,Mobile,5,2,56.15
TXN-0012176,ST-CAL-001,Western,N,Cash,11,6,98.79
TXN-0012177,ST-EDM-001,Western,Y,Debit,6,5,40.76
TXN-0012178,ST-EDM-001,Western,Y,Debit,6,4,64.11
TXN-0012179,ST-EDM-001,Western,Y,Debit,6,3,82.02
TXN-0012180,ST-EDM-001,Western,Y,Debit,2,2,22.70
TXN-0012181,ST-EDM-001,Western,Y,Debit,2,2,18.49
TXN-0012182,ST-EDM-001,Western,Y,Credit,4,4,35.65
TXN-0012183,ST-EDM-001,Western,Y,Credit,4,4,42.14
TXN-0012184,ST-EDM-001,Western,Y,Credit,2,2,17.81
TXN-0012185,ST-EDM-001,Western,Y,Mobile,3,3,17.48
TXN-0012186,ST-EDM-001,Western,Y,Debit,9,5,88.75
TXN-0012187,ST-EDM-001,Western,Y,Debit,4,3,31.25
TXN-0012188,ST-EDM-001,Western,N,Debit,7,3,48.98
TXN-0012189,ST-TOR-001,Central,Y,Debit,5,4,68.57
TXN-0012190,ST-TOR-001,Central,N,Credit,5,3,64.13
TXN-0012191,ST-TOR-001,Central,N,Debit,1,1,17.00
TXN-0012192,ST-TOR-001,Central,Y,Debit,5,3,50.68
TXN-0012193,ST-TOR-001,Central,Y,Debit,7,5,76.06
TXN-0012194,ST-TOR-001,Central,N,Credit,1,1,17.29
TXN-0012195,ST-TOR-001,Central,Y,Debit,1,1,12.00
TXN-0012196,ST-TOR-001,Central,Y,Credit,5,3,10.73
TXN-0012197,ST-TOR-001,Central,N,Credit,4,3,22.19
TXN-0012198,ST-TOR-001,Central,Y,Cash,6,3,43.64
TXN-0012199,ST-TOR-001,Central,Y,Credit,2,1,23.02
TXN-0012200,ST-TOR-001,Central,Y,Cash,11,6,122.93
TXN-0012201,ST-TOR-002,Central,Y,Credit,5,2,29.25
TXN-0012202,ST-TOR-002,Central,Y,Credit,3,2,11.81
TXN-0012203,ST-TOR-002,Central,Y,Credit,3,2,32.37
TXN-0012204,ST-TOR-002,Central,Y,Cash,6,4,54.08
TXN-0012205,ST-TOR-002,Central,N,Credit,3,1,35.55
TXN-0012206,ST-TOR-002,Central,N,Debit,8,4,99.68
TXN-0012207,ST-TOR-002,Central,Y,Debit,2,2,16.01
TXN-0012208,ST-TOR-002,Central,Y,Credit,2,2,22.00
TXN-0012209,ST-TOR-002,Central,N,Debit,6,3,57.86
TXN-0012210,ST-TOR-002,Central,Y,Debit,1,1,5.43
TXN-0012211,ST-TOR-002,Central,Y,Mobile,5,3,50.71
TXN-0012212,ST-TOR-002,Central,Y,Credit,1,1,2.16
TXN-0012213,ST-SCA-001,Central,Y,Credit,8,5,83.07
TXN-0012214,ST-SCA-001,Central,Y,Credit,5,3,32.63
TXN-0012215,ST-SCA-001,Central,Y,Mobile,2,1,34.08
TXN-0012216,ST-SCA-001,Central,N,Credit,5,3,64.97
TXN-0012217,ST-SCA-001,Central,Y,Debit,3,2,25.81
TXN-0012218,ST-SCA-001,Central,Y,Credit,7,4,42.79
TXN-0012219,ST-SCA-001,Central,Y,Credit,8,5,61.97
TXN-0012220,ST-SCA-001,Central,Y,Credit,6,4,55.87
TXN-0012221,ST-SCA-001,Central,Y,Debit,8,6,90.40
TXN-0012222,ST-SCA-001,Central,Y,Credit,2,2,30.42
TXN-0012223,ST-SCA-001,Central,Y,Credit,2,2,18.07
TXN-0012224,ST-SCA-001,Central,Y,Credit,5,4,54.40
TXN-0012225,ST-SCA-001,Central,N,Credit,4,2,42.28
TXN-0012226,ST-SCA-001,Central,N,Debit,6,3,82.05
TXN-0012227,ST-MIS-001,Central,Y,Cash,4,2,17.71
TXN-0012228,ST-MIS-001,Central,Y,Debit,7,4,37.61
TXN-0012229,ST-MIS-001,Central,Y,Credit,3,3,35.60
TXN-0012230,ST-MIS-001,Central,Y,Credit,4,2,8.80
TXN-0012231,ST-MIS-001,Central,N,Credit,2,2,24.99
TXN-0012232,ST-MIS-001,Central,N,Cash,5,4,42.85
TXN-0012233,ST-MIS-001,Central,Y,Credit,7,4,57.14
TXN-0012234,ST-MIS-001,Central,N,Debit,3,2,36.36
TXN-0012235,ST-MIS-001,Central,N,Debit,6,3,59.31
TXN-0012236,ST-MIS-001,Central,Y,Cash,5,3,74.28
TXN-0012237,ST-MIS-001,Central,Y,Credit,4,3,41.38
TXN-0012238,ST-MIS-001,Central,N,Debit,2,2,19.51
TXN-0012239,ST-BRA-001,Central,Y,Debit,6,4,73.49
TXN-0012240,ST-BRA-001,Central,N,Debit,5,4,21.44
TXN-0012241,ST-BRA-001,Central,N,Credit,2,2,10.50
TXN-0012242,ST-BRA-001,Central,Y,Credit,4,2,44.86
TXN-0012243,ST-BRA-001,Central,N,Debit,12,6,122.26
TXN-0012244,ST-BRA-001,Central,N,Credit,4,3,34.40
TXN-0012245,ST-BRA-001,Central,Y,Credit,4,2,52.53
TXN-0012246,ST-BRA-001,Central,Y,Credit,3,3,11.03
TXN-0012247,ST-BRA-001,Central,Y,Credit,2,2,16.19
TXN-0012248,ST-BRA-001,Central,Y,Debit,7,4,87.53
TXN-0012249,ST-BRA-001,Central,Y,Mobile,2,1,6.34
TXN-0012250,ST-BRA-001,Central,N,Debit,3,2,28.29
TXN-0012251,ST-HAM-001,Central,Y,Debit,8,4,51.50
TXN-0012252,ST-HAM-001,Central,Y,Credit,4,2,11.22
TXN-0012253,ST-HAM-001,Central,Y,Cash,2,1,4.92
TXN-0012254,ST-HAM-001,Central,Y,Cash,13,7,119.50
TXN-0012255,ST-HAM-001,Central,N,Credit,9,3,112.04
TXN-0012256,ST-HAM-001,Central,N,Debit,5,4,31.67
TXN-0012257,ST-HAM-001,Central,Y,Debit,1,1,1.94
TXN-0012258,ST-HAM-001,Central,Y,Credit,4,2,45.08
TXN-0012259,ST-KIT-001,Central,N,Credit,4,2,32.89
TXN-0012260,ST-KIT-001,Central,Y,Debit,4,3,42.63
TXN-0012261,ST-KIT-001,Central,Y,Debit,2,1,23.14
TXN-0012262,ST-KIT-001,Central,Y,Debit,4,1,29.32
TXN-0012263,ST-KIT-001,Central,N,Credit,2,2,15.54
TXN-0012264,ST-KIT-001,Central,N,Credit,4,2,11.00
TXN-0012265,ST-KIT-001,Central,Y,Cash,9,4,100.35
TXN-0012266,ST-KIT-001,Central,Y,Credit,8,5,58.64
TXN-0012267,ST-KIT-001,Central,Y,Credit,5,3,29.35
TXN-0012268,ST-KIT-001,Central,Y,Credit,4,4,29.29
TXN-0012269,ST-KIT-001,Central,N,Credit,4,2,51.13
TXN-0012270,ST-KIT-001,Central,Y,Credit,5,4,42.39
TXN-0012271,ST-KIT-001,Central,N,Debit,3,3,21.62
TXN-0012272,ST-KIT-001,Central,Y,Mobile,2,2,4.36
TXN-0012273,ST-LON-001,Central,Y,Mobile,3,2,40.55
TXN-0012274,ST-LON-001,Central,Y,Mobile,5,3,55.11
TXN-0012275,ST-LON-001,Central,Y,Credit,7,3,63.93
TXN-0012276,ST-LON-001,Central,N,Credit,7,5,78.16
TXN-0012277,ST-LON-001,Central,Y,Credit,3,2,19.74
TXN-0012278,ST-LON-001,Central,Y,Mobile,4,2,30.68
TXN-0012279,ST-LON-001,Central,N,Credit,4,2,47.13
TXN-0012280,ST-LON-001,Central,Y,Credit,2,1,24.04
TXN-0012281,ST-LON-001,Central,Y,Debit,7,4,51.72
TXN-0012282,ST-LON-001,Central,Y,Credit,2,2,8.58
TXN-0012283,ST-OTT-001,Eastern,Y,Credit,1,1,13.61
TXN-0012284,ST-OTT-001,Eastern,Y,Debit,5,3,62.61
TXN-0012285,ST-OTT-001,Eastern,Y,Debit,6,3,19.59
TXN-0012286,ST-OTT-001,Eastern,Y,Cash,3,2,31.03
TXN-0012287,ST-OTT-001,Eastern,Y,Credit,4,2,12.80
TXN-0012288,ST-OTT-001,Eastern,Y,Credit,6,3,64.66
TXN-0012289,ST-OTT-001,Eastern,N,Debit,5,3,67.57
TXN-0012290,ST-OTT-001,Eastern,Y,Cash,5,3,63.22
TXN-0012291,ST-OTT-001,Eastern,Y,Credit,1,1,14.72
TXN-0012292,ST-OTT-001,Eastern,Y,Credit,2,2,25.32
TXN-0012293,ST-OTT-001,Eastern,Y,Credit,6,4,62.77
TXN-0012294,ST-OTT-001,Eastern,N,Debit,1,1,7.51
TXN-0012295,ST-OTT-001,Eastern,Y,Credit,6,3,36.70
TXN-0012296,ST-OTT-001,Eastern,Y,Debit,5,4,43.07
TXN-0012297,ST-OTT-001,Eastern,N,Credit,4,3,22.82
TXN-0012298,ST-OTT-001,Eastern,Y,Mobile,4,3,52.94
TXN-0012299,ST-OTT-001,Eastern,Y,Mobile,7,5,77.95
TXN-0012300,ST-OTT-001,Eastern,Y,Mobile,1,1,7.30
TXN-0012301,ST-OTT-002,Eastern,Y,Debit,4,3,53.52
TXN-0012302,ST-OTT-002,Eastern,Y,Credit,4,2,62.20
TXN-0012303,ST-OTT-002,Eastern,Y,Cash,3,2,35.39
TXN-0012304,ST-OTT-002,Eastern,N,Debit,4,2,49.37
TXN-0012305,ST-OTT-002,Eastern,Y,Credit,6,3,36.78
TXN-0012306,ST-OTT-002,Eastern,Y,Debit,2,2,28.15
TXN-0012307,ST-OTT-002,Eastern,Y,Mobile,2,2,24.47
TXN-0012308,ST-OTT-002,Eastern,Y,Debit,1,1,12.26
TXN-0012309,ST-CAL-001,Western,Y,Mobile,7,2,86.23
TXN-0012310,ST-CAL-001,Western,N,Debit,5,3,38.34
TXN-0012311,ST-CAL-001,Western,N,Credit,4,2,58.20
TXN-0012312,ST-CAL-001,Western,Y,Debit,5,2,62.50
TXN-0012313,ST-CAL-001,Western,Y,Debit,1,1,13.62
TXN-0012314,ST-CAL-001,Western,Y,Debit,2,2,13.53
TXN-0012315,ST-CAL-001,Western,Y,Credit,6,5,25.52
TXN-0012316,ST-CAL-001,Western,Y,Credit,6,3,43.63
TXN-0012317,ST-CAL-001,Western,Y,Cash,8,4,81.64
TXN-0012318,ST-CAL-001,Western,Y,Credit,7,4,74.88
TXN-0012319,ST-CAL-001,Western,Y,Credit,9,4,72.03
TXN-0012320,ST-EDM-001,Western,Y,Credit,11,7,100.95
TXN-0012321,ST-EDM-001,Western,Y,Debit,7,4,39.62
TXN-0012322,ST-EDM-001,Western,N,Debit,1,1,11.42
TXN-0012323,ST-EDM-001,Western,Y,Debit,4,3,34.77
TXN-0012324,ST-EDM-001,Western,Y,Mobile,1,1,3.26
TXN-0012325,ST-EDM-001,Western,Y,Debit,2,2,15.73
TXN-0012326,ST-EDM-001,Western,Y,Cash,2,2,20.60
TXN-0012327,ST-EDM-001,Western,Y,Debit,6,4,44.17
TXN-0012328,ST-EDM-001,Western,Y,Credit,2,2,11.05
TXN-0012329,ST-EDM-001,Western,Y,Credit,4,3,34.59
TXN-0012330,ST-TOR-001,Central,Y,Debit,7,3,29.51
TXN-0012331,ST-TOR-001,Central,Y,Credit,5,4,21.67
TXN-0012332,ST-TOR-001,Central,N,Credit,1,1,11.55
TXN-0012333,ST-TOR-001,Central,N,Cash,1,1,3.34
TXN-0012334,ST-TOR-001,Central,Y,Debit,7,5,47.87
TXN-0012335,ST-TOR-001,Central,Y,Credit,2,2,23.02
TXN-0012336,ST-TOR-001,Central,Y,Credit,5,3,64.05
TXN-0012337,ST-TOR-001,Central,Y,Credit,4,1,51.40
TXN-0012338,ST-TOR-001,Central,Y,Credit,1,1,10.72
TXN-0012339,ST-TOR-001,Central,Y,Debit,3,3,24.42
TXN-0012340,ST-TOR-001,Central,Y,Debit,1,1,17.39
TXN-0012341,ST-TOR-001,Central,Y,Debit,8,5,50.24
TXN-0012342,ST-TOR-001,Central,N,Credit,4,3,57.66
TXN-0012343,ST-TOR-001,Central,Y,Debit,3,2,25.56
TXN-0012344,ST-TOR-001,Central,Y,Credit,1,1,8.44
TXN-0012345,ST-TOR-001,Central,Y,Credit,7,5,57.25
TXN-0012346,ST-TOR-001,Central,Y,Credit,10,7,79.57
TXN-0012347,ST-TOR-002,Central,Y,Debit,2,2,27.86
TXN-0012348,ST-TOR-002,Central,N,Debit,8,4,59.64
TXN-0012349,ST-TOR-002,Central,N,Credit,2,2,14.41
TXN-0012350,ST-TOR-002,Central,N,Cash,9,6,82.38
TXN-0012351,ST-TOR-002,Central,Y,Cash,9,5,64.27
TXN-0012352,ST-TOR-002,Central,Y,Debit,3,3,31.62
TXN-0012353,ST-TOR-002,Central,Y,Debit,4,4,53.31
TXN-0012354,ST-TOR-002,Central,N,Debit,8,4,76.46
TXN-0012355,ST-TOR-002,Central,Y,Credit,6,4,74.10
TXN-0012356,ST-TOR-002,Central,N,Cash,2,2,8.41
TXN-0012357,ST-TOR-002,Central,Y,Credit,3,3,27.12
TXN-0012358,ST-TOR-002,Central,N,Debit,4,2,25.50
TXN-0012359,ST-TOR-002,Central,Y,Credit,8,4,51.18
TXN-0012360,ST-TOR-002,Central,Y,Credit,2,2,17.43
TXN-0012361,ST-TOR-002,Central,Y,Credit,2,2,27.59
TXN-0012362,ST-SCA-001,Central,Y,Cash,10,5,69.06
TXN-0012363,ST-SCA-001,Central,Y,Debit,5,4,55.96
TXN-0012364,ST-SCA-001,Central,Y,Debit,2,1,29.54
TXN-0012365,ST-SCA-001,Central,N,Credit,5,4,43.62
TXN-0012366,ST-SCA-001,Central,N,Credit,4,2,56.00
TXN-0012367,ST-SCA-001,Central,N,Debit,5,4,39.97
TXN-0012368,ST-SCA-001,Central,Y,Debit,6,4,43.37
TXN-0012369,ST-SCA-001,Central,Y,Credit,4,3,52.54
TXN-0012370,ST-SCA-001,Central,Y,Cash,2,2,22.67
TXN-0012371,ST-MIS-001,Central,Y,Credit,10,5,79.03
TXN-0012372,ST-MIS-001,Central,Y,Mobile,1,1,2.15
TXN-0012373,ST-MIS-001,Central,Y,Cash,6,4,33.38
TXN-0012374,ST-MIS-001,Central,N,Mobile,3,3,32.98
TXN-0012375,ST-MIS-001,Central,Y,Credit,9,3,68.25
TXN-0012376,ST-MIS-001,Central,Y,Credit,9,4,68.93
TXN-0012377,ST-MIS-001,Central,Y,Debit,4,3,30.79
TXN-0012378,ST-BRA-001,Central,Y,Credit,2,2,5.18
TXN-0012379,ST-BRA-001,Central,Y,Credit,7,3,61.91
TXN-0012380,ST-BRA-001,Central,Y,Cash,2,2,6.57
TXN-0012381,ST-BRA-001,Central,N,Credit,6,3,48.52
TXN-0012382,ST-BRA-001,Central,Y,Debit,8,4,85.44
TXN-0012383,ST-BRA-001,Central,N,Debit,7,4,47.70
TXN-0012384,ST-BRA-001,Central,Y,Credit,2,2,21.30
TXN-0012385,ST-BRA-001,Central,Y,Credit,3,2,26.12
TXN-0012386,ST-BRA-001,Central,Y,Cash,2,2,17.12
TXN-0012387,ST-BRA-001,Central,Y,Debit,1,1,3.18
TXN-0012388,ST-BRA-001,Central,Y,Credit,3,2,17.79
TXN-0012389,ST-HAM-001,Central,Y,Credit,5,2,31.91
TXN-0012390,ST-HAM-001,Central,N,Credit,7,4,65.82
TXN-0012391,ST-HAM-001,Central,Y,Cash,11,7,81.59
TXN-0012392,ST-HAM-001,Central,Y,Credit,6,3,38.03
TXN-0012393,ST-HAM-001,Central,N,Debit,4,2,36.04
TXN-0012394,ST-KIT-001,Central,Y,Credit,2,1,11.20
TXN-0012395,ST-KIT-001,Central,N,Credit,2,2,24.01
TXN-0012396,ST-KIT-001,Central,Y,Debit,3,3,13.65
TXN-0012397,ST-KIT-001,Central,Y,Mobile,5,4,43.45
TXN-0012398,ST-KIT-001,Central,N,Debit,10,4,125.84
TXN-0012399,ST-KIT-001,Central,Y,Credit,5,4,35.84
TXN-0012400,ST-KIT-001,Central,N,Debit,4,4,29.33
TXN-0012401,ST-LON-001,Central,Y,Debit,8,3,83.56
TXN-0012402,ST-LON-001,Central,Y,Debit,1,1,5.42
TXN-0012403,ST-LON-001,Central,N,Credit,6,4,74.95
TXN-0012404,ST-LON-001,Central,Y,Credit,3,3,34.16
TXN-0012405,ST-LON-001,Central,N,Credit,1,1,3.28
TXN-0012406,ST-LON-001,Central,Y,Mobile,4,3,46.69
TXN-0012407,ST-LON-001,Central,Y,Credit,3,3,16.68
TXN-0012408,ST-LON-001,Central,Y,Credit,3,2,12.30
TXN-0012409,ST-LON-001,Central,Y,Debit,2,2,20.05
TXN-0012410,ST-OTT-001,Eastern,Y,Debit,3,2,35.05
TXN-0012411,ST-OTT-001,Eastern,N,Debit,5,4,45.59
TXN-0012412,ST-OTT-001,Eastern,N,Debit,5,2,56.50
TXN-0012413,ST-OTT-001,Eastern,Y,Mobile,5,3,53.82
TXN-0012414,ST-OTT-001,Eastern,Y,Credit,4,2,35.30
TXN-0012415,ST-OTT-001,Eastern,Y,Credit,5,4,34.49
TXN-0012416,ST-OTT-001,Eastern,N,Debit,4,2,55.18
TXN-0012417,ST-OTT-001,Eastern,N,Debit,3,2,35.47
TXN-0012418,ST-OTT-001,Eastern,Y,Debit,2,1,23.34
TXN-0012419,ST-OTT-001,Eastern,Y,Credit,2,2,30.17
TXN-0012420,ST-OTT-001,Eastern,Y,Debit,6,4,58.42
TXN-0012421,ST-OTT-002,Eastern,Y,Debit,4,3,25.14
TXN-0012422,ST-OTT-002,Eastern,Y,Credit,2,2,12.89
TXN-0012423,ST-OTT-002,Eastern,Y,Cash,13,7,111.36
TXN-0012424,ST-OTT-002,Eastern,N,Mobile,6,5,51.31
TXN-0012425,ST-OTT-002,Eastern,N,Debit,2,2,29.74
TXN-0012426,ST-OTT-002,Eastern,Y,Credit,10,7,95.80
TXN-0012427,ST-OTT-002,Eastern,Y,Debit,4,3,46.47
TXN-0012428,ST-OTT-002,Eastern,Y,Credit,3,2,19.95
TXN-0012429,ST-CAL-001,Western,Y,Mobile,2,1,6.60
TXN-0012430,ST-CAL-001,Western,Y,Credit,1,1,16.92
TXN-0012431,ST-CAL-001,Western,Y,Debit,4,3,35.73
TXN-0012432,ST-CAL-001,Western,N,Credit,4,3,45.94
TXN-0012433,ST-CAL-001,Western,N,Debit,7,4,87.21
TXN-0012434,ST-CAL-001,Western,N,Debit,9,4,87.18
TXN-0012435,ST-CAL-001,Western,Y,Debit,2,1,6.82
TXN-0012436,ST-CAL-001,Western,Y,Cash,6,3,61.85
TXN-0012437,ST-CAL-001,Western,Y,Credit,3,2,20.85
TXN-0012438,ST-CAL-001,Western,Y,Debit,5,2,36.23
TXN-0012439,ST-CAL-001,Western,Y,Credit,6,3,59.47
TXN-0012440,ST-CAL-001,Western,N,Debit,1,1,3.23
TXN-0012441,ST-CAL-001,Western,N,Debit,4,3,43.09
TXN-0012442,ST-CAL-001,Western,N,Cash,1,1,15.50
TXN-0012443,ST-CAL-001,Western,Y,Cash,2,1,14.20
TXN-0012444,ST-CAL-001,Western,N,Credit,2,1,10.74
TXN-0012445,ST-CAL-001,Western,Y,Credit,8,4,83.66
TXN-0012446,ST-CAL-001,Western,Y,Debit,2,1,25.62
TXN-0012447,ST-CAL-001,Western,Y,Credit,6,4,64.89
TXN-0012448,ST-EDM-001,Western,N,Credit,5,4,61.55
TXN-0012449,ST-EDM-001,Western,Y,Debit,3,2,18.71
TXN-0012450,ST-EDM-001,Western,Y,Credit,12,6,129.07
TXN-0012451,ST-EDM-001,Western,N,Credit,2,2,24.51
TXN-0012452,ST-EDM-001,Western,N,Cash,5,3,48.53
TXN-0012453,ST-EDM-001,Western,N,Debit,12,7,101.98
TXN-0012454,ST-EDM-001,Western,N,Credit,2,2,9.78
TXN-0012455,ST-EDM-001,Western,Y,Credit,3,2,39.86
TXN-0012456,ST-EDM-001,Western,Y,Credit,3,2,37.74
TXN-0012457,ST-EDM-001,Western,Y,Credit,4,3,41.60
TXN-0012458,ST-EDM-001,Western,Y,Credit,1,1,5.31
TXN-0012459,ST-EDM-001,Western,Y,Debit,2,2,29.72
TXN-0012460,ST-EDM-001,Western,Y,Debit,7,3,78.52
TXN-0012461,ST-EDM-001,Western,Y,Credit,2,2,10.30
TXN-0012462,ST-EDM-001,Western,Y,Mobile,5,3,51.73
TXN-0012463,ST-EDM-001,Western,Y,Debit,7,5,54.47
TXN-0012464,ST-TOR-001,Central,Y,Mobile,1,1,1.88
TXN-0012465,ST-TOR-001,Central,Y,Credit,3,2,33.91
TXN-0012466,ST-TOR-001,Central,Y,Debit,5,2,52.85
TXN-0012467,ST-TOR-001,Central,N,Debit,3,3,21.43
TXN-0012468,ST-TOR-001,Central,Y,Credit,7,3,74.29
TXN-0012469,ST-TOR-001,Central,Y,Debit,3,3,17.72
TXN-0012470,ST-TOR-001,Central,Y,Debit,5,5,48.03
TXN-0012471,ST-TOR-001,Central,Y,Debit,5,4,50.76
TXN-0012472,ST-TOR-001,Central,Y,Cash,4,2,65.13
TXN-0012473,ST-TOR-001,Central,N,Debit,3,2,23.83
TXN-0012474,ST-TOR-001,Central,Y,Debit,2,1,21.79
TXN-0012475,ST-TOR-001,Central,N,Credit,8,4,95.07
TXN-0012476,ST-TOR-001,Central,Y,Credit,6,3,73.47
TXN-0012477,ST-TOR-002,Central,Y,Cash,3,3,12.79
TXN-0012478,ST-TOR-002,Central,Y,Debit,1,1,2.27
TXN-0012479,ST-TOR-002,Central,Y,Mobile,7,6,55.72
TXN-0012480,ST-TOR-002,Central,Y,Debit,9,7,99.01
TXN-0012481,ST-TOR-002,Central,Y,Credit,3,3,40.44
TXN-0012482,ST-TOR-002,Central,Y,Cash,1,1,8.70
TXN-0012483,ST-TOR-002,Central,Y,Credit,3,2,37.69
TXN-0012484,ST-TOR-002,Central,Y,Credit,8,7,55.31
TXN-0012485,ST-TOR-002,Central,Y,Credit,2,1,22.34
TXN-0012486,ST-TOR-002,Central,Y,Debit,7,4,65.90
TXN-0012487,ST-SCA-001,Central,Y,Cash,6,6,54.25
TXN-0012488,ST-SCA-001,Central,Y,Credit,1,1,11.53
TXN-0012489,ST-SCA-001,Central,Y,Credit,9,5,113.98
TXN-0012490,ST-SCA-001,Central,N,Debit,3,2,21.41
TXN-0012491,ST-SCA-001,Central,N,Credit,7,5,70.20
TXN-0012492,ST-SCA-001,Central,N,Debit,8,4,96.08
TXN-0012493,ST-SCA-001,Central,Y,Cash,7,4,45.64
TXN-0012494,ST-SCA-001,Central,Y,Credit,6,3,22.98
TXN-0012495,ST-SCA-001,Central,N,Credit,6,4,50.35
TXN-0012496,ST-SCA-001,Central,N,Credit,2,1,10.58
TXN-0012497,ST-SCA-001,Central,Y,Credit,5,3,28.47
TXN-0012498,ST-SCA-001,Central,Y,Debit,1,1,14.43
TXN-0012499,ST-MIS-001,Central,N,Credit,8,5,95.53
TXN-0012500,ST-MIS-001,Central,Y,Credit,9,5,105.87
TXN-0012501,ST-MIS-001,Central,Y,Credit,9,4,76.86
TXN-0012502,ST-MIS-001,Central,Y,Debit,8,5,106.24
TXN-0012503,ST-MIS-001,Central,N,Debit,6,4,35.39
TXN-0012504,ST-MIS-001,Central,Y,Debit,4,3,46.03
TXN-0012505,ST-MIS-001,Central,Y,Debit,3,1,40.62
TXN-0012506,ST-MIS-001,Central,Y,Mobile,7,5,50.10
TXN-0012507,ST-MIS-001,Central,N,Mobile,3,2,40.18
TXN-0012508,ST-MIS-001,Central,Y,Debit,5,3,49.82
TXN-0012509,ST-MIS-001,Central,N,Credit,5,3,32.85
TXN-0012510,ST-MIS-001,Central,Y,Debit,4,2,56.54
TXN-0012511,ST-MIS-001,Central,N,Cash,1,1,3.45
TXN-0012512,ST-MIS-001,Central,Y,Credit,1,1,3.29
TXN-0012513,ST-BRA-001,Central,Y,Credit,4,3,28.00
TXN-0012514,ST-BRA-001,Central,Y,Debit,3,3,22.36
TXN-0012515,ST-BRA-001,Central,Y,Credit,6,3,68.54
TXN-0012516,ST-BRA-001,Central,Y,Cash,3,2,12.54
TXN-0012517,ST-BRA-001,Central,Y,Debit,2,2,25.26
TXN-0012518,ST-BRA-001,Central,Y,Debit,2,1,31.36
TXN-0012519,ST-BRA-001,Central,Y,Mobile,6,3,71.81
TXN-0012520,ST-BRA-001,Central,Y,Credit,6,3,66.81
TXN-0012521,ST-BRA-001,Central,Y,Debit,4,3,26.49
TXN-0012522,ST-BRA-001,Central,N,Cash,4,2,37.88
TXN-0012523,ST-BRA-001,Central,N,Debit,4,4,42.53
TXN-0012524,ST-BRA-001,Central,N,Debit,9,4,74.52
TXN-0012525,ST-BRA-001,Central,N,Debit,3,2,6.83
TXN-0012526,ST-HAM-001,Central,Y,Mobile,4,4,42.79
TXN-0012527,ST-HAM-001,Central,N,Debit,2,2,21.37
TXN-0012528,ST-HAM-001,Central,Y,Mobile,8,5,48.83
TXN-0012529,ST-HAM-001,Central,Y,Debit,3,3,41.23
TXN-0012530,ST-HAM-001,Central,Y,Credit,7,6,84.45
TXN-0012531,ST-HAM-001,Central,N,Debit,5,3,22.07
TXN-0012532,ST-HAM-001,Central,Y,Debit,2,2,12.58
TXN-0012533,ST-KIT-001,Central,N,Credit,4,1,8.84
TXN-0012534,ST-KIT-001,Central,Y,Debit,1,1,2.14
TXN-0012535,ST-KIT-001,Central,Y,Debit,2,2,21.93
TXN-0012536,ST-KIT-001,Central,Y,Mobile,2,1,30.40
TXN-0012537,ST-KIT-001,Central,Y,Credit,3,2,7.88
TXN-0012538,ST-KIT-001,Central,N,Credit,2,2,35.07
TXN-0012539,ST-KIT-001,Central,Y,Debit,10,3,57.20
TXN-0012540,ST-LON-001,Central,Y,Credit,3,2,36.75
TXN-0012541,ST-LON-001,Central,N,Debit,7,5,67.36
TXN-0012542,ST-LON-001,Central,N,Credit,3,1,22.11
TXN-0012543,ST-LON-001,Central,Y,Credit,3,2,37.53
TXN-0012544,ST-LON-001,Central,Y,Credit,4,3,22.07
TXN-0012545,ST-LON-001,Central,Y,Debit,5,3,49.43
TXN-0012546,ST-LON-001,Central,N,Credit,6,3,36.85
TXN-0012547,ST-LON-001,Central,N,Cash,5,3,22.66
TXN-0012548,ST-LON-001,Central,N,Debit,9,5,112.12
TXN-0012549,ST-LON-001,Central,Y,Debit,10,6,53.51
TXN-0012550,ST-OTT-001,Eastern,N,Credit,4,4,43.22
TXN-0012551,ST-OTT-001,Eastern,Y,Credit,7,5,46.22
TXN-0012552,ST-OTT-001,Eastern,N,Mobile,7,5,81.40
TXN-0012553,ST-OTT-001,Eastern,Y,Mobile,5,3,24.55
TXN-0012554,ST-OTT-001,Eastern,N,Mobile,5,3,49.22
TXN-0012555,ST-OTT-001,Eastern,Y,Debit,3,3,31.85
TXN-0012556,ST-OTT-001,Eastern,Y,Debit,3,2,27.85
TXN-0012557,ST-OTT-001,Eastern,Y,Mobile,5,4,55.52
TXN-0012558,ST-OTT-001,Eastern,N,Cash,7,4,64.69
TXN-0012559,ST-OTT-001,Eastern,Y,Cash,2,2,10.73
TXN-0012560,ST-OTT-001,Eastern,Y,Credit,8,5,48.67
TXN-0012561,ST-OTT-001,Eastern,N,Debit,5,2,65.76
TXN-0012562,ST-OTT-001,Eastern,Y,Debit,8,4,66.62
TXN-0012563,ST-OTT-001,Eastern,N,Debit,2,1,6.56
TXN-0012564,ST-OTT-001,Eastern,Y,Debit,7,6,53.79
TXN-0012565,ST-OTT-001,Eastern,Y,Credit,4,3,43.68
TXN-0012566,ST-OTT-001,Eastern,Y,Debit,3,3,26.82
TXN-0012567,ST-OTT-002,Eastern,N,Credit,4,2,21.98
TXN-0012568,ST-OTT-002,Eastern,Y,Credit,2,2,15.93
TXN-0012569,ST-OTT-002,Eastern,N,Credit,2,2,19.72
TXN-0012570,ST-OTT-002,Eastern,N,Debit,4,2,42.73
TXN-0012571,ST-OTT-002,Eastern,Y,Cash,12,6,116.49
TXN-0012572,ST-OTT-002,Eastern,N,Debit,11,6,90.70
TXN-0012573,ST-OTT-002,Eastern,N,Cash,7,5,60.44
TXN-0012574,ST-OTT-002,Eastern,Y,Credit,4,3,40.00
TXN-0012575,ST-OTT-002,Eastern,Y,Credit,3,3,27.61
TXN-0012576,ST-OTT-002,Eastern,N,Credit,2,2,16.83
TXN-0012577,ST-OTT-002,Eastern,Y,Credit,2,1,23.74
TXN-0012578,ST-OTT-002,Eastern,N,Credit,6,4,67.83
TXN-0012579,ST-CAL-001,Western,Y,Credit,2,2,20.54
TXN-0012580,ST-CAL-001,Western,N,Credit,2,2,17.14
TXN-0012581,ST-CAL-001,Western,Y,Debit,4,3,30.66
TXN-0012582,ST-CAL-001,Western,N,Cash,7,4,85.25
TXN-0012583,ST-CAL-001,Western,Y,Credit,4,3,46.19
TXN-0012584,ST-CAL-001,Western,N,Cash,4,2,38.36
TXN-0012585,ST-CAL-001,Western,N,Cash,4,3,51.89
TXN-0012586,ST-CAL-001,Western,N,Credit,4,3,42.01
TXN-0012587,ST-CAL-001,Western,Y,Credit,3,2,45.92
TXN-0012588,ST-CAL-001,Western,Y,Credit,2,2,10.80
TXN-0012589,ST-CAL-001,Western,N,Debit,2,2,7.59
TXN-0012590,ST-CAL-001,Western,N,Debit,1,1,8.49
TXN-0012591,ST-CAL-001,Western,N,Credit,8,4,53.15
TXN-0012592,ST-CAL-001,Western,Y,Credit,2,1,34.64
TXN-0012593,ST-CAL-001,Western,Y,Debit,6,3,42.56
TXN-0012594,ST-EDM-001,Western,Y,Credit,6,3,49.28
TXN-0012595,ST-EDM-001,Western,Y,Credit,7,3,78.86
TXN-0012596,ST-EDM-001,Western,Y,Credit,6,5,66.43
TXN-0012597,ST-EDM-001,Western,Y,Debit,3,3,35.72
TXN-0012598,ST-EDM-001,Western,Y,Debit,7,4,59.30
TXN-0012599,ST-EDM-001,Western,Y,Mobile,1,1,2.55
TXN-0012600,ST-TOR-001,Central,Y,Debit,4,2,40.35
TXN-0012601,ST-TOR-001,Central,Y,Debit,3,3,37.11
TXN-0012602,ST-TOR-001,Central,N,Debit,4,3,29.32
TXN-0012603,ST-TOR-001,Central,Y,Debit,3,3,34.80
TXN-0012604,ST-TOR-001,Central,N,Debit,5,2,50.58
TXN-0012605,ST-TOR-001,Central,N,Mobile,5,3,55.81
TXN-0012606,ST-TOR-001,Central,Y,Credit,4,3,45.25
TXN-0012607,ST-TOR-001,Central,N,Credit,6,4,51.10
TXN-0012608,ST-TOR-001,Central,Y,Credit,4,4,45.19
TXN-0012609,ST-TOR-001,Central,Y,Cash,2,2,29.95
TXN-0012610,ST-TOR-001,Central,Y,Credit,3,2,38.11
TXN-0012611,ST-TOR-001,Central,Y,Credit,2,2,30.13
TXN-0012612,ST-TOR-001,Central,Y,Credit,7,5,38.94
TXN-0012613,ST-TOR-001,Central,Y,Debit,6,4,42.44
TXN-0012614,ST-TOR-001,Central,N,Debit,4,3,31.22
TXN-0012615,ST-TOR-001,Central,Y,Credit,7,6,76.60
TXN-0012616,ST-TOR-001,Central,Y,Debit,8,6,102.19
TXN-0012617,ST-TOR-001,Central,Y,Cash,10,6,111.53
TXN-0012618,ST-TOR-001,Central,Y,Credit,14,7,102.66
TXN-0012619,ST-TOR-002,Central,Y,Credit,7,4,84.69
TXN-0012620,ST-TOR-002,Central,N,Debit,10,6,73.09
TXN-0012621,ST-TOR-002,Central,N,Credit,5,4,33.90
TXN-0012622,ST-TOR-002,Central,Y,Credit,2,2,21.91
TXN-0012623,ST-TOR-002,Central,Y,Cash,5,5,59.80
TXN-0012624,ST-TOR-002,Central,Y,Credit,3,2,39.61
TXN-0012625,ST-TOR-002,Central,N,Debit,3,3,28.99
TXN-0012626,ST-TOR-002,Central,Y,Cash,7,5,96.05
TXN-0012627,ST-TOR-002,Central,Y,Cash,1,1,3.38
TXN-0012628,ST-TOR-002,Central,Y,Debit,3,3,28.35
TXN-0012629,ST-TOR-002,Central,Y,Cash,3,2,25.81
TXN-0012630,ST-TOR-002,Central,N,Credit,4,3,36.07
TXN-0012631,ST-TOR-002,Central,Y,Credit,4,3,50.84
TXN-0012632,ST-TOR-002,Central,Y,Cash,1,1,3.16
TXN-0012633,ST-SCA-001,Central,Y,Credit,8,3,50.82
TXN-0012634,ST-SCA-001,Central,Y,Credit,6,3,69.97
TXN-0012635,ST-SCA-001,Central,N,Credit,6,4,61.04
TXN-0012636,ST-SCA-001,Central,Y,Credit,2,1,22.92
TXN-0012637,ST-SCA-001,Central,Y,Credit,6,3,71.58
TXN-0012638,ST-SCA-001,Central,N,Debit,5,3,45.73
TXN-0012639,ST-SCA-001,Central,N,Cash,1,1,7.97
TXN-0012640,ST-SCA-001,Central,Y,Credit,4,3,22.69
TXN-0012641,ST-SCA-001,Central,Y,Credit,2,2,28.05
TXN-0012642,ST-SCA-001,Central,Y,Credit,7,5,49.33
TXN-0012643,ST-MIS-001,Central,N,Cash,7,4,52.43
TXN-0012644,ST-MIS-001,Central,N,Debit,2,2,19.79
TXN-0012645,ST-MIS-001,Central,Y,Cash,1,1,11.51
TXN-0012646,ST-MIS-001,Central,N,Debit,4,2,11.54
TXN-0012647,ST-MIS-001,Central,N,Debit,6,4,32.38
TXN-0012648,ST-MIS-001,Central,N,Credit,2,2,24.50
TXN-0012649,ST-MIS-001,Central,Y,Credit,8,6,57.09
TXN-0012650,ST-MIS-001,Central,Y,Credit,3,3,27.70
TXN-0012651,ST-MIS-001,Central,Y,Cash,2,2,4.42
TXN-0012652,ST-MIS-001,Central,N,Debit,6,4,49.72
TXN-0012653,ST-MIS-001,Central,Y,Credit,3,3,25.10
TXN-0012654,ST-MIS-001,Central,Y,Credit,4,2,22.58
TXN-0012655,ST-MIS-001,Central,Y,Credit,2,2,7.50
TXN-0012656,ST-MIS-001,Central,Y,Debit,5,3,54.98
TXN-0012657,ST-MIS-001,Central,Y,Debit,4,3,21.63
TXN-0012658,ST-BRA-001,Central,Y,Cash,4,4,52.18
TXN-0012659,ST-BRA-001,Central,Y,Credit,3,2,31.15
TXN-0012660,ST-BRA-001,Central,Y,Mobile,6,4,34.27
TXN-0012661,ST-BRA-001,Central,Y,Credit,4,3,26.13
TXN-0012662,ST-BRA-001,Central,Y,Cash,3,3,37.25
TXN-0012663,ST-BRA-001,Central,Y,Debit,4,4,28.12
TXN-0012664,ST-BRA-001,Central,Y,Credit,6,4,80.02
TXN-0012665,ST-BRA-001,Central,Y,Credit,3,1,44.16
TXN-0012666,ST-HAM-001,Central,Y,Debit,11,5,89.40
TXN-0012667,ST-HAM-001,Central,Y,Credit,6,2,25.98
TXN-0012668,ST-HAM-001,Central,Y,Cash,7,5,71.97
TXN-0012669,ST-HAM-001,Central,Y,Mobile,4,3,43.08
TXN-0012670,ST-HAM-001,Central,N,Debit,6,4,62.24
TXN-0012671,ST-HAM-001,Central,Y,Cash,5,2,21.10
TXN-0012672,ST-HAM-001,Central,N,Credit,10,7,87.20
TXN-0012673,ST-HAM-001,Central,Y,Debit,13,7,131.25
TXN-0012674,ST-HAM-001,Central,Y,Debit,5,3,47.24
TXN-0012675,ST-HAM-001,Central,Y,Credit,4,2,49.72
TXN-0012676,ST-HAM-001,Central,Y,Cash,2,2,34.41
TXN-0012677,ST-KIT-001,Central,N,Credit,3,2,35.95
TXN-0012678,ST-KIT-001,Central,Y,Cash,3,2,9.76
TXN-0012679,ST-KIT-001,Central,Y,Debit,7,4,68.37
TXN-0012680,ST-KIT-001,Central,N,Cash,12,6,99.45
TXN-0012681,ST-KIT-001,Central,Y,Credit,7,3,86.41
TXN-0012682,ST-KIT-001,Central,Y,Debit,5,4,24.25
TXN-0012683,ST-LON-001,Central,Y,Debit,4,4,34.15
TXN-0012684,ST-LON-001,Central,N,Credit,5,2,29.95
TXN-0012685,ST-LON-001,Central,Y,Debit,6,3,39.34
TXN-0012686,ST-LON-001,Central,Y,Credit,2,2,26.43
TXN-0012687,ST-LON-001,Central,Y,Cash,8,3,57.00
TXN-0012688,ST-LON-001,Central,Y,Debit,9,4,80.37
TXN-0012689,ST-OTT-001,Eastern,N,Debit,2,1,22.04
TXN-0012690,ST-OTT-001,Eastern,Y,Credit,1,1,12.39
TXN-0012691,ST-OTT-001,Eastern,Y,Cash,3,2,48.62
TXN-0012692,ST-OTT-001,Eastern,Y,Mobile,7,5,42.38
TXN-0012693,ST-OTT-001,Eastern,Y,Cash,5,2,51.89
TXN-0012694,ST-OTT-001,Eastern,Y,Mobile,5,4,46.19
TXN-0012695,ST-OTT-001,Eastern,Y,Credit,5,3,43.91
TXN-0012696,ST-OTT-001,Eastern,Y,Debit,10,6,102.05
TXN-0012697,ST-OTT-001,Eastern,Y,Credit,1,1,2.14
TXN-0012698,ST-OTT-002,Eastern,N,Debit,4,2,43.42
TXN-0012699,ST-OTT-002,Eastern,Y,Credit,1,1,2.20
TXN-0012700,ST-OTT-002,Eastern,Y,Credit,2,2,13.97
TXN-0012701,ST-OTT-002,Eastern,N,Debit,4,3,11.11
TXN-0012702,ST-OTT-002,Eastern,Y,Credit,5,5,41.54
TXN-0012703,ST-OTT-002,Eastern,Y,Debit,1,1,11.42
TXN-0012704,ST-OTT-002,Eastern,Y,Mobile,2,2,6.67
TXN-0012705,ST-CAL-001,Western,Y,Debit,9,5,69.02
TXN-0012706,ST-CAL-001,Western,N,Credit,3,3,21.44
TXN-0012707,ST-CAL-001,Western,Y,Credit,4,2,69.35
TXN-0012708,ST-CAL-001,Western,N,Debit,2,2,20.54
TXN-0012709,ST-CAL-001,Western,Y,Credit,6,3,55.88
TXN-0012710,ST-CAL-001,Western,N,Credit,1,1,13.70
TXN-0012711,ST-CAL-001,Western,Y,Cash,14,7,158.02
TXN-0012712,ST-CAL-001,Western,Y,Debit,7,3,67.53
TXN-0012713,ST-CAL-001,Western,Y,Credit,2,1,12.62
TXN-0012714,ST-CAL-001,Western,N,Credit,3,3,32.56
TXN-0012715,ST-CAL-001,Western,N,Credit,4,3,57.94
TXN-0012716,ST-EDM-001,Western,Y,Cash,6,3,65.60
TXN-0012717,ST-EDM-001,Western,Y,Credit,3,3,29.61
TXN-0012718,ST-EDM-001,Western,Y,Debit,4,2,21.26
TXN-0012719,ST-EDM-001,Western,N,Credit,7,4,67.13
TXN-0012720,ST-EDM-001,Western,Y,Debit,7,5,52.91
TXN-0012721,ST-EDM-001,Western,Y,Credit,1,1,12.74
TXN-0012722,ST-EDM-001,Western,Y,Debit,2,2,30.60
TXN-0012723,ST-EDM-001,Western,N,Debit,3,2,34.71
TXN-0012724,ST-EDM-001,Western,Y,Debit,2,2,21.74
TXN-0012725,ST-EDM-001,Western,N,Credit,6,2,49.16
